Node,WiD1,WiD2
0,88,1106
1,182,1600
2,55,727
3,180,1878
4,103,1329
5,191,1761
6,27,392
7,31,567
8,42,554
9,28,677
10,40,545
11,29,499
12,27,496
13,57,694
14,37,433
15,64,563
16,18,371
17,95,993
18,24,322
19,106,1063
20,48,653
21,41,560
22,104,860
23,34,348
24,39,577
25,81,841
26,19,219
27,16,231
28,13,314
29,38,603
30,62,585
31,37,488
32,59,450
33,34,385
34,12,196
35,43,445
36,28,433
37,6,307
38,41,577
39,23,358
40,15,228
41,16,314
42,12,132
43,20,204
44,14,195
45,15,238
46,12,254
47,16,190
48,5,138
49,20,167
50,16,199
51,57,706
52,23,327
53,23,234
54,24,308
55,7,117
56,37,489
57,19,379
58,49,423
59,20,325
60,13,210
61,16,366
62,13,247
63,20,370
64,30,286
65,54,417
66,15,191
67,13,143
68,4,135
69,16,232
70,33,331
71,20,174
72,26,363
73,14,227
74,6,142
75,7,228
76,17,255
77,12,204
78,7,174
79,31,244
80,31,238
81,22,129
82,15,207
83,30,261
84,11,329
85,24,274
86,14,134
87,6,259
88,33,308
89,21,297
90,15,221
91,23,138
92,8,297
93,4,54
94,2,154
95,9,303
96,35,371
97,5,170
98,36,312
99,26,342
100,38,356
101,10,230
102,11,194
103,25,299
104,21,393
105,24,236
106,20,176
107,8,71
108,48,344
109,12,104
110,25,190
111,24,334
112,19,194
113,8,248
114,8,86
115,12,111
116,8,104
117,2,75
118,11,107
119,26,379
120,31,220
121,18,162
122,23,274
123,5,113
124,14,144
125,40,284
126,6,310
127,4,232
128,4,219
129,8,127
130,14,257
131,22,145
132,23,157
133,2,165
134,11,234
135,22,154
136,8,103
137,15,191
138,28,218
139,7,192
140,13,202
141,20,202
142,7,156
143,25,262
144,10,111
145,45,420
146,8,119
147,9,151
148,6,98
149,22,173
150,2,139
151,13,336
152,2,205
153,22,350
154,8,194
155,18,380
156,34,273
157,29,155
158,18,204
159,35,274
160,8,137
161,23,345
162,23,305
163,35,212
164,5,134
165,35,410
166,6,70
167,13,92
168,9,151
169,43,306
170,10,88
171,22,165
172,27,187
173,11,86
174,18,198
175,6,244
176,15,110
177,16,178
178,8,77
179,5,66
180,36,414
181,13,176
182,21,206
183,6,90
184,8,172
185,16,216
186,12,113
187,32,217
188,11,192
189,34,246
190,15,91
191,13,96
192,9,223
193,20,331
194,16,120
195,15,178
196,10,251
197,38,341
198,29,219
199,37,236
200,5,107
201,8,82
202,25,241
203,8,84
204,14,149
205,5,249
206,15,178
207,2,103
208,7,281
209,40,236
210,5,152
211,11,171
212,8,85
213,5,43
214,16,234
215,9,78
216,25,358
217,17,125
218,16,139
219,9,143
220,19,174
221,13,108
222,11,121
223,15,123
224,4,123
225,3,60
226,3,55
227,10,112
228,16,166
229,36,246
230,18,188
231,3,45
232,11,124
233,2,58
234,12,190
235,15,117
236,16,153
237,9,119
238,12,106
239,22,315
240,9,181
241,21,310
242,4,76
243,15,169
244,22,330
245,10,91
246,5,228
247,4,103
248,11,141
249,16,185
250,13,198
251,19,137
252,5,62
253,11,124
254,11,106
255,9,94
256,18,202
257,7,94
258,12,77
259,8,125
260,6,85
261,2,57
262,7,79
263,14,148
264,7,193
265,3,299
266,15,176
267,30,237
268,9,62
269,10,267
270,20,155
271,9,75
272,10,85
273,7,241
274,15,138
275,7,87
276,21,313
277,37,248
278,12,266
279,17,380
280,10,239
281,4,160
282,20,178
283,4,220
284,10,106
285,15,203
286,17,117
287,3,66
288,19,144
289,7,127
290,5,239
291,16,177
292,22,177
293,39,216
294,13,90
295,5,101
296,9,81
297,12,259
298,10,58
299,8,147
300,5,88
301,19,132
302,12,163
303,5,217
304,19,126
305,6,93
306,6,113
307,8,236
308,4,29
309,4,242
310,18,109
311,2,200
312,5,47
313,13,116
314,6,53
315,6,99
316,14,271
317,6,70
318,10,280
319,7,193
320,7,93
321,12,129
322,19,126
323,8,70
324,9,328
325,8,70
326,13,160
327,15,163
328,7,225
329,17,169
330,14,184
331,11,111
332,10,109
333,7,82
334,7,71
335,8,65
336,4,42
337,3,73
338,5,66
339,7,147
340,2,209
341,10,100
342,9,109
343,4,152
344,18,127
345,6,43
346,3,85
347,16,137
348,3,208
349,5,84
350,10,88
351,7,268
352,9,103
353,3,46
354,12,230
355,9,79
356,13,101
357,12,250
358,5,140
359,7,73
360,11,88
361,9,106
362,7,155
363,2,53
364,7,175
365,26,171
366,6,64
367,5,287
368,7,88
369,21,154
370,7,62
371,9,79
372,5,139
373,10,81
374,8,50
375,10,78
376,8,44
377,4,131
378,5,77
379,9,121
380,17,104
381,6,67
382,8,71
383,8,300
384,3,54
385,14,155
386,7,50
387,3,230
388,12,180
389,17,116
390,2,61
391,11,93
392,13,82
393,10,66
394,21,123
395,9,73
396,5,81
397,10,79
398,4,65
399,4,34
400,3,57
401,5,40
402,16,123
403,21,275
404,5,29
405,20,117
406,2,60
407,15,112
408,7,100
409,7,59
410,16,79
411,7,82
412,3,58
413,5,50
414,5,220
415,7,50
416,7,62
417,10,90
418,13,88
419,6,45
420,10,244
421,15,161
422,3,73
423,13,110
424,11,144
425,24,316
426,17,131
427,3,146
428,2,39
429,25,193
430,5,250
431,2,103
432,10,113
433,7,84
434,7,52
435,6,77
436,4,223
437,22,123
438,6,58
439,7,58
440,4,74
441,9,101
442,5,77
443,12,122
444,2,77
445,14,293
446,5,232
447,6,106
448,11,89
449,6,77
450,14,154
451,11,77
452,12,141
453,8,139
454,9,70
455,24,130
456,8,74
457,2,107
458,7,59
459,15,113
460,16,134
461,6,129
462,5,57
463,5,126
464,3,46
465,7,259
466,8,157
467,4,108
468,3,91
469,19,348
470,4,56
471,3,38
472,14,92
473,8,54
474,5,45
475,17,107
476,6,71
477,12,68
478,3,38
479,8,167
480,4,189
481,12,131
482,10,241
483,7,93
484,14,110
485,13,103
486,14,135
487,7,93
488,7,44
489,3,76
490,7,151
491,6,134
492,9,72
493,9,82
494,6,55
495,3,45
496,16,121
497,4,42
498,6,41
499,12,118
500,6,75
501,3,51
502,2,97
503,11,88
504,7,94
505,8,116
506,3,34
507,4,227
508,8,77
509,15,166
510,3,37
511,8,54
512,15,126
513,4,88
514,5,69
515,4,84
516,12,168
517,9,106
518,5,83
519,22,140
520,9,65
521,5,245
522,8,54
523,3,215
524,7,64
525,6,52
526,9,69
527,9,60
528,12,104
529,2,14
530,2,68
531,3,69
532,3,29
533,12,88
534,8,73
535,5,210
536,2,77
537,5,234
538,2,12
539,8,47
540,5,39
541,9,86
542,4,61
543,13,78
544,4,78
545,11,94
546,5,57
547,10,243
548,11,65
549,4,65
550,12,61
551,6,35
552,7,62
553,9,259
554,8,99
555,8,89
556,14,160
557,6,99
558,13,82
559,7,56
560,16,124
561,12,113
562,4,149
563,19,268
564,4,27
565,4,212
566,9,131
567,11,77
568,4,24
569,14,76
570,14,118
571,4,129
572,11,82
573,4,209
574,4,218
575,8,54
576,4,204
577,8,222
578,10,75
579,20,120
580,3,234
581,18,102
582,6,73
583,7,208
584,3,35
585,9,118
586,3,89
587,3,28
588,7,105
589,5,48
590,7,75
591,3,43
592,7,45
593,5,110
594,7,56
595,4,119
596,3,13
597,9,60
598,8,109
599,9,82
600,4,238
601,9,72
602,22,106
603,13,97
604,8,219
605,5,72
606,3,81
607,3,50
608,5,34
609,4,43
610,5,43
611,7,71
612,16,171
613,6,69
614,11,58
615,13,80
616,2,234
617,10,250
618,8,92
619,5,134
620,10,76
621,4,49
622,10,81
623,9,100
624,6,45
625,3,51
626,7,92
627,3,305
628,11,227
629,5,56
630,2,49
631,8,61
632,19,133
633,2,74
634,5,207
635,5,96
636,7,56
637,2,25
638,4,73
639,11,67
640,4,32
641,7,42
642,8,72
643,4,48
644,4,33
645,4,211
646,8,83
647,13,235
648,6,89
649,6,65
650,5,113
651,5,55
652,3,49
653,4,383
654,35,195
655,4,115
656,17,138
657,4,74
658,5,100
659,2,226
660,7,146
661,4,60
662,20,102
663,16,169
664,7,83
665,5,115
666,10,99
667,6,66
668,11,74
669,13,101
670,3,52
671,3,143
672,11,63
673,6,58
674,6,59
675,2,121
676,2,34
677,7,70
678,4,33
679,6,35
680,4,223
681,6,143
682,5,70
683,9,101
684,8,137
685,10,105
686,11,106
687,5,33
688,9,109
689,2,20
690,4,204
691,9,56
692,3,38
693,8,223
694,2,92
695,4,45
696,7,39
697,2,31
698,12,85
699,2,12
700,3,70
701,2,18
702,4,43
703,13,252
704,2,19
705,7,52
706,5,48
707,6,57
708,9,93
709,8,225
710,10,139
711,3,26
712,9,148
713,7,37
714,6,61
715,7,50
716,10,92
717,3,50
718,2,25
719,4,119
720,7,145
721,10,111
722,18,307
723,3,56
724,5,75
725,4,77
726,6,211
727,16,249
728,3,113
729,7,92
730,4,205
731,20,150
732,11,144
733,4,52
734,7,42
735,12,239
736,3,31
737,9,124
738,10,145
739,5,35
740,3,59
741,6,53
742,2,200
743,12,111
744,3,122
745,2,29
746,5,32
747,9,105
748,4,215
749,4,26
750,10,67
751,2,53
752,5,53
753,3,20
754,4,63
755,3,71
756,8,77
757,12,240
758,2,35
759,8,88
760,3,29
761,12,60
762,3,30
763,3,47
764,6,37
765,7,123
766,9,82
767,7,212
768,11,74
769,9,240
770,5,227
771,4,49
772,5,54
773,9,69
774,4,62
775,3,62
776,5,67
777,4,131
778,2,57
779,11,105
780,8,212
781,6,110
782,6,90
783,9,77
784,5,28
785,2,21
786,6,184
787,7,70
788,7,213
789,6,53
790,2,18
791,5,57
792,6,40
793,6,47
794,13,114
795,4,45
796,2,13
797,4,203
798,3,33
799,4,227
800,4,34
801,10,59
802,7,80
803,6,141
804,2,48
805,11,69
806,5,52
807,7,132
808,4,125
809,6,75
810,10,93
811,15,165
812,5,42
813,7,72
814,7,49
815,10,57
816,5,95
817,12,81
818,11,106
819,3,78
820,4,51
821,4,70
822,3,44
823,3,222
824,3,83
825,7,209
826,13,87
827,5,37
828,4,37
829,4,179
830,7,54
831,4,42
832,7,45
833,6,57
834,5,36
835,2,199
836,6,66
837,13,243
838,7,54
839,5,43
840,12,88
841,4,37
842,4,125
843,3,76
844,9,77
845,6,55
846,3,81
847,2,62
848,5,55
849,4,39
850,7,63
851,7,88
852,9,80
853,6,87
854,6,164
855,7,223
856,4,37
857,4,44
858,4,255
859,10,63
860,8,108
861,2,82
862,5,64
863,3,117
864,4,87
865,14,247
866,9,63
867,7,234
868,7,67
869,4,155
870,2,30
871,3,38
872,5,50
873,5,44
874,7,132
875,13,113
876,3,47
877,4,80
878,14,100
879,7,124
880,5,81
881,4,36
882,2,37
883,17,101
884,2,211
885,4,43
886,8,48
887,4,202
888,4,93
889,4,39
890,19,134
891,8,137
892,7,70
893,4,31
894,5,136
895,6,211
896,3,22
897,4,23
898,4,91
899,5,49
900,5,55
901,13,83
902,6,63
903,7,103
904,8,74
905,8,245
906,2,36
907,4,30
908,4,43
909,4,39
910,3,193
911,8,50
912,4,43
913,10,71
914,4,26
915,6,237
916,3,61
917,2,58
918,2,107
919,4,37
920,4,67
921,3,68
922,2,29
923,8,58
924,4,118
925,4,76
926,3,192
927,10,107
928,2,33
929,10,68
930,2,29
931,8,78
932,6,60
933,3,34
934,7,93
935,3,60
936,3,50
937,7,52
938,4,33
939,7,124
940,7,61
941,9,47
942,2,31
943,2,148
944,8,70
945,3,64
946,2,22
947,9,112
948,6,209
949,3,20
950,2,37
951,12,81
952,9,128
953,6,41
954,3,48
955,5,45
956,10,51
957,2,198
958,9,51
959,5,37
960,8,43
961,2,49
962,4,217
963,4,40
964,9,52
965,2,62
966,5,68
967,3,24
968,7,56
969,7,33
970,6,51
971,10,124
972,2,58
973,9,220
974,6,58
975,4,143
976,3,28
977,5,61
978,9,68
979,7,51
980,9,56
981,9,148
982,2,28
983,2,51
984,6,86
985,6,38
986,6,54
987,5,253
988,2,67
989,11,59
990,9,236
991,2,21
992,2,45
993,9,41
994,4,33
995,3,214
996,6,39
997,5,57
998,3,59
999,6,38
1000,4,51
1001,5,50
1002,14,84
1003,6,56
1004,3,36
1005,5,248
1006,5,50
1007,10,53
1008,8,45
1009,7,153
1010,5,64
1011,4,24
1012,3,85
1013,9,112
1014,2,48
1015,8,86
1016,5,34
1017,3,212
1018,4,81
1019,5,37
1020,6,83
1021,6,33
1022,8,43
1023,2,44
1024,10,130
1025,3,37
1026,3,76
1027,3,64
1028,6,42
1029,3,30
1030,8,71
1031,5,31
1032,7,40
1033,4,38
1034,3,42
1035,2,222
1036,5,133
1037,8,145
1038,4,43
1039,6,49
1040,4,209
1041,3,42
1042,4,51
1043,4,61
1044,4,58
1045,4,20
1046,5,87
1047,3,203
1048,6,163
1049,8,111
1050,5,49
1051,3,200
1052,4,56
1053,3,48
1054,2,191
1055,5,39
1056,6,68
1057,6,45
1058,5,29
1059,4,27
1060,2,24
1061,4,77
1062,4,197
1063,6,76
1064,4,54
1065,17,88
1066,4,46
1067,9,50
1068,3,32
1069,5,44
1070,5,44
1071,2,25
1072,4,80
1073,5,36
1074,5,31
1075,5,62
1076,5,55
1077,2,30
1078,2,22
1079,10,73
1080,8,104
1081,3,96
1082,6,32
1083,7,134
1084,4,38
1085,6,41
1086,6,31
1087,2,76
1088,3,72
1089,6,72
1090,2,26
1091,7,105
1092,8,52
1093,5,39
1094,3,19
1095,3,102
1096,6,214
1097,9,43
1098,2,101
1099,6,42
1100,4,38
1101,2,76
1102,9,107
1103,4,77
1104,5,40
1105,5,65
1106,4,43
1107,4,30
1108,3,51
1109,2,46
1110,4,122
1111,4,123
1112,5,47
1113,2,45
1114,8,138
1115,2,120
1116,8,51
1117,6,214
1118,3,280
1119,2,22
1120,8,51
1121,6,223
1122,5,36
1123,14,94
1124,3,41
1125,8,113
1126,12,77
1127,2,193
1128,15,111
1129,2,19
1130,4,39
1131,3,66
1132,14,63
1133,6,28
1134,5,235
1135,8,55
1136,8,57
1137,5,24
1138,8,59
1139,13,67
1140,2,65
1141,10,67
1142,7,58
1143,4,208
1144,3,41
1145,2,47
1146,3,19
1147,7,45
1148,2,47
1149,6,309
1150,3,204
1151,4,56
1152,5,51
1153,8,218
1154,9,246
1155,6,41
1156,2,37
1157,6,109
1158,7,71
1159,4,39
1160,6,35
1161,7,50
1162,9,153
1163,6,50
1164,6,93
1165,5,124
1166,3,107
1167,4,120
1168,12,102
1169,4,23
1170,6,126
1171,6,54
1172,3,25
1173,5,46
1174,2,28
1175,4,38
1176,5,205
1177,5,128
1178,4,111
1179,5,76
1180,6,49
1181,6,243
1182,7,41
1183,2,97
1184,7,70
1185,9,67
1186,6,35
1187,8,48
1188,5,33
1189,5,42
1190,5,61
1191,3,33
1192,2,128
1193,9,85
1194,3,130
1195,2,191
1196,6,71
1197,4,82
1198,4,88
1199,3,29
1200,7,38
1201,3,255
1202,5,58
1203,4,31
1204,9,64
1205,11,71
1206,7,70
1207,5,42
1208,2,188
1209,2,18
1210,2,30
1211,2,61
1212,6,58
1213,4,43
1214,2,24
1215,2,55
1216,10,116
1217,2,46
1218,4,51
1219,5,39
1220,2,118
1221,2,16
1222,9,48
1223,5,45
1224,4,32
1225,8,44
1226,7,220
1227,8,36
1228,4,33
1229,2,39
1230,2,60
1231,2,37
1232,5,219
1233,2,198
1234,5,202
1235,7,53
1236,4,26
1237,3,29
1238,4,65
1239,2,85
1240,5,26
1241,4,29
1242,6,41
1243,11,117
1244,2,17
1245,4,33
1246,5,81
1247,3,72
1248,5,42
1249,10,71
1250,7,54
1251,15,64
1252,6,49
1253,2,15
1254,8,44
1255,6,130
1256,6,53
1257,2,20
1258,4,23
1259,3,120
1260,10,47
1261,3,196
1262,4,93
1263,3,39
1264,5,28
1265,2,22
1266,7,51
1267,2,46
1268,2,17
1269,3,27
1270,5,128
1271,5,37
1272,9,56
1273,6,41
1274,4,61
1275,4,53
1276,3,21
1277,7,53
1278,2,21
1279,3,128
1280,4,70
1281,4,47
1282,7,42
1283,3,32
1284,2,31
1285,2,66
1286,8,91
1287,7,45
1288,6,62
1289,4,41
1290,2,38
1291,4,195
1292,6,33
1293,10,68
1294,2,33
1295,12,163
1296,7,250
1297,3,203
1298,2,67
1299,3,35
1300,5,47
1301,4,72
1302,4,24
1303,14,75
1304,5,120
1305,3,46
1306,7,210
1307,9,228
1308,2,198
1309,5,68
1310,3,24
1311,3,123
1312,6,47
1313,6,33
1314,9,44
1315,4,214
1316,4,202
1317,6,301
1318,4,30
1319,3,27
1320,3,195
1321,6,56
1322,4,54
1323,10,71
1324,2,214
1325,3,41
1326,3,69
1327,3,57
1328,4,46
1329,5,34
1330,7,100
1331,4,106
1332,7,62
1333,5,44
1334,4,29
1335,4,56
1336,8,46
1337,4,58
1338,10,51
1339,5,49
1340,4,79
1341,15,69
1342,2,17
1343,2,195
1344,3,52
1345,5,32
1346,4,23
1347,4,33
1348,11,60
1349,2,19
1350,6,46
1351,2,30
1352,5,242
1353,6,35
1354,3,52
1355,3,69
1356,2,27
1357,2,78
1358,3,36
1359,3,34
1360,2,28
1361,6,59
1362,17,105
1363,4,127
1364,4,63
1365,9,48
1366,9,77
1367,3,41
1368,6,127
1369,6,78
1370,6,33
1371,4,55
1372,9,91
1373,4,123
1374,6,28
1375,8,47
1376,5,24
1377,6,32
1378,2,22
1379,3,24
1380,5,156
1381,4,51
1382,3,27
1383,6,41
1384,3,22
1385,4,54
1386,6,65
1387,2,18
1388,6,139
1389,7,58
1390,6,38
1391,4,77
1392,8,104
1393,10,99
1394,7,51
1395,3,31
1396,7,79
1397,5,78
1398,3,34
1399,4,24
1400,2,20
1401,5,73
1402,2,16
1403,4,231
1404,4,73
1405,7,36
1406,2,32
1407,4,45
1408,5,40
1409,2,68
1410,3,209
1411,6,51
1412,2,23
1413,6,56
1414,6,40
1415,7,47
1416,4,54
1417,2,98
1418,2,28
1419,6,220
1420,5,52
1421,10,132
1422,4,34
1423,4,51
1424,4,25
1425,2,69
1426,2,19
1427,4,78
1428,5,28
1429,6,225
1430,2,76
1431,3,27
1432,12,69
1433,4,33
1434,4,28
1435,3,220
1436,4,35
1437,12,84
1438,3,28
1439,5,52
1440,4,28
1441,2,27
1442,4,122
1443,3,52
1444,12,88
1445,3,121
1446,4,20
1447,5,48
1448,4,205
1449,2,47
1450,4,76
1451,2,21
1452,3,32
1453,4,24
1454,5,63
1455,3,40
1456,2,69
1457,8,71
1458,4,40
1459,4,23
1460,6,67
1461,2,40
1462,2,71
1463,3,35
1464,4,305
1465,5,32
1466,2,114
1467,8,49
1468,7,60
1469,7,81
1470,4,310
1471,4,85
1472,3,24
1473,3,22
1474,5,24
1475,4,29
1476,7,36
1477,5,58
1478,5,33
1479,7,54
1480,3,245
1481,8,43
1482,5,31
1483,3,15
1484,6,34
1485,6,77
1486,3,198
1487,7,39
1488,4,39
1489,7,67
1490,3,230
1491,12,91
1492,2,14
1493,2,14
1494,5,59
1495,5,53
1496,3,38
1497,4,24
1498,7,29
1499,2,12
1500,5,53
1501,2,18
1502,7,34
1503,6,82
1504,8,208
1505,3,18
1506,2,15
1507,8,84
1508,5,56
1509,3,78
1510,5,21
1511,4,29
1512,8,223
1513,3,41
1514,3,41
1515,2,16
1516,2,96
1517,4,33
1518,5,71
1519,9,47
1520,2,64
1521,4,28
1522,3,33
1523,2,47
1524,4,32
1525,3,78
1526,2,52
1527,2,34
1528,7,50
1529,2,33
1530,4,56
1531,7,91
1532,7,110
1533,3,43
1534,6,28
1535,7,147
1536,5,26
1537,4,65
1538,5,52
1539,6,34
1540,6,24
1541,4,24
1542,2,16
1543,4,35
1544,2,16
1545,2,165
1546,9,51
1547,8,34
1548,2,23
1549,4,23
1550,7,65
1551,5,92
1552,5,58
1553,10,66
1554,8,49
1555,6,43
1556,10,231
1557,2,128
1558,6,30
1559,4,119
1560,3,53
1561,3,39
1562,4,204
1563,4,29
1564,4,299
1565,7,61
1566,2,46
1567,3,37
1568,2,25
1569,3,116
1570,2,45
1571,2,142
1572,3,33
1573,3,115
1574,2,46
1575,4,38
1576,7,213
1577,3,26
1578,6,38
1579,5,120
1580,5,27
1581,7,48
1582,6,24
1583,6,32
1584,7,108
1585,5,55
1586,9,40
1587,4,27
1588,9,56
1589,6,208
1590,5,218
1591,3,21
1592,2,21
1593,4,28
1594,5,27
1595,5,46
1596,4,44
1597,3,101
1598,5,132
1599,6,59
1600,6,43
1601,4,47
1602,4,50
1603,4,60
1604,5,26
1605,3,33
1606,2,189
1607,6,26
1608,5,69
1609,6,204
1610,6,45
1611,7,75
1612,5,27
1613,5,35
1614,4,122
1615,4,41
1616,7,246
1617,5,105
1618,3,24
1619,5,66
1620,6,52
1621,4,52
1622,6,32
1623,3,206
1624,8,59
1625,6,41
1626,5,46
1627,9,54
1628,4,56
1629,3,71
1630,6,63
1631,3,23
1632,5,45
1633,4,64
1634,7,78
1635,4,197
1636,2,34
1637,2,50
1638,11,93
1639,6,54
1640,2,49
1641,3,37
1642,4,205
1643,11,93
1644,2,32
1645,4,52
1646,7,40
1647,3,16
1648,5,26
1649,3,41
1650,12,71
1651,4,23
1652,5,46
1653,2,198
1654,6,204
1655,2,39
1656,3,125
1657,4,41
1658,6,233
1659,2,37
1660,3,18
1661,6,102
1662,6,88
1663,6,37
1664,2,45
1665,2,16
1666,5,27
1667,8,30
1668,6,68
1669,3,27
1670,4,23
1671,4,45
1672,4,78
1673,3,27
1674,2,54
1675,5,67
1676,14,92
1677,5,72
1678,5,51
1679,4,31
1680,4,122
1681,3,29
1682,4,50
1683,4,36
1684,5,37
1685,2,57
1686,6,129
1687,5,227
1688,3,28
1689,5,70
1690,3,44
1691,6,37
1692,3,36
1693,2,23
1694,9,220
1695,3,16
1696,8,51
1697,11,75
1698,2,11
1699,3,27
1700,3,23
1701,7,61
1702,5,47
1703,2,51
1704,2,35
1705,5,37
1706,2,38
1707,2,21
1708,4,37
1709,3,39
1710,3,108
1711,2,32
1712,5,49
1713,6,42
1714,7,40
1715,4,91
1716,7,48
1717,5,41
1718,10,80
1719,3,31
1720,3,115
1721,3,28
1722,3,50
1723,2,43
1724,4,42
1725,6,52
1726,3,76
1727,4,57
1728,4,27
1729,2,22
1730,6,37
1731,10,97
1732,8,78
1733,4,120
1734,2,17
1735,2,21
1736,4,28
1737,5,79
1738,2,42
1739,4,52
1740,6,38
1741,5,208
1742,3,51
1743,2,56
1744,5,34
1745,3,29
1746,2,57
1747,6,28
1748,2,31
1749,3,44
1750,3,41
1751,7,39
1752,6,36
1753,2,50
1754,3,30
1755,2,14
1756,5,26
1757,5,30
1758,4,40
1759,3,50
1760,4,65
1761,3,114
1762,9,34
1763,2,14
1764,7,223
1765,4,26
1766,3,33
1767,9,79
1768,5,71
1769,3,47
1770,9,60
1771,5,119
1772,4,25
1773,2,30
1774,5,29
1775,7,84
1776,3,24
1777,7,168
1778,4,34
1779,7,60
1780,3,16
1781,2,43
1782,6,57
1783,2,102
1784,3,33
1785,5,70
1786,6,30
1787,2,81
1788,8,36
1789,5,29
1790,6,26
1791,4,57
1792,2,74
1793,3,137
1794,2,18
1795,2,19
1796,4,30
1797,3,20
1798,6,57
1799,4,47
1800,6,45
1801,3,19
1802,3,35
1803,5,32
1804,4,34
1805,4,34
1806,9,67
1807,3,52
1808,8,76
1809,4,24
1810,3,28
1811,2,151
1812,3,43
1813,3,20
1814,4,40
1815,5,225
1816,2,18
1817,3,203
1818,6,69
1819,3,63
1820,4,37
1821,3,50
1822,3,75
1823,3,48
1824,4,19
1825,3,113
1826,2,15
1827,3,61
1828,8,37
1829,2,13
1830,9,51
1831,4,29
1832,6,48
1833,2,28
1834,6,207
1835,8,240
1836,3,20
1837,8,37
1838,3,22
1839,5,27
1840,6,64
1841,4,64
1842,2,24
1843,5,25
1844,4,41
1845,3,17
1846,2,64
1847,6,43
1848,4,54
1849,2,117
1850,2,19
1851,2,19
1852,4,25
1853,3,95
1854,7,127
1855,5,32
1856,3,202
1857,2,19
1858,4,41
1859,3,23
1860,4,49
1861,11,73
1862,5,59
1863,2,23
1864,2,42
1865,3,28
1866,4,29
1867,6,29
1868,2,34
1869,4,24
1870,7,44
1871,4,33
1872,3,28
1873,3,205
1874,4,33
1875,2,28
1876,5,250
1877,5,126
1878,3,37
1879,6,39
1880,4,27
1881,4,54
1882,3,45
1883,2,30
1884,3,83
1885,2,13
1886,4,208
1887,5,122
1888,2,22
1889,2,83
1890,6,45
1891,2,37
1892,5,47
1893,2,54
1894,4,30
1895,2,15
1896,2,15
1897,4,35
1898,4,32
1899,5,63
1900,2,10
1901,4,23
1902,4,67
1903,3,40
1904,5,208
1905,3,95
1906,3,16
1907,3,42
1908,3,20
1909,3,58
1910,3,46
1911,5,58
1912,9,60
1913,2,41
1914,2,24
1915,3,33
1916,4,43
1917,3,59
1918,2,42
1919,5,202
1920,5,61
1921,3,48
1922,7,38
1923,2,46
1924,3,65
1925,4,23
1926,2,22
1927,5,43
1928,4,20
1929,4,29
1930,6,40
1931,4,21
1932,5,47
1933,7,29
1934,2,20
1935,3,35
1936,2,99
1937,3,45
1938,3,60
1939,4,42
1940,7,40
1941,4,22
1942,2,28
1943,3,83
1944,4,62
1945,3,24
1946,3,29
1947,2,11
1948,3,24
1949,6,45
1950,3,16
1951,6,38
1952,4,42
1953,8,126
1954,2,58
1955,6,38
1956,6,45
1957,4,29
1958,3,55
1959,4,59
1960,3,38
1961,2,21
1962,7,29
1963,3,21
1964,3,21
1965,3,29
1966,5,44
1967,3,104
1968,3,35
1969,4,45
1970,2,25
1971,3,20
1972,4,28
1973,5,28
1974,6,128
1975,4,60
1976,5,53
1977,3,67
1978,2,192
1979,2,19
1980,7,30
1981,6,79
1982,7,43
1983,3,31
1984,10,39
1985,3,90
1986,3,195
1987,3,49
1988,2,29
1989,2,50
1990,3,29
1991,4,16
1992,6,35
1993,5,203
1994,4,32
1995,9,41
1996,4,25
1997,8,44
1998,3,121
1999,2,30
2000,4,45
2001,6,50
2002,3,30
2003,2,112
2004,3,23
2005,2,41
2006,12,76
2007,2,59
2008,7,134
2009,2,12
2010,3,63
2011,3,68
2012,6,202
2013,2,25
2014,4,57
2015,5,37
2016,3,22
2017,3,58
2018,11,53
2019,3,22
2020,3,25
2021,4,103
2022,6,42
2023,5,44
2024,7,37
2025,6,41
2026,2,53
2027,2,27
2028,6,27
2029,3,41
2030,3,71
2031,2,30
2032,5,204
2033,4,36
2034,4,52
2035,5,46
2036,3,19
2037,3,18
2038,2,26
2039,3,46
2040,11,65
2041,6,26
2042,3,20
2043,4,64
2044,9,53
2045,5,31
2046,2,53
2047,3,14
2048,5,38
2049,7,32
2050,6,50
2051,2,25
2052,3,28
2053,2,125
2054,4,56
2055,3,36
2056,6,230
2057,6,67
2058,2,40
2059,4,110
2060,3,27
2061,4,196
2062,3,48
2063,3,201
2064,5,46
2065,2,81
2066,9,62
2067,3,24
2068,6,149
2069,3,29
2070,7,54
2071,3,55
2072,5,33
2073,4,97
2074,4,27
2075,2,19
2076,7,59
2077,3,78
2078,6,36
2079,5,32
2080,5,52
2081,6,29
2082,4,24
2083,5,202
2084,2,31
2085,2,12
2086,3,42
2087,7,61
2088,7,56
2089,5,98
2090,8,41
2091,2,16
2092,6,47
2093,2,38
2094,4,50
2095,6,22
2096,4,51
2097,2,23
2098,2,15
2099,3,40
2100,8,39
2101,2,212
2102,2,33
2103,3,19
2104,3,49
2105,2,24
2106,2,39
2107,4,62
2108,3,38
2109,3,72
2110,2,42
2111,3,19
2112,3,23
2113,3,13
2114,3,26
2115,2,31
2116,2,53
2117,2,71
2118,8,41
2119,3,18
2120,6,38
2121,5,66
2122,4,26
2123,4,27
2124,3,24
2125,2,208
2126,2,47
2127,5,28
2128,5,25
2129,7,35
2130,6,33
2131,6,161
2132,7,37
2133,3,24
2134,4,43
2135,2,29
2136,7,55
2137,5,27
2138,5,48
2139,2,25
2140,8,33
2141,2,32
2142,2,29
2143,5,208
2144,2,37
2145,2,22
2146,6,229
2147,8,38
2148,4,43
2149,3,15
2150,9,41
2151,5,41
2152,5,25
2153,2,13
2154,2,20
2155,2,30
2156,4,36
2157,2,20
2158,3,17
2159,4,75
2160,2,27
2161,6,29
2162,3,119
2163,2,19
2164,2,28
2165,7,39
2166,3,46
2167,3,41
2168,5,210
2169,3,201
2170,4,122
2171,3,20
2172,3,25
2173,3,28
2174,7,34
2175,5,36
2176,4,20
2177,10,51
2178,2,43
2179,4,67
2180,6,58
2181,3,20
2182,6,42
2183,2,89
2184,2,14
2185,4,51
2186,7,43
2187,5,22
2188,3,110
2189,3,54
2190,4,32
2191,2,76
2192,3,27
2193,3,20
2194,7,206
2195,2,21
2196,4,31
2197,2,45
2198,5,42
2199,2,236
2200,4,34
2201,5,28
2202,5,31
2203,7,40
2204,5,57
2205,7,54
2206,2,46
2207,4,34
2208,3,17
2209,2,34
2210,2,61
2211,3,36
2212,6,37
2213,3,29
2214,4,49
2215,5,21
2216,5,47
2217,11,94
2218,7,102
2219,3,80
2220,3,29
2221,4,57
2222,2,18
2223,3,18
2224,3,72
2225,6,27
2226,2,28
2227,4,48
2228,6,29
2229,5,37
2230,3,66
2231,2,21
2232,9,91
2233,2,51
2234,3,24
2235,4,50
2236,2,53
2237,3,127
2238,4,41
2239,2,13
2240,3,61
2241,2,17
2242,2,43
2243,5,33
2244,3,30
2245,6,48
2246,2,62
2247,2,19
2248,4,123
2249,2,36
2250,5,96
2251,2,11
2252,3,33
2253,2,31
2254,4,28
2255,2,53
2256,7,26
2257,2,41
2258,3,114
2259,4,25
2260,4,38
2261,5,42
2262,5,239
2263,3,30
2264,3,44
2265,5,39
2266,3,38
2267,3,27
2268,3,213
2269,3,29
2270,4,56
2271,4,39
2272,5,35
2273,5,28
2274,4,31
2275,6,125
2276,2,93
2277,3,33
2278,3,75
2279,6,80
2280,6,58
2281,3,48
2282,4,100
2283,2,23
2284,4,103
2285,3,32
2286,4,28
2287,2,47
2288,3,19
2289,2,27
2290,4,29
2291,2,34
2292,7,42
2293,3,39
2294,7,40
2295,2,191
2296,2,123
2297,2,22
2298,5,73
2299,5,62
2300,9,38
2301,3,15
2302,3,84
2303,7,67
2304,3,99
2305,2,37
2306,2,14
2307,3,19
2308,5,32
2309,2,13
2310,3,22
2311,5,59
2312,2,30
2313,7,123
2314,4,22
2315,4,17
2316,3,35
2317,2,13
2318,13,228
2319,2,64
2320,3,13
2321,3,32
2322,10,69
2323,2,77
2324,2,55
2325,4,220
2326,4,122
2327,3,28
2328,8,64
2329,5,25
2330,2,27
2331,3,39
2332,4,194
2333,3,34
2334,2,17
2335,2,16
2336,2,40
2337,2,61
2338,2,47
2339,3,15
2340,5,172
2341,6,33
2342,3,54
2343,7,45
2344,4,39
2345,8,38
2346,2,14
2347,6,65
2348,3,119
2349,5,60
2350,3,41
2351,3,25
2352,6,83
2353,3,23
2354,10,81
2355,6,38
2356,2,75
2357,3,92
2358,2,11
2359,6,27
2360,2,22
2361,4,38
2362,5,28
2363,4,107
2364,4,71
2365,7,30
2366,5,205
2367,2,31
2368,4,52
2369,2,66
2370,4,20
2371,3,74
2372,4,29
2373,2,199
2374,5,44
2375,3,41
2376,3,73
2377,5,29
2378,3,20
2379,8,89
2380,2,42
2381,6,37
2382,6,25
2383,3,44
2384,3,66
2385,2,22
2386,2,23
2387,2,27
2388,4,31
2389,2,241
2390,2,23
2391,2,40
2392,7,64
2393,3,201
2394,4,35
2395,7,45
2396,2,25
2397,2,20
2398,3,55
2399,2,44
2400,3,24
2401,2,122
2402,3,34
2403,3,51
2404,4,25
2405,5,230
2406,4,30
2407,2,23
2408,4,15
2409,3,16
2410,2,33
2411,5,29
2412,5,38
2413,2,38
2414,2,109
2415,4,41
2416,2,42
2417,4,39
2418,2,14
2419,2,24
2420,3,20
2421,3,32
2422,4,26
2423,3,68
2424,10,63
2425,4,42
2426,3,24
2427,4,27
2428,4,25
2429,3,28
2430,2,62
2431,2,53
2432,3,42
2433,5,68
2434,6,57
2435,3,14
2436,2,24
2437,3,93
2438,2,98
2439,4,83
2440,4,46
2441,7,63
2442,4,24
2443,2,40
2444,2,39
2445,2,14
2446,3,209
2447,2,17
2448,2,124
2449,2,40
2450,3,55
2451,3,26
2452,3,70
2453,2,21
2454,5,26
2455,7,28
2456,2,11
2457,4,45
2458,4,198
2459,2,197
2460,7,45
2461,2,28
2462,4,34
2463,4,20
2464,3,118
2465,3,22
2466,4,32
2467,3,15
2468,3,198
2469,3,75
2470,3,25
2471,2,52
2472,3,20
2473,3,44
2474,3,39
2475,2,26
2476,3,47
2477,3,273
2478,4,32
2479,2,89
2480,3,124
2481,5,58
2482,4,24
2483,6,70
2484,2,12
2485,3,17
2486,5,163
2487,5,52
2488,6,32
2489,3,16
2490,6,32
2491,3,113
2492,3,27
2493,3,78
2494,2,63
2495,3,51
2496,2,75
2497,5,118
2498,3,44
2499,4,33
2500,2,44
2501,3,46
2502,4,86
2503,5,44
2504,4,61
2505,3,27
2506,5,31
2507,4,26
2508,7,154
2509,4,44
2510,2,20
2511,2,36
2512,5,31
2513,2,51
2514,2,76
2515,2,21
2516,5,25
2517,4,59
2518,2,36
2519,3,84
2520,2,29
2521,7,229
2522,5,48
2523,2,27
2524,2,30
2525,5,127
2526,4,49
2527,2,10
2528,3,16
2529,2,9
2530,2,49
2531,5,83
2532,5,35
2533,3,20
2534,4,26
2535,3,23
2536,6,30
2537,3,52
2538,3,36
2539,3,16
2540,4,23
2541,5,204
2542,4,24
2543,3,32
2544,3,51
2545,3,46
2546,2,40
2547,2,97
2548,2,47
2549,6,50
2550,2,80
2551,12,61
2552,3,47
2553,3,21
2554,5,39
2555,3,30
2556,2,14
2557,3,46
2558,3,223
2559,5,23
2560,4,203
2561,7,40
2562,3,21
2563,4,47
2564,3,118
2565,2,15
2566,3,25
2567,4,84
2568,3,34
2569,5,37
2570,4,84
2571,2,16
2572,2,201
2573,2,13
2574,5,60
2575,5,36
2576,2,32
2577,4,29
2578,2,192
2579,2,35
2580,2,121
2581,3,33
2582,4,47
2583,2,17
2584,2,59
2585,3,23
2586,4,196
2587,3,18
2588,2,53
2589,4,33
2590,3,18
2591,4,20
2592,4,63
2593,3,17
2594,4,77
2595,6,28
2596,3,31
2597,3,75
2598,2,37
2599,5,73
2600,5,53
2601,6,30
2602,2,18
2603,2,52
2604,6,35
2605,2,19
2606,2,16
2607,2,190
2608,6,38
2609,3,22
2610,2,15
2611,3,19
2612,6,32
2613,3,21
2614,4,105
2615,3,36
2616,7,31
2617,2,22
2618,5,20
2619,2,16
2620,5,28
2621,2,12
2622,5,41
2623,4,16
2624,2,25
2625,3,114
2626,3,39
2627,3,16
2628,4,36
2629,2,37
2630,2,24
2631,3,49
2632,2,188
2633,3,23
2634,3,15
2635,4,31
2636,2,16
2637,5,39
2638,4,228
2639,4,204
2640,3,28
2641,5,69
2642,2,18
2643,5,85
2644,6,45
2645,4,26
2646,3,29
2647,6,33
2648,2,114
2649,6,50
2650,7,82
2651,3,15
2652,3,31
2653,7,94
2654,5,33
2655,3,16
2656,2,20
2657,2,119
2658,5,42
2659,2,20
2660,2,20
2661,6,51
2662,3,20
2663,2,196
2664,2,88
2665,6,37
2666,3,18
2667,4,21
2668,3,107
2669,3,24
2670,2,14
2671,5,61
2672,3,81
2673,2,17
2674,3,18
2675,3,102
2676,5,52
2677,2,31
2678,2,21
2679,4,30
2680,3,63
2681,3,58
2682,4,85
2683,3,58
2684,3,52
2685,2,71
2686,3,35
2687,2,23
2688,2,16
2689,2,12
2690,2,13
2691,2,97
2692,4,22
2693,5,42
2694,3,244
2695,5,41
2696,4,23
2697,2,37
2698,2,45
2699,5,207
2700,2,17
2701,8,35
2702,2,15
2703,6,32
2704,3,21
2705,10,223
2706,3,68
2707,3,54
2708,3,17
2709,4,35
2710,2,14
2711,2,12
2712,5,47
2713,4,37
2714,3,38
2715,2,46
2716,2,15
2717,5,52
2718,5,65
2719,2,27
2720,2,45
2721,2,30
2722,3,50
2723,6,25
2724,2,12
2725,2,190
2726,3,34
2727,4,133
2728,2,42
2729,6,37
2730,5,91
2731,3,38
2732,4,26
2733,2,11
2734,3,98
2735,2,13
2736,5,31
2737,2,162
2738,3,128
2739,2,17
2740,7,58
2741,4,34
2742,2,20
2743,4,27
2744,7,65
2745,5,27
2746,4,18
2747,2,12
2748,4,296
2749,2,12
2750,3,78
2751,5,55
2752,3,110
2753,2,17
2754,2,30
2755,3,45
2756,3,38
2757,5,25
2758,2,13
2759,2,15
2760,3,57
2761,2,14
2762,3,19
2763,2,80
2764,5,29
2765,3,31
2766,3,21
2767,3,27
2768,3,48
2769,3,20
2770,3,24
2771,3,44
2772,2,24
2773,3,25
2774,3,22
2775,2,64
2776,3,50
2777,2,31
2778,2,217
2779,3,16
2780,8,85
2781,4,37
2782,2,22
2783,4,73
2784,3,50
2785,4,17
2786,3,55
2787,3,58
2788,3,19
2789,6,47
2790,3,16
2791,3,46
2792,3,201
2793,2,41
2794,3,32
2795,3,13
2796,3,67
2797,2,35
2798,4,45
2799,4,51
2800,2,212
2801,2,35
2802,5,24
2803,7,54
2804,2,15
2805,2,40
2806,4,24
2807,4,75
2808,4,38
2809,4,31
2810,3,117
2811,4,17
2812,2,18
2813,10,66
2814,3,20
2815,3,27
2816,8,35
2817,5,52
2818,5,220
2819,5,79
2820,8,144
2821,2,15
2822,5,68
2823,5,33
2824,3,204
2825,2,13
2826,3,22
2827,7,24
2828,4,101
2829,4,22
2830,2,9
2831,4,50
2832,5,215
2833,3,124
2834,6,30
2835,5,38
2836,5,20
2837,3,192
2838,2,43
2839,2,95
2840,2,17
2841,2,48
2842,2,10
2843,5,29
2844,3,89
2845,2,198
2846,4,39
2847,2,17
2848,2,25
2849,4,21
2850,3,26
2851,3,56
2852,5,33
2853,4,28
2854,2,17
2855,3,196
2856,6,59
2857,2,28
2858,4,20
2859,3,38
2860,2,70
2861,7,213
2862,4,29
2863,2,41
2864,2,34
2865,2,32
2866,2,33
2867,3,35
2868,4,49
2869,3,19
2870,2,25
2871,5,35
2872,5,26
2873,3,50
2874,5,48
2875,5,21
2876,3,31
2877,3,30
2878,3,18
2879,4,108
2880,3,28
2881,3,21
2882,2,24
2883,4,22
2884,2,13
2885,2,38
2886,3,31
2887,2,24
2888,2,13
2889,4,20
2890,3,24
2891,3,19
2892,3,21
2893,5,30
2894,3,20
2895,3,68
2896,4,27
2897,2,194
2898,3,44
2899,2,9
2900,5,25
2901,3,27
2902,3,115
2903,3,22
2904,4,33
2905,2,15
2906,5,41
2907,3,22
2908,2,28
2909,3,191
2910,3,190
2911,2,20
2912,4,19
2913,2,15
2914,5,54
2915,2,55
2916,2,41
2917,2,13
2918,2,11
2919,2,26
2920,2,23
2921,4,21
2922,3,49
2923,3,22
2924,3,72
2925,4,49
2926,5,83
2927,2,27
2928,4,201
2929,2,23
2930,3,18
2931,2,190
2932,5,39
2933,3,61
2934,2,52
2935,2,12
2936,2,20
2937,2,52
2938,3,65
2939,3,188
2940,4,18
2941,3,21
2942,5,25
2943,3,20
2944,3,12
2945,5,77
2946,5,29
2947,3,19
2948,2,48
2949,5,25
2950,3,24
2951,2,36
2952,6,74
2953,4,26
2954,4,119
2955,4,121
2956,3,54
2957,2,220
2958,3,37
2959,2,20
2960,3,21
2961,2,114
2962,2,63
2963,2,41
2964,2,55
2965,9,56
2966,2,19
2967,4,32
2968,5,59
2969,3,24
2970,3,106
2971,5,61
2972,3,75
2973,2,53
2974,3,17
2975,3,192
2976,8,70
2977,6,160
2978,3,40
2979,3,97
2980,2,46
2981,3,31
2982,2,41
2983,4,28
2984,3,202
2985,5,26
2986,3,18
2987,6,27
2988,2,10
2989,5,23
2990,4,49
2991,2,30
2992,2,31
2993,3,39
2994,3,61
2995,5,33
2996,4,49
2997,7,42
2998,2,85
2999,3,13
3000,2,25
3001,2,15
3002,4,59
3003,4,217
3004,3,119
3005,2,34
3006,3,15
3007,2,25
3008,4,38
3009,2,32
3010,3,20
3011,2,39
3012,3,51
3013,2,13
3014,3,16
3015,2,43
3016,2,10
3017,4,203
3018,2,11
3019,6,292
3020,2,27
3021,2,30
3022,2,190
3023,3,28
3024,4,60
3025,2,56
3026,3,56
3027,5,21
3028,2,21
3029,2,15
3030,2,13
3031,2,18
3032,3,37
3033,5,77
3034,4,86
3035,3,76
3036,3,108
3037,6,38
3038,2,118
3039,3,113
3040,3,19
3041,4,23
3042,2,25
3043,3,20
3044,3,32
3045,4,106
3046,5,45
3047,2,43
3048,2,51
3049,2,21
3050,9,44
3051,2,54
3052,2,39
3053,2,15
3054,2,19
3055,2,34
3056,2,60
3057,2,29
3058,2,15
3059,3,190
3060,3,56
3061,4,40
3062,3,106
3063,4,22
3064,3,35
3065,2,186
3066,5,35
3067,3,237
3068,5,24
3069,3,18
3070,2,100
3071,3,43
3072,3,42
3073,2,67
3074,2,53
3075,5,25
3076,3,211
3077,2,11
3078,2,29
3079,2,19
3080,3,18
3081,3,19
3082,5,38
3083,2,9
3084,4,17
3085,2,46
3086,3,52
3087,3,220
3088,2,64
3089,3,116
3090,2,17
3091,2,25
3092,4,199
3093,3,52
3094,5,61
3095,4,20
3096,3,46
3097,3,17
3098,3,19
3099,2,19
3100,2,111
3101,2,36
3102,4,30
3103,4,30
3104,2,69
3105,2,25
3106,2,14
3107,2,43
3108,5,74
3109,4,44
3110,2,12
3111,8,64
3112,4,23
3113,2,41
3114,3,25
3115,3,19
3116,7,53
3117,4,66
3118,2,19
3119,4,36
3120,4,64
3121,2,15
3122,2,13
3123,5,122
3124,3,40
3125,4,57
3126,3,193
3127,4,25
3128,5,89
3129,2,212
3130,4,30
3131,2,39
3132,2,9
3133,3,17
3134,2,12
3135,3,14
3136,3,45
3137,5,64
3138,2,34
3139,5,59
3140,8,63
3141,2,27
3142,2,77
3143,4,56
3144,2,33
3145,5,75
3146,2,185
3147,4,57
3148,6,24
3149,4,23
3150,2,25
3151,4,95
3152,2,29
3153,5,25
3154,4,30
3155,3,29
3156,2,31
3157,6,75
3158,10,81
3159,3,16
3160,2,24
3161,2,120
3162,5,28
3163,2,14
3164,2,45
3165,3,30
3166,2,32
3167,5,20
3168,3,44
3169,4,22
3170,4,54
3171,2,207
3172,2,49
3173,3,29
3174,2,43
3175,4,47
3176,2,193
3177,2,13
3178,3,37
3179,5,21
3180,6,52
3181,2,21
3182,2,364
3183,2,27
3184,4,35
3185,5,30
3186,2,74
3187,3,33
3188,5,27
3189,2,12
3190,3,19
3191,2,121
3192,4,66
3193,2,79
3194,5,32
3195,6,28
3196,3,50
3197,4,207
3198,3,22
3199,3,23
3200,3,22
3201,2,208
3202,3,15
3203,2,76
3204,2,16
3205,2,57
3206,4,24
3207,2,17
3208,4,56
3209,5,32
3210,2,46
3211,2,18
3212,4,29
3213,3,119
3214,5,32
3215,2,20
3216,3,25
3217,2,109
3218,2,19
3219,3,12
3220,3,20
3221,7,30
3222,4,28
3223,2,38
3224,2,18
3225,3,47
3226,3,46
3227,5,43
3228,3,232
3229,4,19
3230,5,59
3231,2,12
3232,4,16
3233,4,28
3234,4,18
3235,3,47
3236,2,18
3237,2,16
3238,3,41
3239,3,68
3240,4,42
3241,2,34
3242,3,44
3243,8,40
3244,4,48
3245,3,30
3246,4,31
3247,2,27
3248,2,45
3249,5,25
3250,2,47
3251,6,23
3252,3,17
3253,2,11
3254,2,17
3255,5,50
3256,3,25
3257,2,203
3258,2,26
3259,4,34
3260,2,113
3261,3,35
3262,2,188
3263,2,28
3264,3,19
3265,4,30
3266,2,18
3267,3,61
3268,2,35
3269,2,31
3270,3,19
3271,3,17
3272,3,30
3273,2,10
3274,2,41
3275,7,30
3276,2,27
3277,3,19
3278,3,21
3279,5,52
3280,4,216
3281,5,195
3282,6,26
3283,4,31
3284,3,70
3285,3,20
3286,3,17
3287,4,22
3288,5,23
3289,6,27
3290,2,13
3291,2,19
3292,2,13
3293,2,14
3294,6,52
3295,4,74
3296,2,34
3297,2,96
3298,2,54
3299,2,13
3300,2,23
3301,6,26
3302,5,28
3303,3,25
3304,2,21
3305,2,37
3306,2,8
3307,2,23
3308,3,234
3309,3,14
3310,2,11
3311,2,13
3312,2,46
3313,2,11
3314,4,18
3315,2,15
3316,2,12
3317,2,47
3318,3,29
3319,3,17
3320,4,27
3321,2,46
3322,3,41
3323,2,69
3324,6,74
3325,2,65
3326,2,93
3327,2,46
3328,2,36
3329,2,186
3330,2,198
3331,2,40
3332,2,26
3333,2,28
3334,4,207
3335,3,24
3336,2,16
3337,2,17
3338,3,15
3339,2,24
3340,4,19
3341,2,14
3342,2,58
3343,3,15
3344,2,11
3345,2,38
3346,6,38
3347,2,131
3348,2,20
3349,2,30
3350,4,37
3351,2,64
3352,2,12
3353,5,207
3354,6,52
3355,2,21
3356,5,25
3357,2,103
3358,4,32
3359,2,14
3360,4,40
3361,5,32
3362,6,63
3363,4,100
3364,5,210
3365,4,15
3366,4,28
3367,2,21
3368,2,16
3369,5,36
3370,5,36
3371,8,51
3372,4,16
3373,6,66
3374,6,26
3375,3,33
3376,3,14
3377,3,62
3378,3,31
3379,2,33
3380,2,24
3381,2,43
3382,2,49
3383,3,22
3384,2,13
3385,4,38
3386,2,19
3387,3,191
3388,2,13
3389,2,9
3390,2,46
3391,4,21
3392,2,16
3393,3,17
3394,2,118
3395,3,36
3396,4,42
3397,2,123
3398,2,13
3399,4,59
3400,3,30
3401,2,59
3402,3,22
3403,2,18
3404,2,30
3405,4,52
3406,2,43
3407,3,59
3408,2,16
3409,3,220
3410,2,22
3411,3,54
3412,3,25
3413,2,19
3414,5,39
3415,3,57
3416,2,39
3417,2,17
3418,3,17
3419,3,35
3420,4,51
3421,3,18
3422,4,32
3423,3,19
3424,3,21
3425,3,40
3426,2,188
3427,3,56
3428,5,36
3429,2,12
3430,3,20
3431,3,206
3432,6,27
3433,3,15
3434,2,14
3435,3,38
3436,2,16
3437,2,80
3438,3,27
3439,5,27
3440,2,122
3441,4,20
3442,2,28
3443,5,36
3444,2,222
3445,6,48
3446,4,31
3447,2,16
3448,2,18
3449,2,17
3450,2,28
3451,2,48
3452,5,200
3453,2,111
3454,6,39
3455,3,32
3456,5,46
3457,2,12
3458,3,83
3459,3,17
3460,3,66
3461,4,23
3462,3,23
3463,3,21
3464,5,213
3465,2,11
3466,2,12
3467,4,19
3468,3,20
3469,3,25
3470,2,15
3471,2,12
3472,2,19
3473,2,10
3474,2,67
3475,2,19
3476,5,48
3477,2,16
3478,3,25
3479,2,48
3480,2,23
3481,2,11
3482,2,34
3483,3,13
3484,3,24
3485,4,36
3486,2,25
3487,3,32
3488,2,21
3489,6,52
3490,2,18
3491,4,28
3492,2,30
3493,4,58
3494,4,43
3495,3,58
3496,3,21
3497,5,26
3498,2,17
3499,5,43
3500,4,27
3501,2,24
3502,4,202
3503,3,29
3504,5,46
3505,3,76
3506,2,10
3507,4,151
3508,2,9
3509,3,13
3510,6,21
3511,3,25
3512,3,17
3513,2,9
3514,6,27
3515,3,38
3516,3,45
3517,4,34
3518,4,68
3519,2,34
3520,4,42
3521,4,23
3522,2,24
3523,2,30
3524,2,21
3525,3,111
3526,2,15
3527,4,113
3528,3,49
3529,2,64
3530,3,33
3531,2,42
3532,2,34
3533,2,21
3534,4,47
3535,2,14
3536,3,19
3537,4,22
3538,3,31
3539,4,16
3540,3,18
3541,6,65
3542,2,25
3543,2,19
3544,2,105
3545,2,40
3546,4,63
3547,2,22
3548,3,45
3549,4,22
3550,2,11
3551,2,188
3552,2,51
3553,6,124
3554,3,36
3555,2,51
3556,2,195
3557,3,76
3558,2,17
3559,2,22
3560,4,27
3561,3,46
3562,2,44
3563,3,45
3564,2,12
3565,4,37
3566,3,25
3567,2,16
3568,2,19
3569,2,18
3570,3,12
3571,4,17
3572,2,15
3573,3,11
3574,3,21
3575,3,27
3576,2,18
3577,2,19
3578,5,18
3579,3,29
3580,2,27
3581,2,36
3582,4,34
3583,2,29
3584,2,105
3585,2,139
3586,3,104
3587,2,13
3588,4,18
3589,3,37
3590,3,18
3591,2,188
3592,3,73
3593,2,17
3594,3,192
3595,2,18
3596,5,95
3597,2,16
3598,2,47
3599,3,51
3600,3,29
3601,3,14
3602,2,26
3603,2,24
3604,2,12
3605,3,34
3606,5,21
3607,2,12
3608,7,35
3609,3,23
3610,4,47
3611,2,33
3612,2,38
3613,2,18
3614,2,12
3615,2,33
3616,2,17
3617,2,194
3618,4,37
3619,2,27
3620,6,31
3621,2,24
3622,2,20
3623,4,19
3624,2,9
3625,2,25
3626,4,70
3627,2,17
3628,4,22
3629,2,24
3630,2,28
3631,4,25
3632,2,35
3633,5,39
3634,6,32
3635,3,23
3636,5,27
3637,2,57
3638,2,29
3639,2,39
3640,3,45
3641,3,76
3642,2,41
3643,3,13
3644,3,22
3645,2,132
3646,2,16
3647,2,12
3648,3,28
3649,4,39
3650,2,19
3651,2,193
3652,3,66
3653,2,22
3654,2,13
3655,3,34
3656,3,17
3657,2,42
3658,2,187
3659,2,41
3660,2,26
3661,3,39
3662,2,35
3663,4,18
3664,3,15
3665,2,51
3666,2,52
3667,4,67
3668,2,102
3669,3,81
3670,3,19
3671,2,17
3672,4,30
3673,3,25
3674,2,111
3675,2,33
3676,2,17
3677,5,25
3678,5,68
3679,2,8
3680,2,14
3681,4,35
3682,2,47
3683,3,20
3684,4,74
3685,4,17
3686,2,45
3687,2,12
3688,2,10
3689,2,16
3690,2,21
3691,2,22
3692,4,22
3693,4,30
3694,4,195
3695,3,19
3696,2,36
3697,4,46
3698,3,24
3699,2,27
3700,3,71
3701,2,11
3702,2,14
3703,4,25
3704,5,25
3705,3,28
3706,3,199
3707,5,41
3708,3,50
3709,4,16
3710,2,26
3711,3,20
3712,4,61
3713,3,30
3714,3,16
3715,2,116
3716,3,31
3717,4,23
3718,3,45
3719,2,15
3720,3,23
3721,2,49
3722,2,56
3723,4,107
3724,4,45
3725,3,34
3726,3,38
3727,4,198
3728,5,39
3729,5,27
3730,4,21
3731,3,47
3732,2,20
3733,3,25
3734,3,62
3735,3,14
3736,2,12
3737,3,21
3738,2,19
3739,3,14
3740,2,12
3741,4,20
3742,4,33
3743,6,49
3744,2,20
3745,2,21
3746,2,117
3747,3,15
3748,3,21
3749,3,18
3750,3,41
3751,2,192
3752,4,109
3753,3,30
3754,2,12
3755,2,27
3756,3,34
3757,3,31
3758,2,22
3759,2,24
3760,2,10
3761,3,45
3762,7,93
3763,2,14
3764,3,23
3765,2,189
3766,2,18
3767,3,40
3768,3,29
3769,4,25
3770,4,26
3771,3,16
3772,2,62
3773,4,53
3774,3,29
3775,3,53
3776,2,14
3777,2,32
3778,2,15
3779,2,13
3780,3,227
3781,3,18
3782,2,216
3783,2,12
3784,4,34
3785,3,13
3786,5,23
3787,3,101
3788,4,26
3789,2,55
3790,3,28
3791,2,13
3792,3,65
3793,2,11
3794,4,50
3795,6,41
3796,3,29
3797,4,21
3798,2,16
3799,2,26
3800,2,66
3801,3,121
3802,2,19
3803,2,36
3804,2,109
3805,2,35
3806,2,44
3807,3,26
3808,3,54
3809,2,13
3810,2,22
3811,3,13
3812,2,20
3813,2,19
3814,2,111
3815,3,193
3816,3,15
3817,2,109
3818,3,66
3819,2,22
3820,3,19
3821,2,206
3822,2,14
3823,3,16
3824,3,15
3825,4,26
3826,3,115
3827,3,34
3828,3,35
3829,2,31
3830,3,42
3831,5,58
3832,2,13
3833,2,39
3834,2,65
3835,3,20
3836,3,203
3837,2,15
3838,4,19
3839,4,18
3840,3,25
3841,4,23
3842,4,18
3843,2,18
3844,3,14
3845,3,17
3846,5,29
3847,4,19
3848,3,29
3849,2,10
3850,3,26
3851,3,14
3852,2,10
3853,2,69
3854,3,108
3855,3,26
3856,2,11
3857,4,21
3858,3,18
3859,2,23
3860,4,29
3861,2,11
3862,4,24
3863,2,15
3864,2,15
3865,2,11
3866,3,20
3867,2,42
3868,3,52
3869,2,63
3870,4,100
3871,3,32
3872,2,12
3873,2,38
3874,2,88
3875,3,49
3876,2,95
3877,2,16
3878,3,40
3879,2,15
3880,2,31
3881,4,23
3882,4,19
3883,2,14
3884,6,33
3885,2,8
3886,2,42
3887,2,10
3888,3,18
3889,3,25
3890,2,14
3891,3,22
3892,3,28
3893,4,29
3894,2,46
3895,2,21
3896,2,16
3897,2,15
3898,5,33
3899,3,64
3900,3,52
3901,3,36
3902,2,19
3903,3,18
3904,2,51
3905,3,16
3906,2,53
3907,2,13
3908,2,11
3909,4,29
3910,3,18
3911,3,31
3912,2,13
3913,2,12
3914,3,42
3915,3,42
3916,2,15
3917,3,23
3918,5,27
3919,3,18
3920,2,11
3921,5,87
3922,4,38
3923,2,22
3924,4,35
3925,3,25
3926,2,55
3927,3,77
3928,2,24
3929,3,15
3930,3,192
3931,3,110
3932,3,21
3933,2,40
3934,2,28
3935,3,59
3936,2,53
3937,3,120
3938,3,14
3939,2,33
3940,2,14
3941,2,186
3942,3,14
3943,5,18
3944,2,22
3945,2,110
3946,4,55
3947,2,14
3948,2,17
3949,2,73
3950,4,19
3951,3,21
3952,2,42
3953,2,21
3954,3,28
3955,4,44
3956,3,16
3957,3,42
3958,2,17
3959,3,17
3960,5,119
3961,4,49
3962,4,20
3963,4,30
3964,2,49
3965,2,54
3966,4,121
3967,4,61
3968,3,26
3969,3,72
3970,7,26
3971,3,21
3972,2,17
3973,2,17
3974,3,21
3975,2,15
3976,2,15
3977,4,17
3978,4,23
3979,3,58
3980,6,122
3981,3,76
3982,2,20
3983,4,34
3984,4,32
3985,2,22
3986,2,42
3987,3,201
3988,4,29
3989,2,62
3990,3,21
3991,2,12
3992,3,48
3993,4,211
3994,2,222
3995,2,195
3996,4,70
3997,3,18
3998,2,52
3999,3,68
4000,2,13
4001,3,216
4002,2,25
4003,3,14
4004,2,44
4005,5,33
4006,3,376
4007,2,11
4008,5,25
4009,2,30
4010,2,12
4011,3,17
4012,2,16
4013,2,17
4014,3,13
4015,4,19
4016,3,12
4017,2,11
4018,3,41
4019,2,18
4020,2,12
4021,2,54
4022,2,11
4023,2,38
4024,2,29
4025,5,31
4026,2,14
4027,2,32
4028,3,20
4029,4,243
4030,2,11
4031,2,108
4032,2,20
4033,4,21
4034,5,28
4035,2,13
4036,3,43
4037,3,34
4038,2,13
4039,3,24
4040,4,24
4041,4,19
4042,2,40
4043,2,20
4044,3,194
4045,2,90
4046,2,94
4047,4,21
4048,2,20
4049,3,52
4050,2,13
4051,5,26
4052,3,100
4053,2,11
4054,2,215
4055,3,118
4056,2,21
4057,2,15
4058,3,16
4059,4,29
4060,4,15
4061,2,28
4062,2,189
4063,4,26
4064,4,36
4065,2,16
4066,2,25
4067,2,45
4068,4,119
4069,3,47
4070,3,84
4071,2,12
4072,2,186
4073,3,18
4074,2,10
4075,2,25
4076,3,117
4077,2,13
4078,2,71
4079,3,16
4080,3,19
4081,2,39
4082,2,12
4083,2,19
4084,3,19
4085,4,33
4086,2,31
4087,3,209
4088,2,27
4089,2,13
4090,2,77
4091,4,28
4092,3,12
4093,2,16
4094,2,30
4095,2,23
4096,2,16
4097,3,26
4098,2,32
4099,2,60
4100,4,16
4101,2,30
4102,3,59
4103,3,34
4104,4,21
4105,2,18
4106,2,17
4107,2,9
4108,4,31
4109,4,70
4110,2,38
4111,2,17
4112,2,10
4113,3,17
4114,2,33
4115,5,43
4116,2,10
4117,2,13
4118,2,21
4119,2,16
4120,3,16
4121,3,15
4122,2,20
4123,4,41
4124,2,26
4125,4,17
4126,7,28
4127,3,22
4128,2,15
4129,4,30
4130,2,21
4131,3,44
4132,3,34
4133,3,35
4134,2,25
4135,2,16
4136,2,55
4137,2,68
4138,2,13
4139,2,27
4140,2,12
4141,2,67
4142,2,11
4143,3,16
4144,4,24
4145,2,17
4146,3,18
4147,3,20
4148,2,16
4149,2,33
4150,3,19
4151,4,35
4152,4,26
4153,3,25
4154,3,15
4155,4,23
4156,2,36
4157,3,200
4158,3,14
4159,2,54
4160,2,22
4161,3,17
4162,2,38
4163,2,199
4164,2,197
4165,3,18
4166,2,31
4167,2,190
4168,3,52
4169,4,16
4170,2,10
4171,2,32
4172,2,13
4173,6,25
4174,2,103
4175,2,8
4176,2,25
4177,4,28
4178,4,212
4179,3,34
4180,2,11
4181,3,41
4182,3,26
4183,3,80
4184,2,19
4185,2,17
4186,2,13
4187,2,105
4188,2,16
4189,2,45
4190,4,22
4191,3,111
4192,2,16
4193,2,15
4194,2,27
4195,2,13
4196,3,28
4197,2,15
4198,3,21
4199,3,21
4200,2,16
4201,3,114
4202,3,20
4203,3,30
4204,5,21
4205,2,37
4206,2,47
4207,3,20
4208,2,189
4209,3,17
4210,2,43
4211,2,25
4212,3,202
4213,3,51
4214,4,53
4215,2,13
4216,2,28
4217,4,60
4218,2,26
4219,2,20
4220,4,16
4221,2,25
4222,2,28
4223,2,48
4224,3,26
4225,2,34
4226,2,187
4227,2,117
4228,2,16
4229,2,14
4230,4,24
4231,2,178
4232,3,203
4233,3,22
4234,2,39
4235,2,18
4236,4,17
4237,2,139
4238,2,23
4239,3,29
4240,2,12
4241,2,28
4242,3,20
4243,2,35
4244,2,49
4245,3,34
4246,2,45
4247,3,49
4248,2,15
4249,3,26
4250,4,70
4251,2,14
4252,5,23
4253,3,22
4254,3,18
4255,3,16
4256,2,38
4257,2,117
4258,5,199
4259,3,15
4260,2,11
4261,2,20
4262,2,68
4263,3,37
4264,2,13
4265,2,18
4266,2,13
4267,2,39
4268,2,20
4269,2,15
4270,4,34
4271,2,15
4272,2,29
4273,2,27
4274,2,35
4275,2,22
4276,3,18
4277,3,53
4278,3,82
4279,5,75
4280,2,24
4281,2,22
4282,3,97
4283,5,138
4284,2,16
4285,3,93
4286,3,24
4287,2,34
4288,3,27
4289,2,45
4290,2,14
4291,2,22
4292,5,24
4293,3,18
4294,2,40
4295,2,11
4296,3,193
4297,5,28
4298,3,24
4299,6,82
4300,2,24
4301,2,51
4302,3,24
4303,5,24
4304,3,13
4305,3,190
4306,2,11
4307,4,71
4308,3,77
4309,3,34
4310,3,38
4311,2,41
4312,2,21
4313,2,49
4314,2,10
4315,3,16
4316,2,64
4317,3,26
4318,2,22
4319,3,14
4320,2,21
4321,2,29
4322,3,11
4323,5,25
4324,2,59
4325,2,15
4326,2,110
4327,2,191
4328,2,52
4329,3,19
4330,5,35
4331,2,14
4332,2,17
4333,4,38
4334,8,34
4335,3,15
4336,6,27
4337,2,25
4338,2,70
4339,2,14
4340,2,16
4341,3,12
4342,2,18
4343,2,11
4344,2,18
4345,2,44
4346,4,22
4347,2,15
4348,2,22
4349,3,48
4350,2,44
4351,2,63
4352,3,53
4353,2,27
4354,2,11
4355,2,63
4356,2,30
4357,4,70
4358,2,17
4359,2,44
4360,2,31
4361,2,22
4362,2,105
4363,5,26
4364,2,19
4365,2,31
4366,2,71
4367,2,23
4368,3,15
4369,2,19
4370,4,15
4371,2,13
4372,3,19
4373,2,70
4374,4,35
4375,3,24
4376,3,28
4377,2,191
4378,2,63
4379,2,44
4380,2,22
4381,2,97
4382,3,28
4383,2,21
4384,2,25
4385,3,16
4386,2,19
4387,2,198
4388,4,29
4389,3,39
4390,3,34
4391,2,13
4392,2,11
4393,2,45
4394,3,28
4395,2,40
4396,2,45
4397,3,20
4398,2,14
4399,2,17
4400,2,58
4401,2,17
4402,4,32
4403,2,47
4404,2,68
4405,2,11
4406,3,131
4407,3,20
4408,3,15
4409,3,27
4410,2,42
4411,3,49
4412,3,14
4413,2,89
4414,4,45
4415,2,37
4416,2,16
4417,3,16
4418,3,69
4419,2,193
4420,2,20
4421,2,50
4422,4,22
4423,2,21
4424,4,20
4425,3,27
4426,3,57
4427,2,20
4428,3,40
4429,3,24
4430,2,119
4431,2,150
4432,5,198
4433,2,11
4434,3,27
4435,3,28
4436,3,25
4437,3,16
4438,2,23
4439,2,56
4440,2,17
4441,2,13
4442,2,13
4443,2,26
4444,2,12
4445,2,47
4446,2,62
4447,2,17
4448,2,22
4449,2,17
4450,2,19
4451,3,25
4452,5,21
4453,3,31
4454,4,20
4455,6,28
4456,2,81
4457,3,13
4458,3,38
4459,5,45
4460,4,34
4461,2,18
4462,2,14
4463,3,18
4464,2,48
4465,3,28
4466,2,14
4467,5,27
4468,4,25
4469,3,198
4470,2,51
4471,2,11
4472,3,19
4473,5,30
4474,5,52
4475,2,31
4476,2,30
4477,2,61
4478,2,19
4479,2,24
4480,2,35
4481,3,22
4482,2,20
4483,2,11
4484,3,19
4485,2,210
4486,3,22
4487,2,13
4488,2,22
4489,3,17
4490,4,23
4491,3,24
4492,2,12
4493,3,23
4494,2,30
4495,2,21
4496,5,60
4497,2,11
4498,5,23
4499,3,41
4500,2,59
4501,3,18
4502,3,27
4503,3,17
4504,2,16
4505,2,13
4506,4,22
4507,2,27
4508,2,13
4509,3,16
4510,2,37
4511,2,21
4512,2,14
4513,4,40
4514,2,141
4515,4,195
4516,3,205
4517,2,18
4518,3,34
4519,3,62
4520,2,55
4521,3,36
4522,2,33
4523,2,19
4524,2,25
4525,2,24
4526,3,23
4527,4,16
4528,2,18
4529,2,25
4530,4,29
4531,2,18
4532,5,21
4533,2,18
4534,2,209
4535,4,21
4536,2,19
4537,2,18
4538,6,25
4539,3,18
4540,4,53
4541,3,29
4542,3,226
4543,2,20
4544,6,33
4545,3,115
4546,3,34
4547,2,62
4548,3,18
4549,2,17
4550,5,29
4551,3,51
4552,2,51
4553,4,47
4554,2,19
4555,5,20
4556,2,91
4557,2,33
4558,2,14
4559,5,63
4560,2,45
4561,3,114
4562,2,10
4563,3,32
4564,2,61
4565,5,19
4566,2,11
4567,2,94
4568,2,29
4569,2,30
4570,3,19
4571,2,17
4572,3,70
4573,2,17
4574,2,28
4575,3,38
4576,2,9
4577,2,77
4578,2,28
4579,2,44
4580,2,12
4581,2,34
4582,3,16
4583,3,64
4584,2,17
4585,6,59
4586,2,18
4587,2,21
4588,3,24
4589,2,15
4590,2,112
4591,2,20
4592,3,47
4593,3,16
4594,4,24
4595,5,123
4596,2,20
4597,4,33
4598,2,14
4599,2,14
4600,2,63
4601,3,40
4602,3,25
4603,2,27
4604,3,22
4605,2,18
4606,3,20
4607,2,9
4608,2,30
4609,7,49
4610,4,20
4611,2,15
4612,5,79
4613,5,24
4614,2,11
4615,2,8
4616,3,115
4617,3,15
4618,3,206
4619,2,16
4620,2,24
4621,2,14
4622,2,26
4623,2,28
4624,2,38
4625,2,15
4626,3,43
4627,2,13
4628,2,10
4629,2,105
4630,3,19
4631,2,18
4632,2,12
4633,2,10
4634,4,61
4635,3,82
4636,2,19
4637,3,15
4638,2,46
4639,2,35
4640,2,41
4641,3,33
4642,2,20
4643,2,29
4644,4,22
4645,2,11
4646,3,18
4647,2,32
4648,2,13
4649,3,44
4650,2,16
4651,2,26
4652,4,118
4653,3,16
4654,2,189
4655,3,56
4656,3,21
4657,2,11
4658,2,11
4659,2,18
4660,2,23
4661,5,27
4662,2,78
4663,3,48
4664,2,15
4665,5,27
4666,2,17
4667,3,23
4668,2,43
4669,2,14
4670,2,13
4671,2,29
4672,2,10
4673,3,44
4674,2,55
4675,2,28
4676,3,201
4677,4,24
4678,2,14
4679,3,17
4680,2,46
4681,3,16
4682,2,10
4683,2,26
4684,2,187
4685,2,23
4686,2,34
4687,3,193
4688,2,113
4689,2,10
4690,2,55
4691,3,12
4692,3,30
4693,2,46
4694,2,212
4695,2,9
4696,2,11
4697,2,109
4698,3,118
4699,2,24
4700,2,18
4701,2,9
4702,2,16
4703,2,43
4704,2,10
4705,3,17
4706,2,19
4707,2,113
4708,2,11
4709,3,18
4710,2,27
4711,2,16
4712,2,30
4713,2,13
4714,3,20
4715,2,32
4716,2,14
4717,4,20
4718,2,44
4719,3,21
4720,4,21
4721,2,44
4722,2,17
4723,3,27
4724,2,16
4725,2,52
4726,2,49
4727,2,11
4728,3,16
4729,3,23
4730,2,10
4731,5,205
4732,3,15
4733,4,17
4734,2,20
4735,3,15
4736,3,12
4737,2,58
4738,2,15
4739,3,16
4740,2,14
4741,5,25
4742,2,14
4743,2,40
4744,2,27
4745,2,17
4746,3,29
4747,3,189
4748,2,14
4749,2,286
4750,2,17
4751,2,20
4752,4,54
4753,4,28
4754,2,17
4755,2,22
4756,2,33
4757,3,47
4758,2,20
4759,2,66
4760,2,27
4761,2,103
4762,2,14
4763,3,15
4764,4,27
4765,2,11
4766,3,199
4767,2,16
4768,2,28
4769,2,23
4770,2,27
4771,3,20
4772,2,199
4773,2,186
4774,3,16
4775,3,16
4776,2,11
4777,3,19
4778,2,195
4779,2,39
4780,8,35
4781,2,197
4782,4,62
4783,4,34
4784,2,13
4785,2,10
4786,3,16
4787,3,16
4788,3,26
4789,3,23
4790,3,51
4791,2,109
4792,4,31
4793,2,19
4794,5,41
4795,2,62
4796,3,18
4797,2,18
4798,2,44
4799,2,13
4800,3,19
4801,2,32
4802,2,42
4803,4,23
4804,3,14
4805,2,25
4806,4,15
4807,2,187
4808,2,125
4809,2,19
4810,2,43
4811,2,189
4812,3,197
4813,2,12
4814,2,47
4815,2,13
4816,2,14
4817,3,24
4818,3,113
4819,2,36
4820,3,14
4821,2,11
4822,4,24
4823,2,17
4824,2,13
4825,4,64
4826,2,26
4827,3,14
4828,2,17
4829,2,40
4830,2,17
4831,3,15
4832,2,11
4833,2,29
4834,3,15
4835,2,25
4836,2,18
4837,2,12
4838,2,25
4839,2,16
4840,2,20
4841,2,9
4842,2,30
4843,2,21
4844,3,16
4845,2,39
4846,2,14
4847,2,15
4848,3,22
4849,2,18
4850,2,37
4851,2,27
4852,3,21
4853,2,12
4854,3,17
4855,4,21
4856,2,50
4857,2,11
4858,3,52
4859,2,39
4860,3,22
4861,2,50
4862,3,33
4863,2,10
4864,4,17
4865,2,18
4866,2,16
4867,2,30
4868,3,15
4869,2,29
4870,4,33
4871,2,13
4872,4,47
4873,3,12
4874,4,25
4875,2,38
4876,2,21
4877,4,134
4878,2,18
4879,2,41
4880,2,14
4881,2,60
4882,2,43
4883,2,15
4884,4,191
4885,3,48
4886,3,19
4887,2,17
4888,3,33
4889,2,28
4890,2,9
4891,2,19
4892,2,23
4893,2,17
4894,2,15
4895,3,31
4896,2,16
4897,3,23
4898,3,20
4899,2,36
4900,2,270
4901,2,46
4902,2,30
4903,2,55
4904,5,29
4905,4,22
4906,3,13
4907,3,191
4908,2,13
4909,2,32
4910,2,194
4911,7,65
4912,2,15
4913,2,66
4914,2,34
4915,2,18
4916,3,116
4917,3,12
4918,2,24
4919,3,25
4920,3,17
4921,2,205
4922,2,25
4923,2,10
4924,3,34
4925,5,23
4926,2,19
4927,2,14
4928,3,35
4929,2,90
4930,2,28
4931,2,21
4932,2,18
4933,2,8
4934,2,20
4935,3,77
4936,2,10
4937,3,35
4938,2,24
4939,3,19
4940,2,18
4941,3,17
4942,2,11
4943,3,19
4944,2,50
4945,2,15
4946,2,112
4947,3,16
4948,2,43
4949,3,15
4950,2,14
4951,2,35
4952,3,26
4953,3,16
4954,5,75
4955,2,13
4956,2,33
4957,2,15
4958,3,18
4959,2,14
4960,2,21
4961,2,246
4962,3,22
4963,2,219
4964,4,69
4965,2,19
4966,2,19
4967,3,14
4968,2,20
4969,3,23
4970,5,23
4971,2,26
4972,3,25
4973,2,42
4974,2,23
4975,3,20
4976,2,10
4977,2,19
4978,2,55
4979,2,16
4980,2,11
4981,5,122
4982,2,74
4983,3,23
4984,2,9
4985,3,30
4986,3,16
4987,2,16
4988,2,31
4989,2,29
4990,3,66
4991,5,22
4992,3,77
4993,4,118
4994,2,26
4995,3,15
4996,3,16
4997,5,24
4998,3,17
4999,2,14
5000,2,10
5001,2,13
5002,2,40
5003,3,13
5004,3,36
5005,2,12
5006,2,52
5007,2,19
5008,3,23
5009,3,104
5010,4,23
5011,2,41
5012,3,14
5013,5,76
5014,3,16
5015,3,59
5016,4,28
5017,2,87
5018,2,193
5019,2,13
5020,2,52
5021,3,20
5022,3,23
5023,2,72
5024,3,102
5025,2,22
5026,2,30
5027,2,15
5028,2,28
5029,2,23
5030,2,61
5031,4,18
5032,4,17
5033,2,16
5034,2,40
5035,2,27
5036,2,11
5037,3,30
5038,5,20
5039,2,15
5040,3,66
5041,2,201
5042,2,189
5043,2,11
5044,2,19
5045,2,21
5046,2,18
5047,3,51
5048,2,41
5049,3,16
5050,2,28
5051,2,100
5052,3,15
5053,3,43
5054,4,30
5055,2,63
5056,2,15
5057,2,117
5058,2,13
5059,2,32
5060,2,29
5061,2,12
5062,5,22
5063,2,17
5064,3,17
5065,2,11
5066,2,37
5067,2,204
5068,2,12
5069,2,11
5070,3,74
5071,4,23
5072,2,49
5073,4,25
5074,2,20
5075,2,43
5076,2,43
5077,2,14
5078,2,43
5079,2,22
5080,2,27
5081,3,55
5082,2,27
5083,3,12
5084,3,13
5085,2,43
5086,2,41
5087,4,25
5088,7,28
5089,2,13
5090,2,14
5091,3,16
5092,4,48
5093,3,49
5094,2,69
5095,3,117
5096,3,124
5097,3,19
5098,2,21
5099,2,17
5100,2,38
5101,2,27
5102,2,75
5103,2,191
5104,2,10
5105,2,15
5106,2,11
5107,2,30
5108,2,32
5109,2,47
5110,3,16
5111,2,12
5112,2,47
5113,2,42
5114,2,11
5115,3,14
5116,2,53
5117,2,10
5118,2,36
5119,2,46
5120,3,29
5121,2,31
5122,2,16
5123,2,23
5124,2,10
5125,3,16
5126,2,14
5127,2,54
5128,4,18
5129,3,22
5130,2,10
5131,3,14
5132,2,54
5133,2,12
5134,2,20
5135,2,10
5136,2,108
5137,2,17
5138,2,8
5139,2,13
5140,2,10
5141,2,9
5142,2,51
5143,4,17
5144,2,55
5145,2,24
5146,2,26
5147,2,10
5148,2,16
5149,5,33
5150,5,59
5151,2,111
5152,3,16
5153,5,43
5154,3,17
5155,3,32
5156,4,18
5157,2,17
5158,2,19
5159,2,32
5160,2,14
5161,2,31
5162,2,13
5163,3,28
5164,2,42
5165,2,9
5166,3,53
5167,2,19
5168,2,15
5169,3,11
5170,2,66
5171,2,96
5172,3,20
5173,3,18
5174,2,25
5175,2,8
5176,2,26
5177,2,17
5178,2,13
5179,3,14
5180,2,43
5181,3,32
5182,2,200
5183,2,12
5184,3,65
5185,2,8
5186,2,16
5187,2,22
5188,3,16
5189,2,8
5190,2,74
5191,3,26
5192,2,14
5193,3,17
5194,2,21
5195,2,15
5196,2,47
5197,4,25
5198,2,24
5199,2,123
5200,2,12
5201,2,21
5202,3,11
5203,2,60
5204,2,196
5205,3,59
5206,2,22
5207,2,43
5208,2,190
5209,2,40
5210,2,43
5211,2,44
5212,3,42
5213,2,31
5214,3,116
5215,2,11
5216,2,52
5217,2,15
5218,2,24
5219,2,11
5220,2,15
5221,2,19
5222,5,44
5223,2,38
5224,2,47
5225,4,26
5226,3,23
5227,2,17
5228,3,74
5229,3,14
5230,3,18
5231,2,15
5232,2,17
5233,2,46
5234,2,17
5235,2,13
5236,2,10
5237,3,22
5238,2,19
5239,4,24
5240,2,27
5241,2,48
5242,4,18
5243,2,25
5244,2,35
5245,2,30
5246,3,40
5247,2,14
5248,2,23
5249,2,10
5250,2,15
5251,2,11
5252,4,28
5253,2,30
5254,2,42
5255,4,61
5256,2,9
5257,2,17
5258,2,53
5259,2,17
5260,4,18
5261,2,12
5262,2,21
5263,2,20
5264,2,9
5265,2,86
5266,3,204
5267,2,15
5268,2,42
5269,2,13
5270,3,27
5271,2,74
5272,3,27
5273,2,45
5274,2,35
5275,2,13
5276,2,38
5277,2,37
5278,2,15
5279,2,34
5280,3,48
5281,3,26
5282,4,19
5283,2,24
5284,2,68
5285,2,51
5286,3,15
5287,2,9
5288,2,29
5289,2,17
5290,3,22
5291,2,18
5292,2,18
5293,2,19
5294,2,16
5295,2,28
5296,3,12
5297,2,16
5298,5,40
5299,2,30
5300,2,40
5301,3,13
5302,2,35
5303,3,20
5304,2,17
5305,4,16
5306,3,98
5307,2,34
5308,3,28
5309,3,17
5310,2,52
5311,2,12
5312,2,10
5313,3,88
5314,2,52
5315,2,10
5316,2,13
5317,2,16
5318,3,21
5319,3,31
5320,2,11
5321,3,28
5322,2,15
5323,2,21
5324,4,38
5325,3,188
5326,2,13
5327,3,16
5328,3,24
5329,2,43
5330,2,25
5331,2,42
5332,2,108
5333,2,38
5334,3,51
5335,2,19
5336,4,52
5337,3,19
5338,3,34
5339,2,14
5340,2,40
5341,3,16
5342,2,16
5343,2,17
5344,2,12
5345,2,11
5346,4,15
5347,4,19
5348,4,126
5349,2,116
5350,3,49
5351,3,33
5352,2,13
5353,2,8
5354,2,48
5355,2,21
5356,3,73
5357,2,191
5358,3,47
5359,4,115
5360,3,25
5361,3,17
5362,2,37
5363,2,197
5364,2,48
5365,7,27
5366,5,23
5367,2,16
5368,3,18
5369,2,14
5370,3,17
5371,2,19
5372,2,15
5373,2,35
5374,2,13
5375,2,8
5376,2,22
5377,2,51
5378,2,11
5379,2,64
5380,2,45
5381,2,19
5382,2,79
5383,2,23
5384,3,52
5385,2,11
5386,2,15
5387,2,13
5388,2,22
5389,2,13
5390,4,18
5391,2,12
5392,3,12
5393,4,28
5394,2,27
5395,2,36
5396,2,29
5397,2,49
5398,2,9
5399,3,22
5400,2,22
5401,5,34
5402,2,203
5403,2,22
5404,3,18
5405,2,22
5406,2,71
5407,3,47
5408,2,11
5409,2,11
5410,2,16
5411,3,19
5412,2,109
5413,3,13
5414,2,21
5415,3,20
5416,2,28
5417,2,75
5418,2,22
5419,2,27
5420,3,15
5421,2,87
5422,2,19
5423,2,17
5424,2,25
5425,2,207
5426,2,12
5427,3,19
5428,2,20
5429,2,14
5430,4,23
5431,2,11
5432,3,32
5433,2,42
5434,3,17
5435,3,28
5436,2,8
5437,2,12
5438,2,63
5439,4,55
5440,2,10
5441,2,15
5442,2,19
5443,2,21
5444,3,18
5445,3,22
5446,2,87
5447,2,14
5448,2,16
5449,3,69
5450,2,39
5451,2,9
5452,2,23
5453,2,27
5454,2,31
5455,2,45
5456,2,18
5457,2,12
5458,3,13
5459,2,19
5460,2,11
5461,2,17
5462,2,35
5463,2,31
5464,2,22
5465,2,16
5466,2,14
5467,2,53
5468,2,19
5469,2,32
5470,3,191
5471,2,15
5472,2,15
5473,2,12
5474,3,26
5475,2,14
5476,2,108
5477,2,199
5478,3,18
5479,3,26
5480,2,87
5481,2,112
5482,2,13
5483,2,14
5484,3,14
5485,2,39
5486,2,16
5487,3,26
5488,2,30
5489,2,27
5490,2,11
5491,2,16
5492,4,192
5493,2,23
5494,3,31
5495,2,15
5496,2,134
5497,2,20
5498,2,12
5499,2,54
5500,2,21
5501,2,12
5502,2,23
5503,2,23
5504,2,12
5505,2,11
5506,2,16
5507,2,8
5508,2,17
5509,2,14
5510,2,21
5511,2,10
5512,2,188
5513,2,20
5514,2,14
5515,2,22
5516,3,19
5517,4,58
5518,2,13
5519,3,13
5520,2,15
5521,2,42
5522,2,23
5523,2,65
5524,3,30
5525,2,14
5526,2,9
5527,2,26
5528,2,45
5529,4,20
5530,2,96
5531,3,29
5532,2,9
5533,2,9
5534,2,47
5535,2,13
5536,2,18
5537,2,32
5538,2,29
5539,2,24
5540,2,110
5541,2,13
5542,3,32
5543,2,27
5544,2,12
5545,2,12
5546,2,33
5547,4,28
5548,2,11
5549,2,11
5550,2,27
5551,3,14
5552,2,49
5553,2,14
5554,2,9
5555,2,40
5556,3,39
5557,3,23
5558,2,11
5559,2,39
5560,2,11
5561,2,13
5562,2,9
5563,2,25
5564,2,35
5565,3,44
5566,3,25
5567,3,28
5568,2,15
5569,2,17
5570,3,22
5571,2,11
5572,2,14
5573,2,38
5574,4,44
5575,3,26
5576,3,33
5577,2,30
5578,2,15
5579,2,10
5580,4,19
5581,2,11
5582,3,15
5583,2,13
5584,3,29
5585,2,15
5586,2,10
5587,2,15
5588,2,53
5589,2,36
5590,3,20
5591,2,115
5592,2,10
5593,2,8
5594,3,12
5595,2,51
5596,2,16
5597,2,128
5598,2,17
5599,2,14
5600,2,29
5601,2,12
5602,2,23
5603,3,111
5604,2,22
5605,2,10
5606,2,10
5607,2,87
5608,3,26
5609,2,13
5610,2,209
5611,2,46
5612,2,10
5613,2,9
5614,2,18
5615,2,18
5616,2,11
5617,2,16
5618,2,187
5619,2,50
5620,3,28
5621,3,27
5622,2,21
5623,3,41
5624,2,16
5625,2,11
5626,4,20
5627,3,24
5628,3,80
5629,2,17
5630,2,28
5631,2,94
5632,2,60
5633,2,31
5634,3,56
5635,2,13
5636,3,49
5637,2,12
5638,2,13
5639,2,42
5640,3,266
5641,2,55
5642,2,23
5643,3,38
5644,2,14
5645,2,36
5646,3,24
5647,2,18
5648,2,20
5649,2,45
5650,4,29
5651,2,116
5652,3,19
5653,2,16
5654,2,42
5655,2,13
5656,2,18
5657,2,46
5658,2,15
5659,3,77
5660,2,9
5661,2,13
5662,2,15
5663,2,35
5664,2,82
5665,2,50
5666,2,55
5667,3,21
5668,3,16
5669,2,11
5670,2,9
5671,3,26
5672,2,48
5673,2,31
5674,2,10
5675,2,8
5676,3,18
5677,2,88
5678,2,30
5679,3,15
5680,3,41
5681,2,17
5682,2,33
5683,2,15
5684,2,13
5685,2,12
5686,3,11
5687,2,117
5688,2,16
5689,2,21
5690,4,28
5691,3,12
5692,5,50
5693,3,15
5694,3,46
5695,3,21
5696,2,16
5697,2,65
5698,2,13
5699,4,43
5700,2,14
5701,2,10
5702,2,29
5703,2,17
5704,2,102
5705,3,14
5706,2,9
5707,4,18
5708,2,21
5709,2,20
5710,2,15
5711,2,22
5712,2,9
5713,2,9
5714,2,19
5715,2,196
5716,3,17
5717,2,216
5718,3,20
5719,3,18
5720,2,15
5721,2,14
5722,2,16
5723,2,19
5724,2,14
5725,2,109
5726,2,10
5727,2,31
5728,3,38
5729,3,13
5730,2,34
5731,2,18
5732,2,11
5733,3,224
5734,2,29
5735,3,36
5736,2,122
5737,2,11
5738,2,9
5739,2,111
5740,2,26
5741,4,15
5742,3,15
5743,3,190
5744,2,23
5745,2,20
5746,2,38
5747,2,59
5748,2,14
5749,2,12
5750,2,13
5751,2,10
5752,2,30
5753,2,17
5754,4,14
5755,2,11
5756,4,17
5757,3,23
5758,2,28
5759,2,35
5760,3,47
5761,2,13
5762,2,10
5763,2,18
5764,3,12
5765,2,40
5766,2,14
5767,2,40
5768,2,13
5769,2,8
5770,3,26
5771,3,30
5772,2,10
5773,2,12
5774,2,13
5775,2,12
5776,2,9
5777,3,12
5778,2,37
5779,2,14
5780,2,18
5781,2,8
5782,2,18
5783,3,47
5784,4,20
5785,2,32
5786,3,17
5787,2,40
5788,2,46
5789,3,16
5790,3,21
5791,2,9
5792,2,28
5793,4,19
5794,2,10
5795,2,59
5796,4,34
5797,2,64
5798,2,21
5799,2,27
5800,2,44
5801,2,50
5802,4,45
5803,2,28
5804,2,15
5805,2,50
5806,2,62
5807,2,188
5808,2,21
5809,3,12
5810,2,41
5811,2,10
5812,2,47
5813,2,24
5814,3,24
5815,2,101
5816,2,44
5817,2,19
5818,2,39
5819,2,15
5820,2,25
5821,3,22
5822,2,51
5823,6,55
5824,2,189
5825,2,15
5826,2,13
5827,2,17
5828,2,68
5829,4,15
5830,2,24
5831,3,40
5832,2,22
5833,3,15
5834,2,10
5835,2,11
5836,2,11
5837,2,27
5838,2,14
5839,2,15
5840,2,10
5841,2,67
5842,2,17
5843,3,34
5844,2,19
5845,2,115
5846,2,94
5847,2,10
5848,3,18
5849,3,45
5850,2,214
5851,2,16
5852,3,47
5853,2,16
5854,2,15
5855,2,128
5856,3,33
5857,2,30
5858,2,19
5859,3,29
5860,2,20
5861,3,98
5862,3,67
5863,4,220
5864,2,16
5865,2,14
5866,4,33
5867,2,29
5868,4,33
5869,2,44
5870,2,86
5871,2,26
5872,3,14
5873,2,14
5874,4,39
5875,2,15
5876,2,10
5877,2,11
5878,3,17
5879,4,29
5880,2,17
5881,4,16
5882,2,14
5883,2,17
5884,2,15
5885,2,16
5886,2,25
5887,2,14
5888,3,25
5889,2,10
5890,2,30
5891,2,13
5892,2,46
5893,2,12
5894,2,11
5895,2,21
5896,2,21
5897,3,27
5898,2,19
5899,2,17
5900,2,14
5901,2,65
5902,2,10
5903,2,11
5904,2,11
5905,2,109
5906,3,193
5907,2,198
5908,3,14
5909,2,14
5910,2,35
5911,2,19
5912,2,19
5913,2,8
5914,2,17
5915,3,48
5916,2,42
5917,3,63
5918,2,23
5919,2,45
5920,2,22
5921,2,26
5922,3,115
5923,2,62
5924,2,27
5925,2,12
5926,2,8
5927,2,72
5928,2,10
5929,4,24
5930,2,102
5931,3,58
5932,2,15
5933,3,50
5934,2,54
5935,2,12
5936,2,51
5937,2,10
5938,2,14
5939,2,31
5940,2,8
5941,2,11
5942,2,22
5943,3,12
5944,2,23
5945,2,9
5946,2,190
5947,2,50
5948,3,19
5949,2,27
5950,2,16
5951,2,22
5952,2,14
5953,2,61
5954,4,16
5955,2,17
5956,2,19
5957,2,13
5958,2,19
5959,4,18
5960,2,115
5961,3,13
5962,2,17
5963,2,13
5964,2,22
5965,2,10
5966,2,37
5967,3,18
5968,3,13
5969,2,200
5970,2,84
5971,2,19
5972,2,23
5973,2,9
5974,3,15
5975,2,11
5976,3,46
5977,2,11
5978,2,13
5979,2,31
5980,2,11
5981,2,43
5982,2,17
5983,2,8
5984,2,15
5985,3,15
5986,3,59
5987,2,42
5988,2,187
5989,2,70
5990,3,32
5991,2,8
5992,2,18
5993,2,13
5994,2,13
5995,2,21
5996,2,14
5997,2,14
5998,2,50
5999,3,13
6000,2,22
6001,2,11
6002,2,17
6003,3,27
6004,2,15
6005,3,22
6006,2,19
6007,2,23
6008,3,22
6009,2,25
6010,2,8
6011,3,19
6012,2,28
6013,2,16
6014,2,19
6015,2,8
6016,2,28
6017,3,16
6018,4,22
6019,3,12
6020,2,108
6021,2,69
6022,2,33
6023,2,15
6024,2,18
6025,2,60
6026,2,101
6027,2,12
6028,2,16
6029,2,14
6030,3,29
6031,2,112
6032,2,68
6033,2,25
6034,2,18
6035,2,56
6036,3,18
6037,2,36
6038,2,204
6039,3,39
6040,2,9
6041,2,27
6042,2,188
6043,2,26
6044,2,12
6045,2,13
6046,4,24
6047,2,24
6048,2,8
6049,4,36
6050,2,31
6051,3,51
6052,4,20
6053,4,20
6054,2,129
6055,2,40
6056,2,13
6057,2,17
6058,3,25
6059,2,200
6060,2,23
6061,2,11
6062,2,8
6063,2,10
6064,2,11
6065,2,24
6066,2,75
6067,2,20
6068,2,25
6069,2,9
6070,2,13
6071,2,54
6072,2,58
6073,3,190
6074,2,29
6075,4,17
6076,2,18
6077,2,14
6078,2,198
6079,3,14
6080,2,86
6081,2,18
6082,2,16
6083,3,120
6084,4,53
6085,2,14
6086,2,18
6087,2,10
6088,2,36
6089,2,210
6090,2,15
6091,2,40
6092,2,12
6093,4,205
6094,2,15
6095,2,44
6096,2,28
6097,2,43
6098,2,12
6099,2,19
6100,2,17
6101,2,11
6102,3,65
6103,2,11
6104,2,114
6105,3,193
6106,3,14
6107,2,29
6108,3,31
6109,2,18
6110,2,23
6111,2,14
6112,2,123
6113,2,24
6114,2,12
6115,2,8
6116,2,22
6117,2,198
6118,2,10
6119,2,25
6120,3,14
6121,2,8
6122,2,13
6123,2,10
6124,2,52
6125,2,36
6126,3,27
6127,2,18
6128,2,11
6129,2,25
6130,2,9
6131,2,10
6132,2,9
6133,3,42
6134,2,189
6135,2,16
6136,3,37
6137,2,28
6138,3,22
6139,2,17
6140,2,9
6141,2,35
6142,2,20
6143,3,81
6144,4,19
6145,2,17
6146,2,61
6147,2,29
6148,3,20
6149,3,24
6150,2,23
6151,3,117
6152,2,15
6153,3,11
6154,2,12
6155,2,39
6156,2,93
6157,2,14
6158,2,108
6159,2,13
6160,3,17
6161,2,13
6162,3,13
6163,2,188
6164,2,108
6165,2,38
6166,2,23
6167,2,25
6168,2,14
6169,3,11
6170,2,197
6171,3,32
6172,2,9
6173,2,55
6174,2,12
6175,2,16
6176,2,215
6177,3,15
6178,3,11
6179,2,15
6180,2,8
6181,2,9
6182,2,19
6183,2,15
6184,3,12
6185,2,25
6186,2,28
6187,2,22
6188,2,9
6189,2,21
6190,2,14
6191,2,15
6192,2,62
6193,2,13
6194,2,42
6195,2,46
6196,2,10
6197,2,9
6198,2,10
6199,2,21
6200,2,12
6201,3,11
6202,2,9
6203,2,12
6204,2,9
6205,2,49
6206,2,10
6207,2,17
6208,2,16
6209,2,199
6210,2,52
6211,2,193
6212,2,12
6213,2,11
6214,2,206
6215,4,59
6216,2,12
6217,2,39
6218,2,25
6219,2,12
6220,2,19
6221,4,38
6222,2,15
6223,3,24
6224,2,15
6225,2,14
6226,2,17
6227,2,17
6228,2,15
6229,2,68
6230,2,40
6231,2,10
6232,2,27
6233,2,68
6234,3,50
6235,2,20
6236,2,19
6237,2,8
6238,2,196
6239,2,9
6240,2,12
6241,2,24
6242,3,18
6243,2,9
6244,2,18
6245,2,118
6246,2,16
6247,2,22
6248,2,18
6249,2,23
6250,3,21
6251,4,20
6252,3,22
6253,2,12
6254,2,198
6255,3,13
6256,4,248
6257,2,12
6258,3,14
6259,2,20
6260,2,33
6261,2,50
6262,2,13
6263,2,28
6264,2,197
6265,2,17
6266,2,15
6267,3,14
6268,3,20
6269,3,12
6270,2,19
6271,2,27
6272,4,37
6273,2,13
6274,2,15
6275,3,18
6276,2,8
6277,3,19
6278,2,13
6279,2,9
6280,2,41
6281,2,44
6282,2,50
6283,2,18
6284,2,21
6285,2,40
6286,2,35
6287,2,42
6288,2,18
6289,2,11
6290,2,17
6291,3,31
6292,2,23
6293,2,10
6294,2,27
6295,2,21
6296,2,64
6297,3,27
6298,2,10
6299,2,22
6300,4,16
6301,2,20
6302,2,27
6303,2,18
6304,2,10
6305,4,21
6306,2,17
6307,2,185
6308,3,35
6309,4,117
6310,3,15
6311,2,23
6312,2,14
6313,2,23
6314,2,9
6315,2,98
6316,2,9
6317,2,17
6318,2,10
6319,2,14
6320,2,25
6321,2,14
6322,3,45
6323,2,11
6324,2,10
6325,2,8
6326,2,29
6327,3,34
6328,2,18
6329,2,13
6330,2,28
6331,3,36
6332,2,60
6333,2,25
6334,2,14
6335,2,11
6336,2,118
6337,2,12
6338,2,22
6339,2,10
6340,2,23
6341,2,24
6342,2,8
6343,3,27
6344,2,50
6345,2,9
6346,2,55
6347,2,13
6348,2,12
6349,5,25
6350,2,41
6351,3,24
6352,2,63
6353,3,204
6354,2,14
6355,2,132
6356,2,29
6357,4,196
6358,2,13
6359,5,102
6360,2,22
6361,3,34
6362,2,116
6363,2,40
6364,2,15
6365,2,30
6366,2,13
6367,2,8
6368,2,9
6369,4,21
6370,2,16
6371,2,48
6372,2,15
6373,2,46
6374,4,44
6375,2,12
6376,2,17
6377,2,12
6378,3,67
6379,2,38
6380,2,105
6381,2,20
6382,2,19
6383,2,10
6384,2,47
6385,2,45
6386,2,23
6387,2,14
6388,2,196
6389,2,10
6390,2,16
6391,2,188
6392,5,42
6393,2,21
6394,2,13
6395,2,9
6396,2,66
6397,2,33
6398,2,8
6399,3,16
6400,2,10
6401,2,19
6402,3,24
6403,2,35
6404,2,10
6405,2,8
6406,2,18
6407,2,11
6408,2,41
6409,2,11
6410,2,29
6411,2,41
6412,2,33
6413,2,64
6414,4,25
6415,2,9
6416,3,20
6417,2,11
6418,3,20
6419,3,33
6420,4,42
6421,2,28
6422,2,20
6423,2,12
6424,2,12
6425,2,10
6426,2,31
6427,2,20
6428,2,11
6429,2,43
6430,2,14
6431,2,14
6432,2,19
6433,2,20
6434,2,70
6435,2,21
6436,5,27
6437,2,13
6438,2,10
6439,2,26
6440,3,26
6441,2,18
6442,2,11
6443,2,62
6444,2,12
6445,2,14
6446,2,19
6447,2,19
6448,2,11
6449,2,25
6450,2,109
6451,2,52
6452,2,43
6453,2,10
6454,2,22
6455,2,13
6456,2,9
6457,2,188
6458,2,42
6459,3,43
6460,2,28
6461,2,9
6462,3,41
6463,2,12
6464,2,17
6465,2,34
6466,3,51
6467,2,52
6468,2,14
6469,3,11
6470,2,31
6471,2,65
6472,2,11
6473,3,16
6474,2,17
6475,3,39
6476,3,13
6477,2,9
6478,2,22
6479,2,18
6480,3,14
6481,3,13
6482,2,14
6483,2,11
6484,2,17
6485,2,23
6486,2,16
6487,2,11
6488,2,9
6489,2,38
6490,2,39
6491,2,24
6492,2,17
6493,2,32
6494,2,12
6495,3,15
6496,2,46
6497,2,10
6498,2,11
6499,3,17
6500,2,198
6501,2,8
6502,2,36
6503,2,9
6504,2,48
6505,2,64
6506,2,17
6507,2,198
6508,2,188
6509,2,23
6510,2,49
6511,2,9
6512,2,129
6513,2,22
6514,2,24
6515,2,8
6516,2,32
6517,2,13
6518,3,32
6519,3,17
6520,2,11
6521,2,46
6522,3,24
6523,2,12
6524,3,25
6525,3,37
6526,2,9
6527,2,12
6528,2,12
6529,2,27
6530,2,8
6531,2,29
6532,3,15
6533,2,11
6534,2,187
6535,2,8
6536,2,21
6537,2,16
6538,2,13
6539,2,24
6540,2,18
6541,4,17
6542,3,19
6543,3,23
6544,2,31
6545,2,20
6546,4,28
6547,2,39
6548,2,24
6549,2,16
6550,2,28
6551,2,22
6552,2,8
6553,2,10
6554,3,39
6555,3,24
6556,2,30
6557,2,63
6558,2,26
6559,2,100
6560,2,46
6561,3,19
6562,2,13
6563,2,40
6564,2,31
6565,2,39
6566,2,12
6567,2,15
6568,2,31
6569,4,38
6570,2,38
6571,3,11
6572,2,18
6573,3,47
6574,2,22
6575,3,32
6576,2,9
6577,3,14
6578,3,115
6579,2,30
6580,2,10
6581,2,95
6582,2,14
6583,3,21
6584,2,13
6585,2,199
6586,2,15
6587,2,9
6588,2,9
6589,2,13
6590,2,24
6591,2,11
6592,2,13
6593,2,13
6594,2,11
6595,2,11
6596,3,15
6597,2,21
6598,2,44
6599,2,12
6600,2,20
6601,2,14
6602,2,19
6603,2,12
6604,2,15
6605,2,12
6606,2,15
6607,2,19
6608,3,27
6609,2,16
6610,2,37
6611,2,23
6612,2,17
6613,2,24
6614,3,190
6615,2,31
6616,2,40
6617,2,9
6618,2,9
6619,2,42
6620,2,10
6621,3,199
6622,2,31
6623,2,31
6624,3,18
6625,2,9
6626,2,22
6627,3,16
6628,2,16
6629,2,8
6630,2,19
6631,2,13
6632,2,10
6633,2,27
6634,2,106
6635,2,14
6636,3,33
6637,2,69
6638,2,14
6639,2,13
6640,2,12
6641,2,18
6642,2,126
6643,2,19
6644,2,11
6645,2,43
6646,2,14
6647,2,24
6648,2,9
6649,2,18
6650,2,101
6651,2,13
6652,2,18
6653,2,14
6654,2,12
6655,2,18
6656,2,46
6657,2,111
6658,2,8
6659,2,19
6660,5,25
6661,2,25
6662,2,13
6663,2,78
6664,2,10
6665,2,27
6666,2,60
6667,2,31
6668,2,29
6669,2,10
6670,2,41
6671,2,13
6672,2,20
6673,2,12
6674,2,15
6675,4,17
6676,3,16
6677,2,12
6678,3,12
6679,2,10
6680,2,10
6681,3,26
6682,2,25
6683,2,28
6684,2,16
6685,2,8
6686,2,14
6687,2,93
6688,2,16
6689,2,41
6690,3,24
6691,2,21
6692,2,10
6693,2,15
6694,2,196
6695,2,15
6696,2,37
6697,2,153
6698,2,15
6699,3,26
6700,3,32
6701,2,17
6702,2,18
6703,2,185
6704,2,22
6705,2,19
6706,2,9
6707,4,20
6708,3,12
6709,2,15
6710,3,32
6711,2,15
6712,2,9
6713,2,27
6714,2,11
6715,3,12
6716,2,24
6717,2,14
6718,2,15
6719,2,13
6720,2,30
6721,2,43
6722,3,12
6723,2,15
6724,2,36
6725,2,10
6726,2,197
6727,2,31
6728,2,34
6729,2,66
6730,4,48
6731,2,12
6732,2,22
6733,2,31
6734,3,13
6735,2,11
6736,2,10
6737,2,10
6738,2,18
6739,2,24
6740,2,11
6741,3,14
6742,2,26
6743,2,25
6744,2,29
6745,2,10
6746,2,13
6747,3,28
6748,2,15
6749,2,16
6750,2,19
6751,2,11
6752,2,17
6753,2,50
6754,2,86
6755,2,26
6756,2,61
6757,2,24
6758,3,23
6759,2,12
6760,2,9
6761,2,13
6762,2,15
6763,2,23
6764,2,12
6765,2,8
6766,2,13
6767,3,13
6768,2,10
6769,2,11
6770,2,24
6771,2,11
6772,2,12
6773,2,46
6774,2,29
6775,2,11
6776,3,14
6777,2,11
6778,2,17
6779,2,15
6780,2,23
6781,2,14
6782,2,16
6783,2,9
6784,2,15
6785,2,11
6786,2,42
6787,2,9
6788,2,40
6789,2,65
6790,2,16
6791,2,10
6792,2,15
6793,2,56
6794,2,36
6795,2,19
6796,2,48
6797,2,10
6798,2,19
6799,2,12
6800,2,185
6801,2,24
6802,2,12
6803,2,21
6804,2,61
6805,2,18
6806,2,8
6807,3,14
6808,2,10
6809,2,10
6810,2,11
6811,3,78
6812,2,25
6813,2,13
6814,2,13
6815,2,12
6816,2,31
6817,2,11
6818,2,19
6819,3,11
6820,2,25
6821,2,27
6822,2,23
6823,2,14
6824,2,9
6825,2,17
6826,2,13
6827,3,24
6828,2,15
6829,3,30
6830,2,9
6831,2,185
6832,2,8
6833,2,11
6834,2,28
6835,3,19
6836,3,17
6837,2,45
6838,2,23
6839,2,17
6840,2,42
6841,2,192
6842,2,22
6843,2,28
6844,3,22
6845,2,24
6846,2,9
6847,2,14
6848,2,8
6849,2,46
6850,2,14
6851,2,10
6852,3,45
6853,2,12
6854,2,29
6855,3,12
6856,2,13
6857,3,29
6858,4,16
6859,2,28
6860,3,32
6861,2,24
6862,2,106
6863,2,20
6864,3,26
6865,4,21
6866,3,33
6867,2,41
6868,2,14
6869,2,113
6870,2,9
6871,2,10
6872,2,9
6873,2,30
6874,2,11
6875,2,8
6876,2,11
6877,2,64
6878,2,10
6879,2,66
6880,5,31
6881,2,18
6882,3,18
6883,2,29
6884,2,8
6885,2,15
6886,3,17
6887,4,18
6888,2,52
6889,2,8
6890,2,196
6891,2,8
6892,2,8
6893,2,11
6894,3,15
6895,2,15
6896,2,37
6897,2,19
6898,2,22
6899,2,24
6900,2,27
6901,2,19
6902,2,11
6903,2,22
6904,2,17
6905,2,13
6906,2,21
6907,2,33
6908,2,54
6909,3,13
6910,2,32
6911,2,11
6912,2,34
6913,2,88
6914,2,114
6915,2,18
6916,2,14
6917,2,47
6918,2,39
6919,2,18
6920,2,13
6921,2,11
6922,3,108
6923,2,27
6924,2,10
6925,3,12
6926,2,10
6927,2,14
6928,2,215
6929,2,47
6930,2,34
6931,2,8
6932,2,18
6933,3,11
6934,2,24
6935,2,13
6936,2,8
6937,2,18
6938,2,38
6939,2,10
6940,2,17
6941,3,113
6942,2,45
6943,2,22
6944,2,185
6945,2,17
6946,2,11
6947,2,11
6948,2,12
6949,3,29
6950,2,35
6951,2,112
6952,3,18
6953,2,62
6954,3,29
6955,2,24
6956,2,29
6957,3,39
6958,2,31
6959,2,17
6960,2,19
6961,2,13
6962,2,13
6963,2,13
6964,2,11
6965,2,14
6966,2,12
6967,2,114
6968,3,14
6969,2,88
6970,2,14
6971,2,15
6972,2,8
6973,2,65
6974,2,17
6975,2,23
6976,2,15
6977,3,16
6978,4,40
6979,2,8
6980,2,10
6981,3,14
6982,2,34
6983,2,23
6984,2,10
6985,2,32
6986,3,24
6987,3,13
6988,2,9
6989,3,14
6990,2,23
6991,3,30
6992,2,13
6993,2,13
6994,3,190
6995,2,45
6996,2,58
6997,2,143
6998,2,10
6999,2,26
7000,2,14
7001,2,208
7002,2,47
7003,2,17
7004,2,10
7005,2,53
7006,2,15
7007,2,16
7008,2,187
7009,3,44
7010,2,15
7011,2,10
7012,2,9
7013,2,72
7014,2,9
7015,2,15
7016,3,68
7017,2,196
7018,3,34
7019,2,97
7020,2,67
7021,2,17
7022,2,12
7023,2,24
7024,2,11
7025,2,26
7026,2,14
7027,2,10
7028,2,21
7029,2,10
7030,2,14
7031,2,72
7032,2,27
7033,2,29
7034,2,9
7035,2,109
7036,2,15
7037,2,185
7038,2,35
7039,2,23
7040,2,25
7041,2,12
7042,3,12
7043,2,31
7044,3,21
7045,2,14
7046,2,10
7047,2,21
7048,2,32
7049,2,12
7050,2,10
7051,2,49
7052,2,10
7053,2,12
7054,2,11
7055,2,10
7056,2,52
7057,2,57
7058,2,14
7059,2,30
7060,3,22
7061,2,18
7062,2,15
7063,2,8
7064,4,19
7065,2,22
7066,2,12
7067,3,41
7068,2,28
7069,2,24
7070,3,17
7071,2,102
7072,2,41
7073,2,187
7074,2,8
7075,2,199
7076,2,46
7077,2,50
7078,2,17
7079,2,14
7080,2,28
7081,2,112
7082,3,11
7083,3,48
7084,2,97
7085,2,112
7086,3,15
7087,2,16
7088,2,30
7089,2,19
7090,2,27
7091,2,17
7092,2,18
7093,2,38
7094,2,62
7095,2,26
7096,2,13
7097,2,188
7098,2,59
7099,2,13
7100,2,10
7101,3,16
7102,2,42
7103,2,10
7104,2,40
7105,2,12
7106,4,15
7107,2,44
7108,2,187
7109,2,10
7110,2,30
7111,2,12
7112,2,13
7113,3,15
7114,3,54
7115,2,12
7116,2,9
7117,2,21
7118,2,15
7119,2,8
7120,2,17
7121,2,15
7122,2,12
7123,2,21
7124,2,9
7125,2,74
7126,2,15
7127,2,14
7128,3,11
7129,2,51
7130,2,9
7131,2,14
7132,2,23
7133,2,9
7134,2,52
7135,2,34
7136,2,52
7137,2,16
7138,2,27
7139,2,40
7140,2,17
7141,2,10
7142,2,20
7143,2,17
7144,2,11
7145,2,17
7146,2,17
7147,2,13
7148,2,11
7149,2,42
7150,2,23
7151,2,8
7152,2,12
7153,3,14
7154,2,11
7155,3,112
7156,2,26
7157,3,124
7158,2,11
7159,2,18
7160,2,114
7161,2,10
7162,2,11
7163,2,10
7164,2,9
7165,2,18
7166,2,28
7167,2,14
7168,3,13
7169,2,15
7170,2,11
7171,2,10
7172,2,108
7173,2,38
7174,3,12
7175,2,43
7176,2,9
7177,2,189
7178,2,98
7179,2,9
7180,2,12
7181,2,87
7182,2,52
7183,2,197
7184,4,15
7185,2,44
7186,2,16
7187,2,11
7188,3,14
7189,2,188
7190,2,22
7191,2,41
7192,2,17
7193,2,11
7194,2,32
7195,2,43
7196,2,15
7197,2,98
7198,2,23
7199,2,9
7200,2,27
7201,2,12
7202,3,18
7203,3,12
7204,2,13
7205,2,14
7206,3,12
7207,2,10
7208,2,13
7209,2,45
7210,2,13
7211,3,15
7212,2,23
7213,2,27
7214,2,14
7215,2,12
7216,2,11
7217,2,11
7218,2,84
7219,2,12
7220,2,13
7221,2,8
7222,2,76
7223,2,41
7224,2,13
7225,2,10
7226,2,199
7227,2,12
7228,3,191
7229,3,37
7230,2,93
7231,2,20
7232,2,10
7233,2,12
7234,2,8
7235,2,16
7236,2,18
7237,2,11
7238,2,26
7239,2,10
7240,2,10
7241,2,22
7242,2,15
7243,2,19
7244,2,10
7245,2,8
7246,2,50
7247,3,21
7248,2,14
7249,2,25
7250,2,55
7251,2,13
7252,2,13
7253,2,237
7254,2,22
7255,2,8
7256,2,23
7257,3,40
7258,2,45
7259,3,21
7260,2,48
7261,2,11
7262,2,109
7263,3,11
7264,2,14
7265,2,30
7266,2,16
7267,2,28
7268,2,24
7269,2,9
7270,2,16
7271,3,14
7272,2,14
7273,2,9
7274,2,8
7275,2,15
7276,2,11
7277,2,9
7278,3,15
7279,2,12
7280,2,16
7281,2,26
7282,2,11
7283,2,46
7284,2,13
7285,4,22
7286,2,9
7287,2,28
7288,2,13
7289,2,60
7290,2,26
7291,2,13
7292,2,18
7293,2,16
7294,2,72
7295,2,10
7296,2,87
7297,2,40
7298,2,31
7299,2,10
7300,2,11
7301,2,35
7302,2,10
7303,2,13
7304,2,18
7305,2,42
7306,2,190
7307,2,35
7308,2,17
7309,2,24
7310,2,14
7311,2,21
7312,2,108
7313,2,10
7314,2,29
7315,2,20
7316,3,97
7317,2,11
7318,2,16
7319,2,18
7320,2,60
7321,2,21
7322,2,73
7323,2,11
7324,2,21
7325,2,51
7326,2,13
7327,2,10
7328,2,26
7329,2,13
7330,2,41
7331,2,18
7332,2,27
7333,2,48
7334,2,185
7335,2,24
7336,2,15
7337,2,13
7338,2,18
7339,2,23
7340,2,22
7341,2,10
7342,2,11
7343,3,16
7344,2,192
7345,2,13
7346,2,33
7347,2,9
7348,2,43
7349,2,55
7350,2,199
7351,3,15
7352,2,11
7353,2,31
7354,2,9
7355,2,8
7356,2,9
7357,2,111
7358,2,14
7359,2,60
7360,2,50
7361,3,117
7362,2,12
7363,2,119
7364,2,199
7365,2,10
7366,2,15
7367,2,24
7368,2,14
7369,2,74
7370,2,11
7371,2,16
7372,2,187
7373,2,35
7374,2,20
7375,2,21
7376,2,18
7377,2,17
7378,2,214
7379,2,15
7380,2,10
7381,2,12
7382,2,21
7383,2,10
7384,2,26
7385,2,18
7386,2,97
7387,2,234
7388,2,12
7389,2,28
7390,2,25
7391,2,187
7392,2,50
7393,2,25
7394,2,10
7395,2,15
7396,2,14
7397,2,15
7398,2,17
7399,2,17
7400,2,13
7401,2,11
7402,3,50
7403,2,23
7404,3,38
7405,2,17
7406,2,29
7407,2,13
7408,2,40
7409,2,208
7410,2,45
7411,2,39
7412,2,8
7413,2,13
7414,2,8
7415,2,10
7416,2,20
7417,3,25
7418,2,13
7419,2,49
7420,2,10
7421,2,11
7422,2,10
7423,2,25
7424,2,12
7425,3,28
7426,2,30
7427,2,15
7428,2,10
7429,2,8
7430,2,15
7431,2,190
7432,2,10
7433,2,10
7434,2,10
7435,2,8
7436,2,17
7437,3,58
7438,2,40
7439,2,19
7440,2,9
7441,3,28
7442,2,10
7443,2,49
7444,2,29
7445,2,11
7446,2,17
7447,2,15
7448,2,8
7449,2,12
7450,2,14
7451,2,14
7452,3,15
7453,2,27
7454,2,8
7455,2,17
7456,2,205
7457,2,10
7458,2,38
7459,2,9
7460,2,29
7461,2,14
7462,2,17
7463,2,13
7464,2,15
7465,2,15
7466,2,20
7467,2,11
7468,2,10
7469,2,37
7470,2,24
7471,2,12
7472,2,24
7473,2,54
7474,2,24
7475,2,25
7476,2,8
7477,2,10
7478,3,29
7479,2,93
7480,2,10
7481,3,28
7482,2,16
7483,2,15
7484,2,25
7485,2,16
7486,2,28
7487,2,11
7488,2,12
7489,2,41
7490,2,51
7491,2,19
7492,2,42
7493,2,115
7494,2,96
7495,2,29
7496,2,14
7497,2,10
7498,2,44
7499,2,17
7500,2,14
7501,2,16
7502,2,9
7503,2,26
7504,2,31
7505,2,14
7506,2,12
7507,2,39
7508,2,8
7509,2,44
7510,2,19
7511,2,18
7512,2,54
7513,2,8
7514,2,10
7515,2,9
7516,2,17
7517,2,35
7518,2,12
7519,2,9
7520,2,10
7521,2,9
7522,2,60
7523,2,14
7524,2,18
7525,2,33
7526,3,42
7527,2,122
7528,2,31
7529,2,68
7530,2,8
7531,2,9
7532,2,11
7533,2,10
7534,2,12
7535,2,23
7536,2,32
7537,2,9
7538,2,8
7539,2,19
7540,2,19
7541,2,9
7542,2,9
7543,2,29
7544,2,41
7545,2,13
7546,2,22
7547,2,28
7548,3,48
7549,2,11
7550,2,13
7551,2,68
7552,2,17
7553,2,9
7554,2,14
7555,2,44
7556,2,113
7557,2,69
7558,2,58
7559,2,19
7560,2,12
7561,2,33
7562,2,116
7563,2,11
7564,2,12
7565,2,14
7566,2,53
7567,2,11
7568,2,19
7569,2,12
7570,2,38
7571,2,22
7572,2,8
7573,2,25
7574,2,13
7575,3,12
7576,2,42
7577,2,45
7578,2,9
7579,2,8
7580,2,187
7581,2,10
7582,2,24
7583,3,14
7584,2,88
7585,2,14
7586,2,17
7587,2,17
7588,2,140
7589,3,13
7590,2,8
7591,2,8
7592,2,39
7593,2,36
7594,2,10
7595,2,208
7596,2,47
7597,3,197
7598,2,8
7599,2,8
7600,2,8
7601,2,21
7602,2,14
7603,2,21
7604,2,19
7605,2,70
7606,2,23
7607,2,19
7608,3,19
7609,3,16
7610,2,12
7611,2,8
7612,2,8
7613,2,15
7614,2,13
7615,2,71
7616,2,11
7617,3,22
7618,2,10
7619,2,14
7620,2,10
7621,2,11
7622,2,12
7623,2,15
7624,2,32
7625,2,8
7626,2,9
7627,2,14
7628,2,39
7629,2,20
7630,2,47
7631,2,8
7632,2,10
7633,2,23
7634,2,10
7635,2,16
7636,2,10
7637,2,8
7638,2,16
7639,2,40
7640,2,10
7641,3,39
7642,2,34
7643,2,26
7644,2,10
7645,2,12
7646,3,13
7647,2,62
7648,2,78
7649,2,63
7650,2,34
7651,2,28
7652,2,21
7653,2,15
7654,2,14
7655,2,16
7656,2,72
7657,2,11
7658,2,12
7659,2,18
7660,2,15
7661,3,11
7662,2,10
7663,2,9
7664,2,17
7665,2,24
7666,2,10
7667,2,17
7668,2,11
7669,2,10
7670,2,22
7671,2,17
7672,2,20
7673,2,8
7674,2,21
7675,2,11
7676,2,34
7677,2,8
7678,2,198
7679,2,23
7680,2,19
7681,2,11
7682,2,14
7683,2,32
7684,2,18
7685,2,23
7686,2,12
7687,2,15
7688,2,8
7689,2,109
7690,2,23
7691,2,15
7692,2,10
7693,2,10
7694,2,15
7695,2,9
7696,2,9
7697,2,15
7698,2,45
7699,2,16
7700,2,9
7701,2,21
7702,2,67
7703,2,34
7704,2,12
7705,2,11
7706,2,54
7707,2,38
7708,2,16
7709,2,8
7710,2,13
7711,2,36
7712,2,9
7713,2,13
7714,2,11
7715,2,8
7716,2,11
7717,2,13
7718,2,59
7719,2,14
7720,2,12
7721,2,17
7722,2,12
7723,2,11
7724,2,20
7725,2,26
7726,2,22
7727,3,15
7728,2,47
7729,3,12
7730,2,12
7731,2,16
7732,2,25
7733,2,12
7734,2,18
7735,2,22
7736,2,9
7737,2,53
7738,2,26
7739,2,27
7740,2,16
7741,2,11
7742,2,22
7743,2,62
7744,2,197
7745,2,18
7746,3,45
7747,2,55
7748,2,23
7749,2,198
7750,2,11
7751,2,58
7752,2,20
7753,2,112
7754,2,12
7755,2,17
7756,2,65
7757,2,17
7758,2,26
7759,2,12
7760,2,14
7761,2,42
7762,2,28
7763,2,13
7764,2,24
7765,2,9
7766,2,71
7767,2,12
7768,2,9
7769,2,38
7770,2,49
7771,2,36
7772,2,9
7773,2,23
7774,2,10
7775,2,30
7776,2,31
7777,2,64
7778,2,14
7779,2,19
7780,2,12
7781,3,13
7782,2,15
7783,2,19
7784,2,22
7785,2,12
7786,2,37
7787,2,14
7788,2,43
7789,2,15
7790,2,12
7791,2,193
7792,2,11
7793,2,11
7794,2,10
7795,2,10
7796,2,10
7797,2,19
7798,2,19
7799,2,13
7800,2,12
7801,2,11
7802,2,14
7803,2,12
7804,2,15
7805,2,16
7806,2,15
7807,2,10
7808,2,32
7809,2,41
7810,2,212
7811,2,18
7812,2,22
7813,2,11
7814,2,17
7815,2,46
7816,2,12
7817,2,8
7818,2,9
7819,2,9
7820,2,23
7821,2,14
7822,2,11
7823,2,56
7824,2,20
7825,2,27
7826,2,17
7827,2,80
7828,2,33
7829,2,13
7830,2,14
7831,2,11
7832,2,45
7833,2,35
7834,2,10
7835,2,23
7836,2,17
7837,2,43
7838,2,9
7839,2,49
7840,2,17
7841,2,41
7842,2,11
7843,2,38
7844,2,17
7845,2,193
7846,2,18
7847,2,8
7848,2,11
7849,2,12
7850,2,27
7851,2,20
7852,2,10
7853,2,26
7854,2,20
7855,2,11
7856,2,11
7857,2,14
7858,2,68
7859,2,8
7860,2,11
7861,2,10
7862,2,46
7863,2,10
7864,2,27
7865,2,15
7866,2,20
7867,2,25
7868,2,22
7869,2,12
7870,3,17
7871,2,102
7872,2,53
7873,2,25
7874,2,14
7875,2,40
7876,2,11
7877,2,115
7878,2,45
7879,2,19
7880,2,11
7881,2,9
7882,2,9
7883,2,35
7884,2,20
7885,2,26
7886,2,33
7887,2,13
7888,2,12
7889,2,16
7890,2,45
7891,2,12
7892,2,12
7893,2,9
7894,2,14
7895,2,9
7896,2,63
7897,2,13
7898,2,11
7899,2,12
7900,2,48
7901,2,12
7902,2,10
7903,2,9
7904,2,14
7905,2,9
7906,2,188
7907,2,12
7908,2,14
7909,2,15
7910,2,21
7911,2,14
7912,2,34
7913,2,10
7914,2,8
7915,2,10
7916,2,9
7917,2,29
7918,2,20
7919,2,24
7920,2,41
7921,2,10
7922,2,10
7923,2,80
7924,2,10
7925,2,71
7926,2,201
7927,2,11
7928,2,9
7929,2,10
7930,2,42
7931,2,14
7932,2,24
7933,2,9
7934,2,43
7935,2,10
7936,2,54
7937,2,14
7938,2,24
7939,2,27
7940,2,8
7941,2,8
7942,2,23
7943,2,17
7944,2,54
7945,2,9
7946,2,13
7947,2,15
7948,2,8
7949,2,12
7950,2,15
7951,2,35
7952,2,9
7953,2,13
7954,2,15
7955,2,60
7956,2,16
7957,2,11
7958,2,20
7959,2,11
7960,2,16
7961,2,22
7962,2,10
7963,2,9
7964,2,9
7965,2,9
7966,2,10
7967,2,46
7968,2,26
7969,2,16
7970,2,44
7971,2,48
7972,2,44
7973,2,43
7974,2,105
7975,2,10
7976,2,20
7977,2,18
7978,2,10
7979,2,8
7980,2,27
7981,2,8
7982,2,43
7983,2,217
7984,2,16
7985,2,44
7986,2,121
7987,2,26
7988,2,10
7989,2,35
7990,2,12
7991,2,11
7992,2,37
7993,2,19
7994,2,13
7995,2,29
7996,2,26
7997,2,8
7998,2,8
7999,2,11
