Node,SIR,Infected_sum
1,0.003991,0
5,0.009785,0
16,0.014784,0
20,0.001778,0
27,0.000114,0
30,0.001378,0
38,0.008912,0
39,0.00372,0
40,0.000129,0
44,0.003126,0
45,0.000113,0
49,0.000129,0
97,0.067527,0
116,0.052294,0
129,0.000289,0
132,0.000144,0
136,0.041356,0
140,0.000161,0
159,0.024524,0
165,0.003697,0
166,0.000152,0
175,0.076548,0
176,0.000258,0
177,0.008869,0
178,0.00012,0
179,0.00538,0
181,0.014246,0
183,0.008264,0
189,0.05498,0
190,0.009192,0
192,0.022364,0
195,0.005625,0
197,0.000178,0
215,0.054528,0
216,0.004483,0
223,0.005728,0
230,0.024128,0
233,0.025419,0
240,0.010609,0
242,0.000999,0
243,0.00434,0
245,0.006765,0
249,0.01352,0
273,0.112866,0
277,0.000116,0
278,0.001251,0
279,0.009623,0
290,0.081741,0
291,0.00013,0
295,0.000115,0
296,0.008595,0
300,0.004689,0
302,0.022473,0
303,0.036479,0
305,0.011071,0
334,0.009209,0
338,0.035253,0
352,0.011519,0
354,0.021397,0
356,0.002378,0
357,0.000138,0
358,0.000115,0
360,0.036597,0
361,0.083462,0
362,0.000546,0
363,0.002596,0
369,0.016821,0
370,0.010853,0
374,0.011551,0
375,0.000115,0
377,0.008264,0
383,0.016151,0
388,0.046495,0
414,0.031466,0
416,0.000146,0
440,0.026304,0
442,0.026278,0
443,0.016396,0
457,0.112929,0
458,0.009502,0
464,0.013277,0
477,0.009268,0
478,0.002661,0
480,0.04057,0
482,0.000115,0
486,0.008454,0
487,0.022654,0
491,0.000133,0
493,0.000141,0
495,0.015654,0
499,0.014029,0
501,0.00012,0
505,0.026123,0
515,0.037865,0
554,0.141168,0
555,0.000541,0
575,0.000517,0
577,0.000149,0
582,0.000764,0
643,0.127712,0
644,0.003637,0
645,0.020392,0
646,0.005275,0
647,0.000123,0
652,0.037529,0
653,0.004138,0
654,0.000153,0
655,0.00023,0
666,0.073468,0
674,0.02517,0
678,0.000554,0
679,0.010316,0
680,0.000114,0
702,0.066079,0
703,0.017117,0
720,0.047297,0
724,0.009515,0
726,0.009753,0
727,0.001766,0
733,0.000135,0
735,0.000115,0
739,0.023908,0
740,0.000884,0
741,0.002493,0
742,0.01208,0
743,0.000113,0
744,0.000117,0
747,0.001945,0
751,0.008578,0
753,0.030696,0
754,0.002939,0
760,0.003244,0
764,0.040922,0
768,0.012261,0
769,0.000117,0
773,0.007796,0
777,0.046344,0
793,0.004903,0
794,0.004125,0
805,0.036133,0
806,0.002984,0
818,0.034748,0
823,0.016637,0
832,0.005929,0
859,0.017083,0
880,0.080172,0
888,0.019081,0
893,0.002403,0
894,0.001413,0
895,0.000134,0
896,0.021911,0
897,0.002973,0
924,0.077794,0
928,0.000117,0
931,0.02685,0
932,0.000115,0
934,0.012275,0
942,0.036719,0
955,0.040265,0
962,0.008022,0
965,0.013111,0
969,0.021899,0
976,0.05467,0
977,0.000116,0
981,0.000887,0
1003,0.035983,0
1008,0.003527,0
1021,0.016098,0
1025,0.066963,0
1026,0.004139,0
1027,0.010458,0
1035,0.076192,0
1036,0.013024,0
1037,0.000137,0
1048,0.016349,0
1049,0.002138,0
1052,0.00593,0
1053,0.004167,0
1078,0.013733,0
1099,0.064774,0
1101,0.007095,0
1110,0.001262,0
1116,0.027404,0
1118,0.042849,0
1121,0.038497,0
1126,0.009804,0
1127,0.00277,0
1132,0.000134,0
1141,0.003455,0
1147,0.020658,0
1149,0.020773,0
1163,0.033538,0
1165,0.001195,0
1166,0.015127,0
1171,0.038924,0
1174,0.019319,0
1176,0.001638,0
1182,0.019125,0
1185,0.030257,0
1186,0.000114,0
1188,0.000117,0
1189,0.003792,0
1191,0.016298,0
1195,0.016291,0
1196,0.01757,0
1197,0.006227,0
1198,0.005056,0
1202,0.004231,0
1203,0.000559,0
1227,0.112725,0
1268,0.085444,0
1270,0.005849,0
1283,0.028032,0
1292,0.028444,0
1293,0.000113,0
1299,0.011401,0
1301,0.021272,0
1306,0.042285,0
1337,0.026414,0
1338,0.003631,0
1344,0.015947,0
1347,0.015673,0
1441,0.130595,0
1444,0.018457,0
1481,0.115428,0
1484,0.000115,0
1488,0.000161,0
1511,0.041178,0
1512,0.000159,0
1514,0.019976,0
1539,0.106628,0
1552,0.013733,0
1555,0.000167,0
1559,0.012842,0
1562,0.000134,0
1563,0.016052,0
1570,0.000396,0
1579,0.010974,0
1581,0.000134,0
1590,0.063492,0
1592,0.000116,0
1593,0.012042,0
1594,0.002773,0
1597,0.006366,0
1598,0.015033,0
1613,0.046742,0
1616,0.092165,0
1620,0.000133,0
1622,0.019289,0
1627,0.018094,0
1628,0.003052,0
1629,0.016193,0
1630,0.001168,0
1631,0.008619,0
1638,0.002661,0
1653,0.063392,0
1657,0.000489,0
1660,0.000296,0
1673,0.064172,0
1691,0.027344,0
1693,0.023329,0
1695,0.02606,0
1696,0.003458,0
1724,0.121406,0
1737,0.009012,0
1743,0.000463,0
1747,0.009024,0
1748,0.00013,0
1765,0.084758,0
1767,0.008734,0
1768,0.000137,0
1769,0.000114,0
1770,0.000114,0
1778,0.02876,0
1779,0.03131,0
1783,0.014373,0
1785,0.034765,0
1789,0.004239,0
1792,0.01689,0
1827,0.102554,0
1829,0.035564,0
1846,0.008974,0
1847,0.000133,0
1849,0.004114,0
1851,0.000144,0
1854,0.001243,0
1856,0.000425,0
1931,0.134615,0
1932,0.000415,0
1937,0.013426,0
1973,0.004487,0
1974,0.000137,0
1985,0.000115,0
2009,0.039776,0
2010,0.023317,0
2013,0.008436,0
2016,0.000543,0
2022,0.052274,0
2038,0.029956,0
2044,0.001775,0
2061,0.019714,0
2070,0.021237,0
2074,0.00612,0
2075,0.01176,0
2076,0.000114,0
2079,0.022558,0
2088,0.004242,0
2101,0.064051,0
2108,0.026191,0
2110,0.050973,0
2111,0.001861,0
2117,0.000142,0
2121,0.005238,0
2123,0.015179,0
2124,0.01192,0
2125,0.002007,0
2127,0.007308,0
2128,0.011274,0
2168,0.049866,0
2169,0.001669,0
2170,0.000115,0
2172,0.010544,0
2177,0.099731,0
2194,0.032384,0
2198,0.02759,0
2254,0.047195,0
2255,0.000115,0
2270,0.02276,0
2272,0.000564,0
2285,0.032341,0
2287,0.000156,0
2317,0.127164,0
2318,0.000159,0
2327,0.000371,0
2328,0.000491,0
2332,0.000177,0
2336,0.007971,0
2337,0.00043,0
2339,0.000442,0
2342,0.000242,0
2343,0.000216,0
2371,0.127078,0
2372,0.000144,0
2375,0.022487,0
2377,0.032158,0
2394,0.084746,0
2410,0.070732,0
2411,0.002967,0
2416,0.047817,0
2424,0.020392,0
2432,0.020424,0
2433,0.002624,0
2442,0.019909,0
2454,0.012054,0
2457,0.017796,0
2459,0.021509,0
2461,0.000291,0
2465,0.000116,0
2469,0.01473,0
2470,0.025883,0
2472,0.013888,0
2508,0.085,0
2511,0.00685,0
2512,0.013446,0
2514,0.001051,0
2516,0.005199,0
2517,0.000115,0
2518,0.014761,0
2525,0.013655,0
2536,0.017528,0
2537,0.021759,0
2555,0.031735,0
2557,0.035915,0
2558,0.002671,0
2560,0.001706,0
2600,0.058744,0
2602,0.015665,0
2619,0.037968,0
2658,0.088662,0
2659,0.000115,0
2662,0.00013,0
2665,0.000128,0
2670,0.035314,0
2678,0.002197,0
2679,0.017875,0
2680,0.014463,0
2689,0.005907,0
2690,0.000149,0
2693,0.003337,0
2695,0.015829,0
2698,0.055343,0
2701,0.005296,0
2702,0.003365,0
2704,0.012453,0
2705,0.035364,0
2711,0.000115,0
2714,0.009089,0
2716,0.000128,0
2717,0.003374,0
2729,0.014815,0
2735,0.000404,0
2737,0.015018,0
2754,0.009187,0
2758,0.002859,0
2762,0.006541,0
2763,0.005791,0
2765,0.026685,0
2784,0.053843,0
2790,0.001959,0
2794,0.050601,0
2795,0.004398,0
2799,0.041269,0
2829,0.012774,0
2834,0.027929,0
2842,0.003563,0
2869,0.075401,0
2872,0.003868,0
2882,0.063219,0
2883,0.001311,0
2885,0.000116,0
2891,0.013156,0
2893,0.011428,0
2895,0.000134,0
2934,0.072129,0
2939,0.010082,0
2940,0.000114,0
2943,0.016715,0
2945,0.007119,0
2948,0.021907,0
2964,0.027812,0
2965,0.001638,0
2995,0.018962,0
3000,0.006057,0
3011,0.010768,0
3012,0.000548,0
3015,0.00285,0
3029,0.030257,0
3033,0.01591,0
3035,0.00762,0
3037,0.000277,0
3038,0.011162,0
3046,0.009364,0
3050,0.031444,0
3051,0.001899,0
3088,0.128296,0
3091,0.003638,0
3093,0.006944,0
3094,0.032738,0
3097,0.017691,0
3098,0.001477,0
3102,0.00106,0
3106,0.048165,0
3125,0.026982,0
3127,0.038421,0
3142,0.017646,0
3150,0.013291,0
3175,0.075221,0
3176,0.015573,0
3183,0.000151,0
3188,0.039304,0
3189,0.007969,0
3190,0.016071,0
3191,0.003659,0
3192,0.000113,0
3193,0.004748,0
3195,0.007319,0
3196,0.001052,0
3200,0.039608,0
3202,0.001197,0
3203,0.000444,0
3224,0.033408,0
3228,0.021328,0
3233,0.0294,0
3234,0.018015,0
3249,0.047906,0
3250,0.011078,0
3266,0.008803,0
3268,0.001322,0
3306,0.131243,0
3313,0.00013,0
3315,0.010108,0
3342,0.099312,0
3348,0.020582,0
3352,0.002322,0
3359,0.005738,0
3360,0.0009,0
3361,0.000116,0
3363,0.003327,0
3373,0.01394,0
3378,0.007178,0
3423,0.114511,0
3424,0.006747,0
3430,0.003221,0
3437,0.000186,0
3440,0.001743,0
3465,0.133617,0
3466,0.000533,0
3469,0.002265,0
3470,0.016674,0
3479,0.037408,0
3480,0.017342,0
3481,0.000114,0
3487,0.000116,0
3492,0.003614,0
3498,0.000115,0
3500,0.008603,0
3504,0.015192,0
3511,0.029621,0
3520,0.011156,0
3542,0.032636,0
3543,0.007852,0
3545,0.006012,0
3572,0.095557,0
3579,0.000877,0
3581,0.003927,0
3582,0.004845,0
3624,0.097991,0
3625,0.012756,0
3630,0.003309,0
3637,0.013081,0
3682,0.052803,0
3686,0.018345,0
3737,0.131968,0
3750,0.000962,0
3752,0.000133,0
3753,0.012498,0
3754,0.00136,0
3757,0.002351,0
3761,0.000158,0
3765,0.016135,0
3766,0.007362,0
3767,0.043697,0
3769,0.016914,0
3773,0.020451,0
3776,0.002577,0
3780,0.000173,0
3781,0.000728,0
3782,0.000115,0
3788,0.0619,0
3826,0.111827,0
3827,0.000287,0
3832,0.012299,0
3833,0.003552,0
3841,0.005953,0
3873,0.056403,0
3890,0.07184,0
3892,0.010005,0
3893,0.018816,0
3904,0.013254,0
3905,0.019915,0
3906,0.01103,0
3916,0.000681,0
3920,0.003503,0
3921,0.00072,0
3922,0.001406,0
3923,0.006399,0
3925,0.026197,0
3926,0.002154,0
3928,0.007006,0
3930,0.002194,0
3934,0.013678,0
3937,0.001644,0
3965,0.069308,0
3966,0.000134,0
3969,0.019125,0
3975,0.037781,0
3982,0.045626,0
3983,0.007661,0
3984,0.019127,0
3989,0.000319,0
3991,0.012391,0
3992,0.000114,0
4014,0.015624,0
4070,0.083978,0
4071,0.003313,0
4074,0.028968,0
4075,0.000118,0
4080,0.010643,0
4082,0.014414,0
4083,0.000284,0
4085,0.000129,0
4086,0.001201,0
4087,0.075966,0
4104,0.041886,0
4106,0.034202,0
4107,0.000114,0
4111,0.016462,0
4113,0.000117,0
4114,0.009504,0
4127,0.058996,0
4128,0.000114,0
4132,0.002423,0
4134,0.014682,0
4137,0.016042,0
4141,0.018135,0
4142,0.000211,0
4143,0.001164,0
4144,0.001629,0
4158,0.036659,0
4186,0.024567,0
4189,0.009856,0
4194,0.055441,0
4223,0.074999,0
4241,0.031473,0
4244,0.003222,0
4247,0.002814,0
4248,0.005524,0
4255,0.016161,0
4284,0.03277,0
4303,0.013534,0
4305,0.028878,0
4306,0.00437,0
4308,0.00259,0
4312,0.027811,0
4313,0.000114,0
4318,0.002415,0
4336,0.03249,0
4344,0.01204,0
4354,0.049642,0
4355,0.000161,0
4387,0.098022,0
4389,0.087651,0
4394,0.063604,0
4400,0.006201,0
4404,0.00859,0
4405,0.004175,0
4406,0.000114,0
4436,0.069433,0
4446,0.022651,0
4447,0.000125,0
4450,0.034246,0
4459,0.000158,0
4462,0.050894,0
4463,0.001341,0
4465,0.000129,0
4476,0.010333,0
4477,0.000273,0
4478,0.009494,0
4483,0.00602,0
4503,0.104099,0
4521,0.106952,0
4526,0.031855,0
4528,0.027548,0
4533,0.034341,0
4535,0.023231,0
4536,0.00062,0
4543,0.005379,0
4550,0.013333,0
4553,0.009091,0
4554,0.012364,0
4561,0.011611,0
4621,0.135138,0
4623,0.005056,0
4632,0.039907,0
4651,0.017209,0
4652,0.000226,0
4654,0.009434,0
4660,0.018531,0
4661,0.005551,0
4674,0.036871,0
4682,0.000198,0
4683,0.006247,0
4685,0.000144,0
4690,0.024691,0
4692,0.000174,0
4700,0.029633,0
4701,0.005604,0
4704,0.001683,0
4707,0.025025,0
4712,0.006027,0
4719,0.041069,0
4723,0.020177,0
4726,0.003946,0
4727,0.000586,0
4763,0.070401,0
4770,0.019725,0
4771,0.000721,0
4776,0.007387,0
4783,0.016105,0
4784,0.002261,0
4793,0.024083,0
4794,0.011086,0
4795,0.004287,0
4798,0.003186,0
4808,0.019756,0
4825,0.043664,0
4842,0.00635,0
4866,0.041499,0
4867,0.014713,0
4869,0.000974,0
4871,0.037133,0
4872,0.001059,0
4877,0.020268,0
4878,0.007742,0
4885,0.011589,0
4886,0.00013,0
4889,0.000157,0
4890,0.000177,0
4892,0.004892,0
4894,0.012161,0
4895,0.003022,0
4896,0.00056,0
4898,0.000172,0
4903,0.011406,0
4906,0.004046,0
4911,0.002998,0
4912,0.000273,0
4914,0.001662,0
4918,0.00073,0
4920,0.001102,0
4921,0.000755,0
4944,0.089971,0
4959,0.016133,0
4960,0.000163,0
4965,0.053373,0
4966,0.009572,0
4967,0.010666,0
4976,0.009536,0
4979,0.010195,0
4981,0.000114,0
4983,0.089467,0
4984,0.01049,0
4985,0.000115,0
4988,0.032799,0
4997,0.024299,0
4999,0.048415,0
5029,0.128471,0
5033,0.051602,0
5063,0.114503,0
5064,0.01544,0
5065,0.016978,0
5066,0.000119,0
5138,0.140092,0
5141,0.000116,0
5156,0.036313,0
5187,0.13385,0
5201,0.024445,0
5263,0.12006,0
5264,0.000282,0
5277,0.077891,0
5278,0.000118,0
5303,0.066791,0
5304,0.001455,0
5338,0.060382,0
5339,0.084314,0
5342,0.002158,0
5343,0.033738,0
5344,0.000112,0
5346,0.001477,0
5349,0.021607,0
5357,0.048429,0
5379,0.125802,0
5380,0.008781,0
5384,0.001306,0
5390,0.021516,0
5392,0.007967,0
5399,0.047297,0
5421,0.128022,0
5423,0.004659,0
5424,0.000163,0
5426,0.004881,0
5433,0.000155,0
5436,0.012751,0
5439,0.002859,0
5443,0.015909,0
5450,0.013877,0
5451,0.017881,0
5452,0.000775,0
5461,0.025842,0
5471,0.038944,0
5472,0.005193,0
5477,0.037929,0
5479,0.003947,0
5482,0.040681,0
5486,0.007836,0
5487,0.012394,0
5491,0.038433,0
5492,0.001859,0
5494,0.000841,0
5497,0.024149,0
5498,0.002651,0
5500,0.000603,0
5501,0.023215,0
5510,0.051715,0
5511,0.015436,0
5544,0.113018,0
5545,0.014525,0
5546,0.000179,0
5554,0.046703,0
5556,0.006359,0
5557,0.000114,0
5559,0.003519,0
5566,0.020156,0
5567,0.001944,0
5569,0.005444,0
5581,0.055152,0
5583,0.002997,0
5591,0.016759,0
5597,0.046497,0
5601,0.001851,0
5603,0.000146,0
5649,0.099032,0
5657,0.000938,0
5659,0.030658,0
5660,0.013748,0
5665,0.02381,0
5702,0.134553,0
5709,0.011077,0
5745,0.098326,0
5746,0.013717,0
5748,0.000115,0
5764,0.067041,0
5765,0.000147,0
5776,0.032768,0
5778,0.011954,0
5779,0.024551,0
5799,0.046911,0
5800,0.04998,0
5806,0.003822,0
5808,0.00017,0
5811,0.00015,0
5814,0.016412,0
5816,0.000136,0
5823,0.040651,0
5828,0.003389,0
5829,0.008468,0
5830,0.010512,0
5831,0.008594,0
5833,0.010182,0
5858,0.00024,0
5866,0.0003,0
5870,0.004094,0
5873,0.041446,0
5888,0.007559,0
5890,0.000113,0
5898,0.000116,0
5901,0.02174,0
5904,0.000115,0
5905,0.000135,0
5914,0.011427,0
5919,0.000307,0
5925,0.062612,0
5927,0.00785,0
5928,0.000139,0
5942,0.014564,0
5944,0.000112,0
5964,0.071564,0
5965,0.000115,0
5968,0.003003,0
5970,0.003307,0
5975,0.001061,0
5976,0.000405,0
5981,0.006101,0
5982,0.000114,0
5983,0.012196,0
5997,0.051218,0
5999,0.002295,0
6041,0.093764,0
6043,0.000114,0
6044,0.003659,0
6046,0.00143,0
6047,0.005042,0
6055,0.084111,0
6065,0.006108,0
6078,0.012434,0
6084,0.012748,0
6087,0.003621,0
6088,0.011358,0
6089,0.002736,0
6090,0.028006,0
6091,0.011119,0
6142,0.138313,0
6151,0.016553,0
6153,0.000759,0
6154,0.007072,0
6156,0.044907,0
6161,0.011227,0
6168,0.001964,0
6169,0.002927,0
6170,0.000116,0
6172,0.004702,0
6181,0.002173,0
6182,0.000295,0
6183,0.00013,0
6184,0.00373,0
6185,0.014747,0
6201,0.006193,0
6203,0.00015,0
6210,0.064214,0
6218,0.021957,0
6219,0.004431,0
6222,0.00808,0
6223,0.00697,0
6224,0.000726,0
6225,0.004292,0
6227,0.025996,0
6229,0.000173,0
6240,0.010531,0
6251,0.005682,0
6254,0.085847,0
6266,0.02096,0
6284,0.045495,0
6285,0.000116,0
6287,0.027926,0
6302,0.044178,0
6309,0.033106,0
6322,0.004602,0
6326,0.007247,0
6366,0.093562,0
6368,0.014803,0
6379,0.082972,0
6381,0.018479,0
6384,0.013894,0
6392,0.019369,0
6394,0.002839,0
6396,0.010501,0
6397,0.086173,0
6402,0.001721,0
6435,0.078852,0
6436,0.01979,0
6439,0.040477,0
6448,0.017899,0
6449,0.001608,0
6455,0.000209,0
6463,0.019967,0
6464,0.013448,0
6466,0.061474,0
6467,0.005185,0
6472,0.011145,0
6476,0.009434,0
6481,0.025801,0
6482,0.000154,0
6489,0.038448,0
6494,0.000113,0
6495,0.018507,0
6499,0.0208,0
6504,0.008425,0
6510,0.000116,0
6515,0.004322,0
6517,0.089762,0
6518,0.003865,0
6519,0.002666,0
6528,0.009859,0
6531,0.012913,0
6533,0.000827,0
6534,0.000113,0
6537,0.003719,0
6540,0.000113,0
6541,0.001369,0
6543,0.081327,0
6561,0.032238,0
6562,0.013995,0
6578,0.030703,0
6580,0.004426,0
6582,0.002685,0
6583,0.000408,0
6584,0.002104,0
6585,0.001548,0
6586,0.009483,0
6587,0.000113,0
6589,0.013175,0
6591,0.006978,0
6595,0.000128,0
6596,0.000176,0
6608,0.008707,0
6610,0.001039,0
6613,0.010797,0
6614,0.00754,0
6615,0.000133,0
6622,0.04768,0
6638,0.048878,0
6639,0.000192,0
6647,0.047426,0
6648,0.004512,0
6671,0.082653,0
6672,0.017586,0
6700,0.061326,0
6701,0.035286,0
6717,0.044579,0
6718,0.001773,0
6719,0.00397,0
6738,0.09009,0
6741,0.002273,0
6742,0.000744,0
6769,0.072049,0
6773,0.03882,0
6776,0.00013,0
6777,0.011277,0
6778,0.00013,0
6779,0.000561,0
6780,0.00013,0
6792,0.000114,0
6796,0.024905,0
6797,0.000152,0
6801,0.002221,0
6809,0.026357,0
6814,0.030463,0
6831,0.08362,0
6832,0.000114,0
6833,0.001323,0
6834,0.003204,0
6835,0.026963,0
6836,0.001471,0
6859,0.054565,0
6860,0.004394,0
6864,0.005393,0
6865,0.028283,0
6867,0.000131,0
6873,0.045897,0
6890,0.006525,0
6900,0.00977,0
6902,0.015926,0
6948,0.093491,0
6949,0.000133,0
6975,0.126758,0
6976,0.015147,0
6977,0.086107,0
7048,0.112704,0
7049,0.016755,0
7060,0.031333,0
7073,0.055591,0
7074,0.000116,0
7077,0.000113,0
7108,0.077351,0
7109,0.007869,0
7112,0.009416,0
7120,0.054255,0
7127,0.076228,0
7128,0.000115,0
7129,0.002903,0
7133,0.004371,0
7135,0.05922,0
7136,0.012584,0
7139,0.00525,0
7140,0.000248,0
7141,0.005614,0
7142,0.000136,0
7172,0.073313,0
7181,0.021784,0
7182,0.026631,0
7183,0.005292,0
7186,0.013428,0
7187,0.032859,0
7188,0.020705,0
7201,0.03583,0
7233,0.056086,0
7237,0.039635,0
7240,0.000112,0
7241,0.009617,0
7250,0.044032,0
7255,0.062949,0
7256,0.008703,0
7257,0.003312,0
7260,0.003082,0
7268,0.048712,0
7272,0.038531,0
7273,0.002881,0
7295,0.006845,0
7296,0.006721,0
7315,0.000113,0
7322,0.026645,0
7335,0.096892,0
7336,0.00021,0
7346,0.039202,0
7348,0.006696,0
7350,0.000115,0
7353,0.005256,0
7356,0.000114,0
7360,0.002307,0
7361,0.030174,0
7367,0.011191,0
7379,0.070473,0
7393,0.006832,0
7396,0.032378,0
7400,0.000113,0
7408,0.028544,0
7417,0.05959,0
7422,0.006941,0
7423,0.000113,0
7429,0.012545,0
7432,0.000177,0
7439,0.049182,0
7440,0.001948,0
7449,0.054503,0
7454,0.016236,0
7455,0.002861,0
7463,0.027213,0
7464,0.000153,0
7470,0.004265,0
7472,0.003019,0
7491,0.033246,0
7493,0.037239,0
7498,0.003268,0
7499,0.001303,0
7501,0.007445,0
7522,0.111426,0
7523,0.017353,0
7566,0.074915,0
7573,0.050737,0
7574,0.012043,0
7576,0.006141,0
7577,0.000118,0
7590,0.016744,0
7591,0.004869,0
7592,0.012229,0
7593,0.02642,0
7594,0.003589,0
7599,0.057559,0
7648,0.117049,0
7660,0.085172,0
7668,0.052974,0
7696,0.010864,0
7701,0.000885,0
7703,0.024201,0
7704,0.013216,0
7705,0.000888,0
7713,0.000116,0
7714,0.013193,0
7736,0.05737,0
7737,0.023098,0
7741,0.021213,0
7743,0.012755,0
7754,0.007438,0
7755,0.000457,0
7766,0.000113,0
7768,0.000113,0
7780,0.067766,0
7792,0.002264,0
7793,0.00184,0
7806,0.057694,0
7815,0.000785,0
7820,0.022532,0
7821,0.000128,0
7859,0.119631,0
7865,0.009591,0
7871,0.007586,0
7887,0.015075,0
7901,0.021817,0
7905,0.00013,0
7906,0.000115,0
7907,0.003042,0
7909,0.000452,0
7912,0.027581,0
7914,0.00022,0
7918,0.039296,0
7924,0.04681,0
7925,0.000112,0
7926,0.01173,0
7930,0.002503,0
7932,0.000435,0
7974,0.081637,0
7988,0.025858,0
7990,0.000789,0
7992,0.000128,0
8012,0.060532,0
8014,0.008623,0
8016,0.023102,0
8025,0.091945,0
8026,0.010017,0
8031,0.03993,0
8035,0.047541,0
8036,0.044453,0
8037,0.001155,0
8038,0.015849,0
8070,0.021624,0
8077,0.017916,0
8079,0.000154,0
8081,0.000114,0
8082,0.024085,0
8085,0.008991,0
8109,0.114028,0
8110,0.00015,0
8112,0.000117,0
8115,0.008378,0
8116,0.004433,0
8121,0.001965,0
8123,0.022427,0
8125,0.032709,0
8127,0.001913,0
8134,0.043119,0
8136,0.001458,0
8138,0.002205,0
8140,0.007482,0
8143,0.040287,0
8146,0.000113,0
8167,0.005494,0
8188,0.117519,0
8193,0.010905,0
8194,0.000138,0
8199,0.016258,0
8206,0.017378,0
8207,0.000289,0
8208,0.00666,0
8216,0.006398,0
8218,0.000113,0
8224,0.013457,0
8225,0.002072,0
8226,0.001972,0
8242,0.024093,0
8248,0.046906,0
8253,0.032864,0
8254,0.000136,0
8255,0.00165,0
8257,0.004271,0
8265,0.009433,0
8271,0.011271,0
8275,0.101002,0
8281,0.027612,0
8285,0.001303,0
8301,0.107924,0
8306,0.017575,0
8307,0.054426,0
8308,0.000116,0
8329,0.100642,0
8339,0.006245,0
8350,0.018498,0
8352,0.010732,0
8354,0.000145,0
8356,0.00131,0
8357,0.01187,0
8359,0.006436,0
8360,0.00435,0
8365,0.001925,0
8366,0.028204,0
8391,0.057654,0
8397,0.030185,0
8398,0.002737,0
8404,0.018986,0
8411,0.052567,0
8414,0.013325,0
8416,0.006027,0
8423,0.001903,0
8426,0.000178,0
8427,0.002971,0
8465,0.113703,0
8471,0.00253,0
8484,0.019527,0
8495,0.040932,0
8502,0.06206,0
8509,0.024586,0
8510,0.000124,0
8511,0.013875,0
8521,0.0346,0
8527,0.05539,0
8558,0.033326,0
8559,0.001826,0
8570,0.036891,0
8575,0.006652,0
8576,0.000114,0
8579,0.002775,0
8586,0.025829,0
8587,0.002733,0
8591,0.001602,0
8593,0.026497,0
8595,0.001381,0
8599,0.0007,0
8600,0.000118,0
8601,0.013692,0
8602,0.003184,0
8605,0.006421,0
8606,0.004883,0
8607,0.005154,0
8611,0.001926,0
8621,0.024819,0
8623,0.013952,0
8638,0.000416,0
8660,0.097237,0
8661,0.014921,0
8671,0.019129,0
8672,0.01246,0
8698,0.039436,0
8702,0.027825,0
8703,0.001002,0
8705,0.006877,0
8709,0.005612,0
8722,0.037481,0
8727,0.014631,0
8733,0.049459,0
8765,0.020479,0
8791,0.008618,0
8794,0.000567,0
8803,0.024978,0
8805,0.010827,0
8851,0.075401,0
8854,0.008022,0
8863,0.039752,0
8864,0.000121,0
8866,0.00455,0
8867,0.000138,0
8868,0.000116,0
8869,0.007211,0
8871,0.010734,0
8875,0.00148,0
8876,0.002858,0
8878,0.032394,0
8882,0.00685,0
8887,0.016403,0
8888,0.025891,0
8911,0.076141,0
8923,0.013744,0
8927,0.000437,0
8970,0.007395,0
8971,0.000113,0
8973,0.000869,0
8974,0.00072,0
8978,0.004196,0
8979,0.01138,0
8980,0.000844,0
8982,0.008042,0
8984,0.012382,0
8985,0.000424,0
9010,0.076315,0
9026,0.053374,0
9028,0.000153,0
9030,0.016309,0
9037,0.0463,0
9064,0.024824,0
9065,0.00807,0
9078,0.025459,0
9079,0.000133,0
9081,0.025014,0
9082,0.012725,0
9105,0.008503,0
9107,0.013283,0
9110,0.02409,0
9117,0.060874,0
9154,0.10931,0
9156,0.028663,0
9167,0.030245,0
9168,0.000113,0
9169,0.020435,0
9170,0.009463,0
9171,0.000289,0
9172,0.002076,0
9184,0.034433,0
9186,0.014766,0
9207,0.125817,0
9208,0.023987,0
9210,0.021293,0
9211,0.017584,0
9212,0.009882,0
9213,0.003074,0
9214,0.000125,0
9216,0.002804,0
9217,0.026696,0
9218,0.012311,0
9219,0.00013,0
9220,0.057621,0
9223,0.000172,0
9227,0.037308,0
9230,0.002117,0
9281,0.082833,0
9285,0.021048,0
9297,0.040674,0
9300,0.005013,0
9301,0.001954,0
9303,0.002587,0
9305,0.000616,0
9317,0.015461,0
9319,0.0004,0
9321,0.043385,0
9323,0.015731,0
9356,0.096082,0
9360,0.002067,0
9390,0.116379,0
9391,0.009517,0
9395,0.020381,0
9398,0.000131,0
9443,0.106947,0
9451,0.067659,0
9454,0.012888,0
9462,0.000171,0
9464,0.014948,0
9470,0.029731,0
9483,0.053379,0
9494,0.055944,0
9500,0.015654,0
9502,0.005378,0
9503,0.000599,0
9513,0.018679,0
9517,0.003242,0
9521,0.023897,0
9523,0.000704,0
9524,0.000114,0
9530,0.009899,0
9533,0.019372,0
9544,0.000126,0
9550,0.000115,0
9557,0.038169,0
9558,0.000115,0
9559,0.018737,0
9560,0.004525,0
9565,0.005687,0
9566,0.002836,0
9570,0.013588,0
9574,0.002213,0
9605,0.084946,0
9606,0.001004,0
9607,0.000121,0
9612,0.000113,0
9613,0.025394,0
9615,0.000114,0
9617,0.000616,0
9618,0.015535,0
9620,0.030974,0
9638,0.060466,0
9643,0.011762,0
9656,0.043254,0
9675,0.046278,0
9681,0.017307,0
9686,0.027808,0
9691,0.011948,0
9701,0.020254,0
9703,0.033146,0
9705,0.000123,0
9706,0.011094,0
9746,0.098155,0
9757,0.021563,0
9768,0.039049,0
9771,0.004251,0
9775,0.010299,0
9790,0.062297,0
9791,0.009735,0
9793,0.000146,0
9804,0.008324,0
9815,0.04216,0
9821,0.002063,0
9828,0.000331,0
9837,0.022777,0
9884,0.025711,0
9887,0.000845,0
9888,0.009058,0
9895,0.009148,0
9901,0.006602,0
9902,0.000131,0
9904,0.005257,0
9910,0.03768,0
9912,0.000114,0
9914,0.002837,0
9915,0.004974,0
9920,0.07886,0
9922,0.004871,0
9925,0.019712,0
9926,0.008197,0
9927,0.000112,0
9930,0.003605,0
9935,0.028624,0
9936,0.000597,0
9939,0.030016,0
9940,0.010753,0
9941,0.000114,0
9945,0.000143,0
9948,0.02208,0
9949,0.000612,0
9969,0.000316,0
9975,0.022241,0
9977,0.000275,0
9983,0.024569,0
9985,0.000144,0
9994,0.056587,0
9998,0.017392,0
10011,0.086788,0
10017,0.061273,0
10024,0.064647,0
10025,0.017995,0
10045,0.032387,0
10054,0.032304,0
10064,0.076952,0
10067,0.000189,0
10068,0.005113,0
10072,0.000328,0
10073,0.006893,0
10074,0.063146,0
10079,0.020392,0
10081,0.027124,0
10082,0.002736,0
10083,0.00012,0
10084,0.00217,0
10086,0.000282,0
10087,0.001368,0
10088,0.009645,0
10093,0.020892,0
10095,0.001772,0
10108,0.063719,0
10111,0.002839,0
10112,0.006945,0
10115,0.015297,0
10116,0.000116,0
10126,0.001184,0
10136,0.061239,0
10170,0.115343,0
10172,0.003047,0
10175,0.007652,0
10180,0.003246,0
10182,0.00013,0
10185,0.00753,0
10186,0.026283,0
10198,0.037892,0
10211,0.036876,0
10220,0.026644,0
10225,0.051477,0
10229,0.033259,0
10231,0.000882,0
10233,0.003574,0
10234,0.002183,0
10242,0.01201,0
10245,0.01473,0
10247,0.031299,0
10256,0.015572,0
10257,0.008043,0
10258,0.000568,0
10278,0.083214,0
10280,0.008861,0
10282,0.02288,0
10287,0.000187,0
10288,0.000116,0
10289,0.003934,0
10295,0.001483,0
10296,0.000113,0
10298,0.008574,0
10299,0.004255,0
10300,0.000132,0
10305,0.012193,0
10307,0.000176,0
10309,0.000179,0
10310,0.000707,0
10317,0.000134,0
10318,0.000116,0
10319,0.000116,0
10337,0.109548,0
10346,0.000554,0
10375,0.082588,0
10402,0.026107,0
10403,0.018055,0
10405,0.011928,0
10406,0.00532,0
10407,0.02225,0
10408,0.002103,0
10409,0.000672,0
10410,0.000113,0
10425,0.065804,0
10430,0.047068,0
10431,0.085182,0
10437,0.04986,0
10442,0.031478,0
10445,0.045352,0
10447,0.015963,0
10474,0.052227,0
10475,0.000116,0
10486,0.07893,0
10487,0.002149,0
10490,0.000156,0
10497,0.015479,0
10498,0.000115,0
10500,0.038956,0
10509,0.074489,0
10510,0.002464,0
10512,0.025479,0
10515,0.042147,0
10523,0.012121,0
10524,0.007272,0
10525,0.00611,0
10528,0.005219,0
10529,0.018066,0
10532,0.047622,0
10533,0.009349,0
10535,0.001601,0
10537,0.015469,0
10541,0.007824,0
10542,0.005305,0
10548,0.016214,0
10549,0.010976,0
10550,0.00223,0
10553,0.018674,0
10561,0.020417,0
10568,0.036229,0
10569,0.000114,0
10570,0.000113,0
10571,0.000148,0
10572,0.000114,0
10573,0.011273,0
10574,0.020298,0
10576,0.001134,0
10579,0.005255,0
10580,0.005487,0
10597,0.056542,0
10598,0.051136,0
10602,0.001574,0
10606,0.009511,0
10621,0.007005,0
10622,0.001665,0
10631,0.057156,0
10633,0.036237,0
10634,0.000164,0
10640,0.014766,0
10641,0.010159,0
10653,0.087542,0
10654,0.008618,0
10655,0.002107,0
10656,0.001177,0
10659,0.045272,0
10660,0.000115,0
10661,0.000853,0
10665,0.023175,0
10667,0.012531,0
10668,0.000175,0
10669,0.019447,0
10677,0.051289,0
10683,0.050254,0
10684,0.012668,0
10717,0.094617,0
10732,0.013842,0
10733,0.016252,0
10737,0.086129,0
10738,0.008958,0
10740,0.031663,0
10756,0.033365,0
10772,0.04472,0
10773,0.004348,0
10787,0.046099,0
10790,0.047318,0
10803,0.043178,0
10804,0.000116,0
10805,0.002452,0
10806,0.001554,0
10809,0.008564,0
10815,0.029326,0
10829,0.014649,0
10830,0.000114,0
10840,0.035507,0
10849,0.092737,0
10852,0.010197,0
10857,0.031805,0
10858,0.009151,0
10863,0.042439,0
10865,0.002451,0
10882,0.034486,0
10901,0.026718,0
10906,0.024605,0
10907,0.002339,0
10908,0.012716,0
10923,0.007853,0
10924,0.003252,0
10926,0.009757,0
10927,0.000137,0
10943,0.066451,0
10947,0.001894,0
10948,0.000422,0
10949,0.000112,0
10953,0.020212,0
10957,0.034357,0
10960,0.00581,0
10969,0.066619,0
10976,0.001413,0
10978,0.021609,0
10988,0.007203,0
10990,0.006209,0
10991,0.010244,0
10994,0.041126,0
11000,0.007347,0
11002,0.013841,0
11008,0.070848,0
11009,0.008191,0
11012,0.006501,0
11013,0.015515,0
11024,0.007494,0
11040,0.098621,0
11042,0.00146,0
11043,0.000115,0
11046,0.018609,0
11047,0.014209,0
11050,0.037973,0
11059,0.076122,0
11069,0.034062,0
11074,0.026226,0
11077,0.000114,0
11078,0.085626,0
11079,0.000113,0
11080,0.013182,0
11083,0.00263,0
11084,0.001365,0
11087,0.005791,0
11088,0.014253,0
11090,0.056132,0
11094,0.000114,0
11096,0.003453,0
11097,0.008754,0
11098,0.000115,0
11099,0.023533,0
11101,0.005696,0
11105,0.01481,0
11106,0.024525,0
11119,0.030007,0
11121,0.003732,0
11141,0.019096,0
11180,0.130744,0
11181,0.000843,0
11183,0.000115,0
11185,0.017083,0
11187,0.008471,0
11192,0.031321,0
11196,0.058774,0
11199,0.010077,0
11203,0.020841,0
11204,0.009241,0
11212,0.028098,0
11216,0.012832,0
11219,0.009786,0
11224,0.006715,0
11227,0.005947,0
11231,0.028447,0
11232,0.012255,0
11233,0.022945,0
11237,0.004765,0
11238,0.000129,0
11264,0.109235,0
11265,0.010025,0
11266,0.002299,0
11267,0.022164,0
11281,0.01514,0
11282,0.002412,0
11286,0.040093,0
11403,0.142123,0
11406,0.009637,0
11409,0.001769,0
11410,0.00192,0
11421,0.000143,0
11423,0.005172,0
11427,0.000154,0
11442,0.083421,0
11443,0.039874,0
11445,0.001313,0
11452,0.005011,0
11458,0.034005,0
11471,0.018341,0
11490,0.041463,0
11505,0.024127,0
11507,0.005314,0
11513,0.016689,0
11515,0.001139,0
11516,0.005084,0
11530,0.023386,0
11531,0.008791,0
11532,0.003578,0
11535,0.000736,0
11536,0.000886,0
11557,0.120213,0
11580,0.046709,0
11599,0.052552,0
11610,0.011446,0
11616,0.032497,0
11618,0.015623,0
11619,0.000127,0
11660,0.086265,0
11662,0.000114,0
11663,0.003447,0
11683,0.083853,0
11685,0.00502,0
11686,0.000439,0
11688,0.000116,0
11690,0.010132,0
11691,0.015704,0
11693,0.000381,0
11720,0.067877,0
11729,0.000561,0
11730,0.000114,0
11734,0.001637,0
11742,0.00348,0
11749,0.053097,0
11755,0.000367,0
11756,0.00012,0
11757,0.006595,0
11759,0.008072,0
11761,0.000113,0
11764,0.000158,0
11850,0.114872,0
11851,0.013025,0
11852,0.004468,0
11913,0.115649,0
11925,0.076665,0
11930,0.027362,0
11953,0.111586,0
11954,0.005082,0
11957,0.031347,0
11958,0.003193,0
11969,0.005175,0
11977,0.020874,0
11986,0.028371,0
11988,0.000114,0
11992,0.000114,0
11996,0.004613,0
12000,0.006507,0
12015,0.049434,0
12016,0.015516,0
12019,0.019793,0
12067,0.127419,0
12081,0.015194,0
12096,0.061966,0
12109,0.003914,0
12117,0.029868,0
12118,0.000577,0
12121,0.033857,0
12143,0.066734,0
12151,0.008278,0
12167,0.023716,0
12168,0.002672,0
12175,0.026255,0
12190,0.005545,0
12193,0.001814,0
12194,0.008836,0
12211,0.002434,0
12214,0.000875,0
12215,0.005326,0
12218,0.000115,0
12227,0.032483,0
12228,0.000553,0
12230,0.018509,0
12235,0.032402,0
12237,0.020998,0
12238,0.001309,0
12242,0.054688,0
12243,0.04755,0
12245,0.022831,0
12247,0.003007,0
12258,0.063443,0
12264,0.007939,0
12267,0.040073,0
12268,0.034336,0
12271,0.00074,0
12272,0.021378,0
12277,0.006474,0
12283,0.007542,0
12284,0.00028,0
12290,0.013719,0
12295,0.000183,0
12298,0.000154,0
12310,0.018822,0
12334,0.114488,0
12335,0.006975,0
12357,0.02973,0
12359,0.01666,0
12360,0.000262,0
12363,0.019816,0
12368,0.011081,0
12377,0.024811,0
12378,0.010178,0
12400,0.078092,0
12402,0.015218,0
12404,0.03003,0
12405,0.001712,0
12411,0.041318,0
12418,0.03869,0
12419,0.000115,0
12433,0.043431,0
12434,0.000113,0
12436,0.002464,0
12439,0.049305,0
12444,0.000739,0
12445,0.00058,0
12457,0.104131,0
12458,0.008348,0
12459,0.090681,0
12460,0.000127,0
12461,0.000129,0
12462,0.001173,0
12463,0.00843,0
12464,0.018425,0
12472,0.005345,0
12478,0.004603,0
12481,0.021941,0
12485,0.001029,0
12487,0.016995,0
12492,0.000148,0
12497,0.006654,0
12498,0.013836,0
12499,0.009342,0
12511,0.003606,0
12530,0.095448,0
12557,0.038933,0
12561,0.105924,0
12563,0.012433,0
12576,0.023977,0
12580,0.069529,0
12581,0.003906,0
12587,0.012869,0
12590,0.004441,0
12591,0.002086,0
12639,0.116665,0
12641,0.014372,0
12642,0.007758,0
12644,0.006552,0
12654,0.038381,0
12655,0.001258,0
12657,0.020865,0
12660,0.001633,0
12661,0.001285,0
12662,0.010662,0
12689,0.031532,0
12697,0.064151,0
12698,0.012956,0
12699,0.014337,0
12700,0.000133,0
12703,0.038227,0
12715,0.106784,0
12718,0.021426,0
12720,0.018535,0
12749,0.05,0
12799,0.094437,0
12818,0.106358,0
12829,0.011154,0
12841,0.060828,0
12855,0.038833,0
12859,0.023123,0
12863,0.002245,0
12867,0.002949,0
12869,0.001907,0
12870,0.000155,0
12871,0.006257,0
12872,0.025399,0
12874,0.018868,0
12890,0.017915,0
12899,0.003945,0
12900,0.001392,0
12906,0.002464,0
12910,0.000138,0
12914,0.000134,0
12949,0.084163,0
12951,0.000966,0
12952,0.000115,0
12961,0.034464,0
12981,0.113363,0
12982,0.002085,0
12984,0.00786,0
12985,0.005911,0
12986,0.003917,0
12993,0.057756,0
13016,0.007909,0
13017,0.002567,0
13019,0.000113,0
13024,0.043393,0
13052,0.123408,0
13093,0.109839,0
13095,0.023607,0
13097,0.001656,0
13098,0.000142,0
13099,0.005449,0
13105,0.026261,0
13107,0.025007,0
13110,0.007445,0
13111,0.000152,0
13112,0.000158,0
13113,0.002427,0
13133,0.120202,0
13138,0.004099,0
13140,0.000455,0
13142,0.011245,0
13150,0.003116,0
13153,0.002416,0
13156,0.000117,0
13158,0.002032,0
13179,0.069542,0
13198,0.06789,0
13200,0.000116,0
13201,0.000113,0
13202,0.000153,0
13208,0.000132,0
13210,0.000114,0
13211,0.000144,0
13214,0.006562,0
13221,0.010522,0
13234,0.069345,0
13239,0.024603,0
13243,0.067181,0
13244,0.000608,0
13245,0.000114,0
13246,0.000113,0
13247,0.008678,0
13256,0.014396,0
13260,0.001112,0
13265,0.000113,0
13274,0.005121,0
13278,0.003279,0
13292,0.018549,0
13314,0.058931,0
13317,0.004627,0
13318,0.004926,0
13333,0.040179,0
13336,0.000113,0
13337,0.007524,0
13341,0.002058,0
13347,0.008466,0
13353,0.011611,0
13355,0.001937,0
13357,0.001549,0
13362,0.000117,0
13365,0.000144,0
13366,0.000113,0
13367,0.000115,0
13370,0.001955,0
13388,0.09845,0
13389,0.01018,0
13395,0.02408,0
13408,0.056442,0
13416,0.00013,0
13425,0.001548,0
13426,0.027302,0
13429,0.000424,0
13432,0.009381,0
13443,0.006296,0
13446,0.002922,0
13447,0.027616,0
13451,0.004425,0
13453,0.02751,0
13457,0.035241,0
13461,0.000489,0
13462,0.005785,0
13496,0.095883,0
13527,0.053931,0
13550,0.04153,0
13551,0.000114,0
13552,0.0012,0
13554,0.000193,0
13558,0.006844,0
13559,0.001545,0
13577,0.041419,0
13584,0.016934,0
13586,0.011066,0
13591,0.000884,0
13648,0.143298,0
13651,0.000904,0
13659,0.081627,0
13664,0.062053,0
13700,0.028794,0
13702,0.017784,0
13704,0.012824,0
13705,0.000946,0
13707,0.000116,0
13717,0.073366,0
13726,0.000131,0
13727,0.000114,0
13728,0.025389,0
13732,0.00338,0
13735,0.018926,0
13738,0.014989,0
13740,0.008149,0
13742,0.016577,0
13745,0.030101,0
13750,0.034275,0
13752,0.000148,0
13753,0.002308,0
13761,0.008362,0
13762,0.004661,0
13763,0.000154,0
13769,0.052742,0
13772,0.011355,0
13774,0.015089,0
13775,0.000114,0
13794,0.007735,0
13798,0.01977,0
13799,0.000117,0
13802,0.00012,0
13809,0.000119,0
13824,0.06063,0
13832,0.016797,0
13840,0.012697,0
13842,0.001168,0
13843,0.000584,0
13872,0.092065,0
13874,0.006213,0
13875,0.0114,0
13884,0.011983,0
13885,0.003554,0
13937,0.136004,0
13938,0.0021,0
13939,0.008462,0
13941,0.000263,0
13942,0.000132,0
13943,0.000132,0
13960,0.077554,0
13962,0.007488,0
14017,0.117972,0
14023,0.02091,0
14029,0.01239,0
14030,0.002332,0
14031,0.008568,0
14035,0.006469,0
14046,0.002174,0
14047,0.000115,0
14068,0.051163,0
14075,0.011962,0
14083,0.045483,0
14088,0.000437,0
14089,0.010476,0
14103,0.027337,0
14107,0.001869,0
14111,0.013508,0
14116,0.005327,0
14125,0.007291,0
14128,0.000136,0
14176,0.119977,0
14225,0.000636,0
14226,0.00143,0
14231,0.009079,0
14232,0.000289,0
14235,0.019487,0
14239,0.003843,0
14245,0.0333,0
14280,0.000633,0
14295,0.006382,0
14297,0.004461,0
14304,0.064015,0
14312,0.019912,0
14324,0.091197,0
14342,0.01069,0
14344,0.001083,0
14345,0.000115,0
14347,0.016452,0
14350,0.000132,0
14352,0.001057,0
14355,0.021218,0
14356,0.00608,0
14357,0.006317,0
14381,0.084657,0
14394,0.075561,0
14395,0.002205,0
14402,0.017652,0
14405,0.000114,0
14406,0.020927,0
14407,0.01115,0
14408,0.005084,0
14411,0.012408,0
14425,0.019506,0
14426,0.000113,0
14427,0.004272,0
14429,0.004861,0
14456,0.083386,0
14461,0.011758,0
14476,0.04338,0
14477,0.002292,0
14480,0.014891,0
14481,0.001374,0
14484,0.011313,0
14489,0.003038,0
14490,0.005288,0
14495,0.009514,0
14497,0.002975,0
14498,0.007698,0
14499,0.009189,0
14500,0.007732,0
14501,0.001752,0
14509,0.005483,0
14510,0.003368,0
14511,0.01038,0
14512,0.009808,0
14514,0.021849,0
14522,0.000115,0
14525,0.054378,0
14528,0.000126,0
14529,0.003707,0
14530,0.015398,0
14546,0.091531,0
14642,0.099911,0
14644,0.006862,0
14645,0.002253,0
14653,0.012994,0
14654,0.004589,0
14657,0.003746,0
14726,0.127721,0
14742,0.039977,0
14745,0.030222,0
14757,0.02016,0
14760,0.007548,0
14762,0.012782,0
14764,0.005667,0
14767,0.030493,0
14768,0.004445,0
14774,0.081822,0
14775,0.00102,0
14776,0.022428,0
14783,0.003458,0
14784,0.007343,0
14823,0.120304,0
14831,0.036094,0
14832,0.007276,0
14847,0.018391,0
14848,0.004666,0
14851,0.035248,0
14864,0.008543,0
14865,0.016497,0
14866,0.000568,0
14888,0.063617,0
14903,0.035558,0
14905,0.001456,0
14906,0.087508,0
14911,0.002341,0
14919,0.038798,0
14929,0.014662,0
14934,0.050345,0
14935,0.035328,0
14939,0.001012,0
14940,0.000115,0
14944,0.002326,0
14945,0.055447,0
14958,0.062653,0
14975,0.053992,0
14976,0.01445,0
14979,0.037442,0
14980,0.006307,0
14988,0.039852,0
15005,0.120067,0
15006,0.000114,0
15007,0.012199,0
15011,0.011378,0
15013,0.033059,0
15016,0.0002,0
15018,0.003117,0
15020,0.000131,0
15021,0.003667,0
15022,0.006813,0
15023,0.00849,0
15032,0.078778,0
15034,0.010165,0
15035,0.011867,0
15036,0.012637,0
15037,0.002044,0
15078,0.031345,0
15083,0.042665,0
15084,0.002119,0
15089,0.040533,0
15090,0.003705,0
15100,0.024258,0
15106,0.013609,0
15108,0.010165,0
15116,0.000115,0
15135,0.005977,0
15144,0.002157,0
15168,0.082891,0
15175,0.020378,0
15197,0.048673,0
15200,0.005285,0
15201,0.004376,0
15212,0.067706,0
15213,0.001464,0
15219,0.049342,0
15223,0.029421,0
15224,0.019439,0
15225,0.000697,0
15238,0.031961,0
15253,0.09433,0
15265,0.011211,0
15267,0.000115,0
15268,0.01046,0
15295,0.058901,0
15304,0.099152,0
15312,0.045211,0
15313,0.000851,0
15334,0.018712,0
15338,0.015504,0
15343,0.078422,0
15347,0.003609,0
15355,0.028777,0
15357,0.000285,0
15358,0.004935,0
15388,0.036369,0
15389,0.004652,0
15391,0.003919,0
15393,0.039708,0
15396,0.000866,0
15402,0.023366,0
15406,0.001168,0
15408,0.017992,0
15439,0.015253,0
15441,0.001015,0
15442,0.000112,0
15460,0.027217,0
15461,0.000141,0
15464,0.058293,0
15467,0.000113,0
15468,0.004186,0
15469,0.01902,0
15473,0.028498,0
15482,0.027233,0
15487,0.040896,0
15488,0.02138,0
15503,0.051572,0
15506,0.008414,0
15510,0.014083,0
15512,0.001283,0
15516,0.000753,0
15517,0.002325,0
15518,0.034257,0
15587,0.100996,0
15604,0.098309,0
15612,0.013903,0
15613,0.003267,0
15617,0.014369,0
15618,0.085977,0
15631,0.057897,0
15634,0.005274,0
15635,0.007822,0
15640,0.000155,0
15662,0.030452,0
15663,0.000136,0
15664,0.000214,0
15666,0.015222,0
15668,0.00027,0
15678,0.066339,0
15681,0.005606,0
15696,0.020395,0
15711,0.000178,0
15712,0.000137,0
15729,0.092081,0
15730,0.018607,0
15751,0.086754,0
15753,0.039825,0
15755,0.000165,0
15756,0.000116,0
15757,0.019454,0
15774,0.002206,0
15778,0.002631,0
15780,0.000174,0
15791,0.000153,0
15792,0.01544,0
15826,0.066297,0
15843,0.008434,0
15845,0.03375,0
15846,0.000115,0
15851,0.001168,0
15874,0.037218,0
15896,0.045307,0
15897,0.030265,0
15900,0.000151,0
15910,0.021074,0
15912,0.029672,0
15946,0.088182,0
15947,0.000165,0
15957,0.041257,0
15961,0.000133,0
15993,0.077056,0
16009,0.064091,0
16016,0.056968,0
16026,0.019456,0
16029,0.003055,0
16031,0.006107,0
16035,0.00916,0
16036,0.000115,0
16044,0.024021,0
16046,0.016887,0
16053,0.014271,0
16059,0.020549,0
16060,0.000153,0
16064,0.002365,0
16164,0.144898,0
16206,0.015951,0
16211,0.016958,0
16212,0.004046,0
16218,0.004072,0
16225,0.017681,0
16226,0.000113,0
16233,0.025372,0
16266,0.069912,0
16269,0.031156,0
