Node,SIR,Infected_sum,Normalized_SIR
0,0.020204,0,0.8276514337302782
1,0.011636,0,0.4593095739650059
2,0.01747,0,0.7101156442113409
3,0.01514,0,0.6099479816001033
4,0.008424,0,0.3212243669661666
5,0.013395,0,0.5349297106745197
6,0.011255,0,0.4429302265594773
7,0.008826,0,0.33850651304759044
8,0.012172,0,0.48235243540690437
9,0.009723,0,0.3770689136322601
10,0.014159,0,0.5677743863118525
11,0.019425,0,0.7941619018958773
12,0.024213,0,1.0
13,0.02044,0,0.8377971712308155
14,0.01851,0,0.7548256738747259
15,0.016292,0,0.6594729375349299
16,0.016169,0,0.6541851167189717
17,0.016373,0,0.6629551609990972
18,0.016452,0,0.6663514036369891
19,0.019193,0,0.7841881260478915
20,0.019063,0,0.7785993723399682
21,0.016556,0,0.6708224066033276
22,0.016186,0,0.6549159537423155
23,0.014393,0,0.5778341429861141
24,0.011835,0,0.46786466617944206
25,0.013987,0,0.5603800352521389
26,0.012523,0,0.49744207041829674
27,0.010587,0,0.4142126305833799
28,0.010873,0,0.4265078887408109
29,0.009895,0,0.3844632646919737
30,0.013926,0,0.5577576200507287
31,0.010656,0,0.41717896908989305
32,0.010854,0,0.42569107089119135
33,0.010256,0,0.3999828038347449
34,0.012913,0,0.5142083315420662
35,0.010406,0,0.4064313658054255
36,0.009132,0,0.3516615794677787
37,0.009598,0,0.3716951119900263
38,0.012206,0,0.48381410945359193
39,0.006816,0,0.2520957826404712
40,0.012486,0,0.4958514251321956
41,0.014934,0,0.601091956493702
42,0.010818,0,0.42414341601822797
43,0.010531,0,0.41180516744765927
44,0.008752,0,0.33532522247538804
45,0.008573,0,0.3276299385237093
46,0.011988,0,0.47444219938953625
47,0.010721,0,0.41997334594385455
48,0.008027,0,0.3041571729504321
49,0.010552,0,0.41270796612355454
50,0.011143,0,0.43811530028803586
51,0.00866,0,0.33137010446670395
52,0.010886,0,0.42706676411160316
53,0.008959,0,0.3442242379949272
54,0.009841,0,0.38214178238252877
55,0.008264,0,0.31434590086410735
56,0.007623,0,0.2867890460427325
57,0.005438,0,0.192854993336486
58,0.008197,0,0.31146554318387004
59,0.008167,0,0.310175830789734
60,0.009618,0,0.3725549202527837
61,0.01041,0,0.40660332745797695
62,0.007186,0,0.2680022355014832
63,0.008318,0,0.31666738317355236
64,0.005731,0,0.20545118438588197
65,0.008479,0,0.32358883968874946
66,0.008063,0,0.3057048278233955
67,0.010067,0,0.3918576157516874
68,0.008524,0,0.32552340827995363
69,0.006997,0,0.2598770474184257
70,0.007532,0,0.2828769184471863
71,0.007675,0,0.2890245475259018
72,0.009616,0,0.37246893942650794
73,0.007673,0,0.28893856669962603
74,0.006365,0,0.23270710631529173
75,0.009402,0,0.36326899101500376
76,0.006841,0,0.25317054296891794
77,0.007602,0,0.28588624736683727
78,0.007077,0,0.2633162804694554
79,0.006241,0,0.22737629508619583
80,0.008117,0,0.3080263101328404
81,0.007077,0,0.2633162804694554
82,0.005066,0,0.17686255964919828
83,0.008625,0,0.32986544000687856
84,0.008639,0,0.33046730579080874
85,0.007012,0,0.26052190361549377
86,0.00524,0,0.18434289153518768
87,0.005979,0,0.2161128068440738
88,0.007714,0,0.29070117363827874
89,0.006605,0,0.2430248054683806
90,0.006772,0,0.25020420446240493
91,0.008282,0,0.315119728300589
92,0.006768,0,0.2500322428098534
93,0.006317,0,0.23064356648467393
94,0.005778,0,0.2074717338033619
95,0.006666,0,0.2456472206697907
96,0.007373,0,0.276041442758265
97,0.005939,0,0.214393190318559
98,0.00686,0,0.2539873608185375
99,0.006771,0,0.25016121404926706
100,0.005904,0,0.21288852585873355
101,0.007047,0,0.26202656807531927
102,0.007631,0,0.2871329693478355
103,0.006063,0,0.2197240015476549
104,0.005128,0,0.1795279652637462
105,0.007581,0,0.284983448690942
106,0.00749,0,0.2810713210953958
107,0.00441,0,0.14866084863075535
108,0.005929,0,0.2139632861871803
109,0.006214,0,0.22621555393147333
110,0.005853,0,0.21069601478870215
111,0.005444,0,0.19311293581531322
112,0.004396,0,0.14805898284682517
113,0.006356,0,0.2323201925970509
114,0.00651,0,0.23894071622028293
115,0.005173,0,0.18146253385495037
116,0.005038,0,0.1756588280813379
117,0.006306,0,0.2301706719401574
118,0.006221,0,0.22651648682343842
119,0.006563,0,0.24121920811659006
120,0.005603,0,0.19994841150423462
121,0.005483,0,0.19478956192769017
122,0.005679,0,0.20321568290271275
123,0.005663,0,0.20252783629250679
124,0.005853,0,0.21069601478870215
125,0.006354,0,0.23223421177077516
126,0.006228,0,0.2268174197154035
127,0.004887,0,0.1691672756975195
128,0.005712,0,0.20463436653626246
129,0.006671,0,0.24586217273548003
130,0.006523,0,0.23949959159107523
131,0.00552,0,0.19638020721379135
132,0.005398,0,0.1911353768109712
133,0.005909,0,0.2131034779244229
134,0.005768,0,0.20704182967198317
135,0.003991,0,0.1306478655259877
136,0.003983,0,0.13030394222088476
137,0.005086,0,0.17772236791195567
138,0.00525,0,0.1847727956665664
139,0.006808,0,0.25175185933536826
140,0.004785,0,0.1647822535574567
141,0.004913,0,0.17028502643910412
142,0.005902,0,0.2128025450324578
143,0.005071,0,0.17707751171488761
144,0.004889,0,0.16925325652379522
145,0.006339,0,0.2315893555737071
146,0.005405,0,0.1914363097029363
147,0.005083,0,0.17759339667254206
148,0.006173,0,0.22445294699282062
149,0.006,0,0.2170156055199691
150,0.004459,0,0.150767378874511
151,0.004379,0,0.1473281458234814
152,0.006326,0,0.2310304802029148
153,0.006085,0,0.22066979063668807
154,0.003688,0,0.11762177034521303
155,0.005357,0,0.1893727698723185
156,0.004194,0,0.13937491939297536
157,0.007925,0,0.29977215081036934
158,0.006568,0,0.2414341601822794
159,0.005268,0,0.18554662310304806
160,0.004649,0,0.15893555737070636
161,0.00504,0,0.17574480890761365
162,0.005538,0,0.19715403465027304
163,0.004248,0,0.14169640170242037
164,0.005303,0,0.18705128756287354
165,0.004575,0,0.15575426679850396
166,0.006272,0,0.2287089978934698
167,0.005157,0,0.18077468724474446
168,0.004739,0,0.16280469455311466
169,0.004468,0,0.15115429259275182
170,0.00539,0,0.1907914535058682
171,0.004266,0,0.14247022913890203
172,0.00537,0,0.18993164524311082
173,0.006076,0,0.22028287691844722
174,0.006909,0,0.2560938910622932
175,0.004312,0,0.14444778814324405
176,0.004683,0,0.16039723141739393
177,0.005187,0,0.18206439963888055
178,0.005679,0,0.20321568290271275
179,0.005787,0,0.2078586475216027
180,0.006786,0,0.2508060702463351
181,0.005769,0,0.20708482008512105
182,0.004926,0,0.17084390180989642
183,0.004507,0,0.15283091870512877
184,0.004775,0,0.164352349426078
185,0.003947,0,0.1287562873479214
186,0.004529,0,0.15377670779416192
187,0.004943,0,0.17157473883324023
188,0.00449,0,0.152100081681785
189,0.003327,0,0.10210223120244187
190,0.004565,0,0.15532436266712524
191,0.004408,0,0.1485748678044796
192,0.004056,0,0.13344224237994928
193,0.005298,0,0.18683633549718415
194,0.004059,0,0.1335712136193629
195,0.005815,0,0.2090623790894631
196,0.004048,0,0.13309831907484634
197,0.004111,0,0.13580671510253214
198,0.003502,0,0.10962555350156915
199,0.005316,0,0.18761016293366584
200,0.003603,0,0.11396758522849405
201,0.004594,0,0.15657108464812347
202,0.00503,0,0.17531490477623493
203,0.003762,0,0.12080306091741543
204,0.004346,0,0.14590946218993167
205,0.003642,0,0.11564421134087098
206,0.003825,0,0.12351145694510124
207,0.00449,0,0.152100081681785
208,0.0039,0,0.12673573793044152
209,0.004074,0,0.13421606981643097
210,0.004421,0,0.14913374317527192
211,0.004829,0,0.166673831735523
212,0.004352,0,0.14616740466875888
213,0.004484,0,0.15184213920295775
214,0.004575,0,0.15575426679850396
215,0.003916,0,0.12742358454064745
216,0.003622,0,0.11478440307811358
217,0.005377,0,0.1902325781350759
218,0.005024,0,0.1750569622974077
219,0.004736,0,0.16267572331370106
220,0.005082,0,0.1775504062594042
221,0.003786,0,0.12183483083272431
222,0.004805,0,0.16564206182021413
223,0.005054,0,0.17634667469154383
224,0.004593,0,0.1565280942349856
225,0.005204,0,0.1827952366622244
226,0.00356,0,0.11211899746356563
227,0.004835,0,0.1669317742143502
228,0.004359,0,0.14646833756072397
229,0.004411,0,0.14870383904389323
230,0.004193,0,0.13933192897983748
231,0.004225,0,0.14070762220024935
232,0.004462,0,0.1508963501139246
233,0.00584,0,0.21013713941790985
234,0.003935,0,0.128240402390267
235,0.002991,0,0.08765745238811747
236,0.004315,0,0.14457675938265768
237,0.003764,0,0.12088904174369117
238,0.002897,0,0.08361635355315765
239,0.003694,0,0.11787971282404024
240,0.004521,0,0.15343278448905895
241,0.004378,0,0.1472851554103435
242,0.003397,0,0.10511156012209277
243,0.004309,0,0.14431881690383047
244,0.005671,0,0.20287175959760975
245,0.004777,0,0.16443833025235374
246,0.004625,0,0.15790378745539746
247,0.003275,0,0.09986672971927261
248,0.003742,0,0.11994325265465802
249,0.00578,0,0.20755771462963765
250,0.004238,0,0.14126649757104165
251,0.005468,0,0.1941447057306221
252,0.003564,0,0.11229095911611711
253,0.004141,0,0.13709642749666826
254,0.004039,0,0.1327114053566055
255,0.004603,0,0.15695799836636432
256,0.003399,0,0.10519754094836853
257,0.004054,0,0.13335626155367356
258,0.003877,0,0.1257469584282705
259,0.00391,0,0.12716564206182024
260,0.003635,0,0.1153432784489059
261,0.005969,0,0.21568290271269513
262,0.003082,0,0.09156957998366365
263,0.003636,0,0.11538626886204377
264,0.003096,0,0.09217144576759383
265,0.005263,0,0.18533167103735873
266,0.003569,0,0.11250591118180647
267,0.005015,0,0.1746700485791669
268,0.003971,0,0.1297880572632303
269,0.00357,0,0.11254890159494432
270,0.003975,0,0.1299600189157818
271,0.003997,0,0.1309058080048149
272,0.003161,0,0.09496582262155541
273,0.002991,0,0.08765745238811747
274,0.003902,0,0.12682171875671727
275,0.003525,0,0.11061433300374017
276,0.003249,0,0.09874897897768799
277,0.00388,0,0.12587592966768413
278,0.002848,0,0.081509823309402
279,0.004399,0,0.14818795408623878
280,0.004561,0,0.15515240101457375
281,0.003966,0,0.12957310519754095
282,0.00581,0,0.20884742702377374
283,0.004188,0,0.13911697691414815
284,0.004056,0,0.13344224237994928
285,0.004245,0,0.14156743046300674
286,0.004337,0,0.1455225484716908
287,0.003612,0,0.1143544989467349
288,0.004211,0,0.1401057564163192
289,0.003612,0,0.1143544989467349
290,0.004355,0,0.14629637590817252
291,0.003533,0,0.11095825630884314
292,0.003914,0,0.1273376037143717
293,0.004189,0,0.13915996732728603
294,0.004472,0,0.15132625424530333
295,0.003099,0,0.09230041700700745
296,0.003185,0,0.09599759253686428
297,0.004118,0,0.13610764799449723
298,0.004396,0,0.14805898284682517
299,0.004307,0,0.14423283607755472
300,0.003109,0,0.09273032113838614
301,0.003966,0,0.12957310519754095
302,0.00464,0,0.15854864365246552
303,0.005337,0,0.1885129616095611
304,0.004529,0,0.15377670779416192
305,0.003743,0,0.11998624306779589
306,0.003242,0,0.0984480460857229
307,0.00357,0,0.11254890159494432
308,0.004679,0,0.16022526976484244
309,0.005169,0,0.1812905722023989
310,0.004574,0,0.15571127638536608
311,0.00343,0,0.10653024375564249
312,0.004141,0,0.13709642749666826
313,0.004779,0,0.1645243110786295
314,0.00432,0,0.14479171144834704
315,0.004204,0,0.13980482352435408
316,0.003691,0,0.11775074158462663
317,0.004542,0,0.15433558316495424
318,0.003577,0,0.11284983448690943
319,0.003158,0,0.0948368513821418
320,0.003553,0,0.11181806457160055
321,0.004341,0,0.1456945101242423
322,0.002877,0,0.08275654529040023
323,0.004481,0,0.15171316796354414
324,0.004298,0,0.14384592235931387
325,0.004394,0,0.14797300202054944
326,0.004543,0,0.1543785735780921
327,0.004046,0,0.1330123382485706
328,0.00438,0,0.14737113623661927
329,0.003351,0,0.10313400111775074
330,0.003077,0,0.09135462791797429
331,0.003197,0,0.09651347749451873
332,0.003687,0,0.11757877993207516
333,0.004228,0,0.14083659343966295
334,0.004446,0,0.1502085035037187
335,0.00393,0,0.12802545032457766
336,0.003109,0,0.09273032113838614
337,0.00473,0,0.16241778083487382
338,0.004837,0,0.16701775504062596
339,0.003658,0,0.11633205795107691
340,0.004729,0,0.16237479042173594
341,0.003102,0,0.09242938824642107
342,0.002538,0,0.06818279523666222
343,0.004266,0,0.14247022913890203
344,0.004108,0,0.1356777438631185
345,0.003463,0,0.10794892738919222
346,0.003488,0,0.10902368771763898
347,0.002907,0,0.08404625768453634
348,0.0034,0,0.10524053136150638
349,0.004103,0,0.13546279179742918
350,0.0032,0,0.09664244873393235
351,0.002841,0,0.08120889041743692
352,0.003386,0,0.10463866557757621
353,0.004778,0,0.16448132066549162
354,0.003184,0,0.09595460212372642
355,0.004768,0,0.1640514165341129
356,0.004487,0,0.15197111044237135
357,0.003523,0,0.11052835217746444
358,0.003695,0,0.11792270323717811
359,0.002849,0,0.08155281372253988
360,0.003223,0,0.09763122823610336
361,0.004214,0,0.14023472765573278
362,0.004062,0,0.1337001848587765
363,0.004726,0,0.16224581918232236
364,0.003361,0,0.10356390524912945
365,0.002746,0,0.07712480116933924
366,0.002622,0,0.07179398994024333
367,0.004378,0,0.1472851554103435
368,0.004171,0,0.13838613989080437
369,0.002721,0,0.07605004084089248
370,0.003194,0,0.09638450625510511
371,0.003861,0,0.12505911181806456
372,0.002974,0,0.08692661536477367
373,0.003629,0,0.11508533597007868
374,0.003424,0,0.10627230127681528
375,0.003862,0,0.12510210223120244
376,0.004344,0,0.14582348136365592
377,0.003555,0,0.11190404539787628
378,0.003854,0,0.12475817892609949
379,0.003021,0,0.08894716478225355
380,0.002847,0,0.08146683289626415
381,0.003691,0,0.11775074158462663
382,0.003805,0,0.12265164868234384
383,0.003992,0,0.13069085593912558
384,0.004441,0,0.1499935514380293
385,0.003642,0,0.11564421134087098
386,0.003198,0,0.0965564679076566
387,0.00287,0,0.08245561239843516
388,0.002914,0,0.08434719057650145
389,0.003549,0,0.11164610291904906
390,0.004538,0,0.15416362151240276
391,0.002696,0,0.07497528051244573
392,0.003975,0,0.1299600189157818
393,0.002356,0,0.06035854004556984
394,0.003614,0,0.11444047977301063
395,0.003431,0,0.10657323416878037
396,0.003083,0,0.09161257039680151
397,0.003095,0,0.09212845535445596
398,0.00358,0,0.11297880572632303
399,0.003851,0,0.12462920768668587
400,0.003312,0,0.1014573750053738
401,0.002816,0,0.08013413008899016
402,0.004169,0,0.1383001590645286
403,0.002674,0,0.07402949142341259
404,0.003632,0,0.11521430720949229
405,0.003265,0,0.0994368255878939
406,0.003171,0,0.0953957267529341
407,0.00443,0,0.14952065689351277
408,0.003629,0,0.11508533597007868
409,0.003527,0,0.11070031383001593
410,0.003249,0,0.09874897897768799
411,0.004256,0,0.14204032500752334
412,0.003601,0,0.11388160440221831
413,0.00447,0,0.15124027341902757
414,0.003631,0,0.11517131679635442
415,0.002874,0,0.08262757405098663
416,0.003276,0,0.09990972013241047
417,0.003224,0,0.09767421864924122
418,0.003497,0,0.10941060143587981
419,0.004409,0,0.14861785821761747
420,0.003736,0,0.11968531017583081
421,0.003606,0,0.11409655646790766
422,0.002999,0,0.08800137569322042
423,0.002806,0,0.07970422595761145
424,0.003088,0,0.09182752246249087
425,0.002723,0,0.07613602166716824
426,0.002893,0,0.08344439190060618
427,0.003455,0,0.10760500408408927
428,0.003161,0,0.09496582262155541
429,0.003322,0,0.10188727913675251
430,0.003064,0,0.09079575254718197
431,0.003282,0,0.1001676626112377
432,0.003465,0,0.10803490821546796
433,0.003217,0,0.09737328575727612
434,0.002833,0,0.08086496711233396
435,0.004006,0,0.13129272172305578
436,0.003237,0,0.09823309402003354
437,0.003672,0,0.11693392373500709
438,0.003195,0,0.09642749666824299
439,0.004228,0,0.14083659343966295
440,0.002037,0,0.046644598254589234
441,0.00333,0,0.10223120244185548
442,0.003068,0,0.09096771419973346
443,0.002327,0,0.0591118180645716
444,0.003809,0,0.12282361033489532
445,0.003384,0,0.10455268475130046
446,0.00442,0,0.14909075276213407
447,0.004488,0,0.15201410085550923
448,0.002887,0,0.08318644942177894
449,0.003024,0,0.08907613602166718
450,0.00372,0,0.11899746356562488
451,0.003011,0,0.08851726065087485
452,0.003982,0,0.13026095180774688
453,0.003417,0,0.10597136838485018
454,0.003178,0,0.09569665964489919
455,0.002315,0,0.05859593310691715
456,0.002886,0,0.08314345900864108
457,0.002593,0,0.07054726795924508
458,0.003161,0,0.09496582262155541
459,0.003026,0,0.08916211684794291
460,0.002778,0,0.0785004943897511
461,0.004797,0,0.16529813851511116
462,0.003007,0,0.08834529899832338
463,0.002802,0,0.07953226430505997
464,0.00194,0,0.042474528180215826
465,0.003036,0,0.08959202097932162
466,0.002429,0,0.06349684020463438
467,0.003781,0,0.12161987876703496
468,0.003687,0,0.11757877993207516
469,0.002657,0,0.07329865440006879
470,0.002413,0,0.06280899359442846
471,0.003253,0,0.09892094063023946
472,0.002864,0,0.08219766991960792
473,0.003146,0,0.09432096642448734
474,0.003822,0,0.12338248570568763
475,0.002579,0,0.06994540217531492
476,0.003299,0,0.10089849963458149
477,0.00337,0,0.1039508189673703
478,0.003663,0,0.11654701001676628
479,0.002551,0,0.06874167060745454
480,0.003248,0,0.09870598856455011
481,0.003358,0,0.10343493400971583
482,0.002445,0,0.0641846868148403
483,0.003625,0,0.11491337431752721
484,0.003247,0,0.09866299815141223
485,0.003354,0,0.10326297235716436
486,0.003664,0,0.11659000042990415
487,0.002599,0,0.07080521043807232
488,0.004031,0,0.13236748205150253
489,0.002765,0,0.07794161901895878
490,0.003914,0,0.1273376037143717
491,0.003543,0,0.11138816044022185
492,0.00288,0,0.08288551652981387
493,0.00274,0,0.076866858690512
494,0.003575,0,0.11276385366063368
495,0.002304,0,0.058123038562400586
496,0.003774,0,0.12131894587506988
497,0.002808,0,0.07979020678388721
498,0.004538,0,0.15416362151240276
499,0.002647,0,0.07286875026869008
500,0.002626,0,0.0719659515927948
501,0.003151,0,0.0945359184901767
502,0.002916,0,0.08443317140277719
503,0.002586,0,0.07024633506728001
504,0.00363,0,0.11512832638321654
505,0.002537,0,0.06813980482352436
506,0.003184,0,0.09595460212372642
507,0.003516,0,0.11022741928549934
508,0.003276,0,0.09990972013241047
509,0.003044,0,0.08993594428442457
510,0.003223,0,0.09763122823610336
511,0.001669,0,0.03082412621985297
512,0.00288,0,0.08288551652981387
513,0.00321,0,0.09707235286531105
514,0.002282,0,0.05717724947336745
515,0.002962,0,0.0864107304071192
516,0.002811,0,0.07991917802330081
517,0.003651,0,0.11603112505911184
518,0.002482,0,0.06577533210094148
519,0.002721,0,0.07605004084089248
520,0.003138,0,0.09397704311938439
521,0.002446,0,0.06422767722797816
522,0.004002,0,0.1311207600705043
523,0.002757,0,0.07759769571385582
524,0.002392,0,0.06190619491853317
525,0.003221,0,0.0975452474098276
526,0.003366,0,0.10377885731481881
527,0.003631,0,0.11517131679635442
528,0.002886,0,0.08314345900864108
529,0.002835,0,0.08095094793860969
530,0.003292,0,0.1005975667426164
531,0.004834,0,0.16688878380121233
532,0.003023,0,0.0890331456085293
533,0.004177,0,0.13864408236963158
534,0.003691,0,0.11775074158462663
535,0.003767,0,0.12101801298310477
536,0.002582,0,0.07007437341472852
537,0.003044,0,0.08993594428442457
538,0.003572,0,0.11263488242122008
539,0.002409,0,0.06263703194187696
540,0.002897,0,0.08361635355315765
541,0.002614,0,0.07145006663514036
542,0.002841,0,0.08120889041743692
543,0.003451,0,0.10743304243153778
544,0.003097,0,0.0922144361807317
545,0.002875,0,0.0826705644641245
546,0.002835,0,0.08095094793860969
547,0.003113,0,0.09290228279093762
548,0.004089,0,0.134860926013499
549,0.002797,0,0.07931731223937062
550,0.002311,0,0.05842397145436568
551,0.002443,0,0.06409870598856454
552,0.002233,0,0.055070719229611806
553,0.003076,0,0.09131163750483644
554,0.003676,0,0.11710588538755859
555,0.003219,0,0.09745926658355188
556,0.002338,0,0.05958471260908817
557,0.003027,0,0.08920510726108079
558,0.002868,0,0.0823696315721594
559,0.002958,0,0.08623876875456774
560,0.002595,0,0.07063324878552084
561,0.00335,0,0.10309101070461288
562,0.003145,0,0.09427797601134946
563,0.002601,0,0.07089119126434805
564,0.002974,0,0.08692661536477367
565,0.003291,0,0.10055457632947853
566,0.002681,0,0.07433042431537766
567,0.002331,0,0.05928377971712309
568,0.002626,0,0.0719659515927948
569,0.003021,0,0.08894716478225355
570,0.004439,0,0.1499075706117536
571,0.003124,0,0.0933751773354542
572,0.003729,0,0.11938437728386571
573,0.003421,0,0.10614333003740167
574,0.002828,0,0.0806500150466446
575,0.003153,0,0.09462189931645244
576,0.002511,0,0.06702205408193974
577,0.002874,0,0.08262757405098663
578,0.002426,0,0.06336786896522077
579,0.002469,0,0.06521645673014917
580,0.003619,0,0.11465543183869997
581,0.002315,0,0.05859593310691715
582,0.004111,0,0.13580671510253214
583,0.002715,0,0.07579209836206525
584,0.002813,0,0.08000515884957654
585,0.002946,0,0.08572288379691329
586,0.002756,0,0.07755470530071795
587,0.0024,0,0.062250118223636124
588,0.003043,0,0.08989295387128671
589,0.003283,0,0.10021065302437557
590,0.002698,0,0.07506126133872146
591,0.002234,0,0.05511370964274966
592,0.001953,0,0.04303340355100814
593,0.003004,0,0.08821632775890978
594,0.003514,0,0.11014143845922361
595,0.003113,0,0.09290228279093762
596,0.003435,0,0.10674519582133185
597,0.002713,0,0.07570611753578953
598,0.002671,0,0.07390052018399898
599,0.002341,0,0.05971368384850179
600,0.003353,0,0.1032199819440265
601,0.003072,0,0.09113967585228495
602,0.002449,0,0.06435664846739177
603,0.00341,0,0.10567043549288509
604,0.002815,0,0.08009113967585228
605,0.003377,0,0.10425175185933537
606,0.002923,0,0.08473410429474226
607,0.003371,0,0.10399380938050815
608,0.002801,0,0.0794892738919221
609,0.00321,0,0.09707235286531105
610,0.002502,0,0.06663514036369889
611,0.002565,0,0.06934353639138473
612,0.00253,0,0.06783887193155927
613,0.002276,0,0.05691930699454021
614,0.00278,0,0.07858647521602682
615,0.002619,0,0.07166501870082971
616,0.00232,0,0.05881088517260651
617,0.002608,0,0.07119212415631315
618,0.003885,0,0.12609088173337346
619,0.003402,0,0.10532651218778213
620,0.003423,0,0.1062293108636774
621,0.002387,0,0.06169124285284381
622,0.002646,0,0.07282575985555222
623,0.003116,0,0.09303125403035123
624,0.002689,0,0.07467434762048064
625,0.003145,0,0.09427797601134946
626,0.002426,0,0.06336786896522077
627,0.002877,0,0.08275654529040023
628,0.003181,0,0.0958256308843128
629,0.002743,0,0.07699582992992564
630,0.003384,0,0.10455268475130046
631,0.003213,0,0.09720132410472467
632,0.002122,0,0.050298783371308206
633,0.003073,0,0.09118266626542282
634,0.00315,0,0.09449292807703882
635,0.00339,0,0.10481062723012768
636,0.003638,0,0.11547224968831953
637,0.001847,0,0.03847641975839388
638,0.002465,0,0.0650444950775977
639,0.002125,0,0.05042775461072182
640,0.003387,0,0.10468165599071406
641,0.003056,0,0.09045182924207902
642,0.002482,0,0.06577533210094148
643,0.003142,0,0.09414900477193586
644,0.00227,0,0.05666136451571299
645,0.003934,0,0.1281974119771291
646,0.002982,0,0.08727053866987662
647,0.003034,0,0.08950604015304586
648,0.002687,0,0.0745883667942049
649,0.002275,0,0.05687631658140235
650,0.003116,0,0.09303125403035123
651,0.002162,0,0.052018399896823005
652,0.002999,0,0.08800137569322042
653,0.002479,0,0.06564636086152788
654,0.002908,0,0.08408924809767422
655,0.003179,0,0.09573965005803706
656,0.003422,0,0.10618632045053954
657,0.002413,0,0.06280899359442846
658,0.002307,0,0.0582520098018142
659,0.002613,0,0.07140707622200249
660,0.002691,0,0.07476032844675637
661,0.002494,0,0.06629121705859595
662,0.002498,0,0.0664631787111474
663,0.002954,0,0.08606680710201625
664,0.00188,0,0.0398951033919436
665,0.00275,0,0.07729676282189071
666,0.002799,0,0.07940329306564636
667,0.002385,0,0.061605262026568075
668,0.00362,0,0.11469842225183785
669,0.00337,0,0.1039508189673703
670,0.002933,0,0.08516400842612097
671,0.003057,0,0.09049481965521688
672,0.00272,0,0.07600705042775462
673,0.003334,0,0.10240316409440696
674,0.001901,0,0.04079790206783887
675,0.002299,0,0.057908086496711225
676,0.003553,0,0.11181806457160055
677,0.002147,0,0.051373543699754956
678,0.002827,0,0.08060702463350673
679,0.001811,0,0.036928764885430544
680,0.00253,0,0.06783887193155927
681,0.002956,0,0.086152787928292
682,0.002691,0,0.07476032844675637
683,0.00262,0,0.07170800911396759
684,0.002221,0,0.05455483427195735
685,0.0028,0,0.07944628347878423
686,0.002584,0,0.07016035424100425
687,0.002839,0,0.08112290959116117
688,0.002847,0,0.08146683289626415
689,0.003223,0,0.09763122823610336
690,0.002789,0,0.07897338893426765
691,0.002704,0,0.07531920381754868
692,0.003056,0,0.09045182924207902
693,0.0024,0,0.062250118223636124
694,0.002631,0,0.07218090365848416
695,0.004103,0,0.13546279179742918
696,0.003149,0,0.09444993766390095
697,0.003008,0,0.08838828941146123
698,0.003296,0,0.10076952839516788
699,0.003122,0,0.09328919650917847
700,0.002743,0,0.07699582992992564
701,0.003263,0,0.09935084476161817
702,0.002818,0,0.0802201109152659
703,0.003601,0,0.11388160440221831
704,0.002487,0,0.06599028416663084
705,0.002752,0,0.07738274364816647
706,0.001748,0,0.034220368857744723
707,0.001889,0,0.040282017110184434
708,0.00287,0,0.08245561239843516
709,0.00226,0,0.05623146038433429
710,0.002596,0,0.07067623919865869
711,0.003122,0,0.09328919650917847
712,0.003573,0,0.11267787283435794
713,0.002194,0,0.053394093117234864
714,0.002739,0,0.07682386827737415
715,0.002405,0,0.062465070289325485
716,0.002759,0,0.07768367654013156
717,0.003959,0,0.12927217230557586
718,0.002564,0,0.06930054597824685
719,0.002022,0,0.04599974205752117
720,0.002975,0,0.08696960577791155
721,0.003559,0,0.11207600705042776
722,0.002698,0,0.07506126133872146
723,0.002793,0,0.07914535058681914
724,0.00265,0,0.0729977215081037
725,0.002314,0,0.058552942693779295
726,0.003037,0,0.0896350113924595
727,0.003478,0,0.10859378358626028
728,0.002786,0,0.07884441769485405
729,0.002466,0,0.06508748549073556
730,0.001703,0,0.03228580026654057
731,0.002831,0,0.08077898628605822
732,0.002792,0,0.07910236017368129
733,0.001696,0,0.031984867374575475
734,0.003008,0,0.08838828941146123
735,0.002479,0,0.06564636086152788
736,0.003524,0,0.11057134259060229
737,0.00386,0,0.1250161214049267
738,0.002449,0,0.06435664846739177
739,0.003053,0,0.09032285800266542
740,0.002482,0,0.06577533210094148
741,0.002195,0,0.05343708353037272
742,0.003074,0,0.09122565667856068
743,0.002576,0,0.0698164309359013
744,0.004255,0,0.14199733459438546
745,0.002046,0,0.047031511972830065
746,0.002669,0,0.07381453935772322
747,0.002554,0,0.06887064184686814
748,0.002629,0,0.07209492283220842
749,0.00288,0,0.08288551652981387
750,0.003428,0,0.10644426292936676
751,0.003143,0,0.09419199518507373
752,0.002858,0,0.08193972744078071
753,0.003138,0,0.09397704311938439
754,0.002466,0,0.06508748549073556
755,0.002178,0,0.052706246507028924
756,0.002184,0,0.05296418898585616
757,0.003652,0,0.11607411547224969
758,0.002642,0,0.07265379820300072
759,0.00223,0,0.05494174799019819
760,0.002488,0,0.06603327457976872
761,0.002601,0,0.07089119126434805
762,0.002688,0,0.07463135720734276
763,0.002852,0,0.08168178496195348
764,0.002548,0,0.06861269936804093
765,0.001968,0,0.04367825974807618
766,0.002804,0,0.07961824513133572
767,0.003007,0,0.08834529899832338
768,0.003879,0,0.12583293925454625
769,0.002495,0,0.0663342074717338
770,0.002613,0,0.07140707622200249
771,0.001942,0,0.04256050900649156
772,0.002919,0,0.08456214264219081
773,0.002539,0,0.0682257856498001
774,0.003179,0,0.09573965005803706
775,0.002641,0,0.07261080778986287
776,0.002469,0,0.06521645673014917
777,0.003978,0,0.1300889901551954
778,0.003115,0,0.09298826361721338
779,0.002153,0,0.051631486178582174
780,0.003376,0,0.1042087614461975
781,0.002949,0,0.08585185503632689
782,0.002384,0,0.0615622716134302
783,0.002815,0,0.08009113967585228
784,0.001905,0,0.040969863720390354
785,0.001664,0,0.03060917415416362
786,0.002246,0,0.05562959460040412
787,0.002933,0,0.08516400842612097
788,0.00243,0,0.06353983061777223
789,0.002475,0,0.06547439920897641
790,0.002723,0,0.07613602166716824
791,0.002411,0,0.0627230127681527
792,0.002412,0,0.06276600318129058
793,0.002563,0,0.06925755556510899
794,0.003096,0,0.09217144576759383
795,0.003602,0,0.11392459481535619
796,0.002664,0,0.07359958729203389
797,0.002346,0,0.05992863591419113
798,0.002011,0,0.045526847513004606
799,0.001899,0,0.040711921241563136
800,0.002599,0,0.07080521043807232
801,0.003063,0,0.09075276213404412
802,0.002234,0,0.05511370964274966
803,0.002298,0,0.05786509608357337
804,0.003436,0,0.10678818623446971
805,0.002005,0,0.04526890503417737
806,0.003507,0,0.10984050556725851
807,0.002635,0,0.07235286531103564
808,0.002795,0,0.0792313314130949
809,0.002231,0,0.05498473840333605
810,0.002117,0,0.050083831305618845
811,0.002723,0,0.07613602166716824
812,0.002596,0,0.07067623919865869
813,0.002051,0,0.047246464038519405
814,0.002541,0,0.06831176647607583
815,0.002215,0,0.05429689179313013
816,0.002771,0,0.078199561497786
817,0.003492,0,0.10919564937019045
818,0.00201,0,0.04548385709986673
819,0.003168,0,0.09526675551352048
820,0.003579,0,0.11293581531318518
821,0.002484,0,0.06586131292721724
822,0.003238,0,0.09827608443317142
823,0.002318,0,0.05872490434633078
824,0.002486,0,0.06594729375349297
825,0.002429,0,0.06349684020463438
826,0.001963,0,0.04346330768238682
827,0.003021,0,0.08894716478225355
828,0.00262,0,0.07170800911396759
829,0.002426,0,0.06336786896522077
830,0.002479,0,0.06564636086152788
831,0.002168,0,0.05227634237565022
832,0.002705,0,0.07536219423068656
833,0.002514,0,0.06715102532135335
834,0.0026,0,0.07084820085121017
835,0.00308,0,0.09148359915738791
836,0.002824,0,0.08047805339409313
837,0.002551,0,0.06874167060745454
838,0.002322,0,0.05889686599888224
839,0.003033,0,0.08946304973990801
840,0.001958,0,0.04324835561669748
841,0.001871,0,0.039508189673702766
842,0.002831,0,0.08077898628605822
843,0.002625,0,0.07192296117965695
844,0.002758,0,0.07764068612699368
845,0.001754,0,0.03447831133657194
846,0.002158,0,0.051846438244271535
847,0.002661,0,0.07347061605262027
848,0.002742,0,0.07695283951678776
849,0.002426,0,0.06336786896522077
850,0.001971,0,0.043807230987489794
851,0.001837,0,0.038046515627015186
852,0.002752,0,0.07738274364816647
853,0.002413,0,0.06280899359442846
854,0.001513,0,0.024117621770345214
855,0.003269,0,0.09960878724044539
856,0.002227,0,0.05481277675078457
857,0.002818,0,0.0802201109152659
858,0.002574,0,0.06973045010962556
859,0.002592,0,0.07050427754610722
860,0.001804,0,0.03662783199346546
861,0.003171,0,0.0953957267529341
862,0.002176,0,0.05262026568075319
863,0.002707,0,0.07544817505696232
864,0.002034,0,0.04651562701517561
865,0.003529,0,0.11078629465629165
866,0.002456,0,0.06465758135935686
867,0.002331,0,0.05928377971712309
868,0.002567,0,0.06942951721766046
869,0.002024,0,0.04608572288379692
870,0.002023,0,0.04604273247065904
871,0.002605,0,0.07106315291689953
872,0.002353,0,0.06022956880615623
873,0.003342,0,0.10274708739950991
874,0.002911,0,0.08421821933708783
875,0.002499,0,0.06650616912428528
876,0.001611,0,0.0283306822578565
877,0.002543,0,0.06839774730235158
878,0.003092,0,0.09199948411504236
879,0.001492,0,0.02321482309444994
880,0.002375,0,0.061175357895189374
881,0.003641,0,0.11560122092773313
882,0.002632,0,0.07222389407162202
883,0.002844,0,0.08133786165685053
884,0.003038,0,0.08967800180559735
885,0.003313,0,0.10150036541851168
886,0.002903,0,0.08387429603198487
887,0.002321,0,0.058853875585744383
888,0.002468,0,0.06517346631701132
889,0.002118,0,0.05012682171875672
890,0.001924,0,0.041786681570009886
891,0.002682,0,0.07437341472851554
892,0.001989,0,0.04458105842397145
893,0.001843,0,0.038304458105842404
894,0.002351,0,0.06014358797988048
895,0.00368,0,0.11727784704011007
896,0.002239,0,0.055328661708439024
897,0.003515,0,0.11018442887236146
898,0.002881,0,0.08292850694295172
899,0.002423,0,0.06323889772580714
900,0.003364,0,0.10369287648854306
901,0.002901,0,0.08378831520570913
902,0.002933,0,0.08516400842612097
903,0.003107,0,0.0926443403121104
904,0.003029,0,0.08929108808735653
905,0.00209,0,0.048923090150896346
906,0.002761,0,0.0777696573664073
907,0.002867,0,0.08232664115902155
908,0.003151,0,0.0945359184901767
909,0.001902,0,0.04084089248097675
910,0.002393,0,0.06194918533167105
911,0.003168,0,0.09526675551352048
912,0.001731,0,0.033489531834400926
913,0.002057,0,0.04750440651734662
914,0.0025,0,0.06654915953742316
915,0.002852,0,0.08168178496195348
916,0.002162,0,0.052018399896823005
917,0.002896,0,0.08357336314001979
918,0.002603,0,0.07097717209062379
919,0.002922,0,0.08469111388160441
920,0.003374,0,0.10412278061992175
921,0.002562,0,0.06921456515197111
922,0.002636,0,0.07239585572417351
923,0.00226,0,0.05623146038433429
924,0.002596,0,0.07067623919865869
925,0.002671,0,0.07390052018399898
926,0.00216,0,0.05193241907054727
927,0.003221,0,0.0975452474098276
928,0.002819,0,0.08026310132840377
929,0.002488,0,0.06603327457976872
930,0.00222,0,0.05451184385881949
931,0.002593,0,0.07054726795924508
932,0.002354,0,0.06027255921929411
933,0.00211,0,0.04978289841365375
934,0.002253,0,0.055930527492369195
935,0.001904,0,0.04092687330725249
936,0.002674,0,0.07402949142341259
937,0.002191,0,0.05326512187782124
938,0.002593,0,0.07054726795924508
939,0.002536,0,0.0680968144103865
940,0.002838,0,0.08107991917802329
941,0.002757,0,0.07759769571385582
942,0.002237,0,0.05524268088216327
943,0.002946,0,0.08572288379691329
944,0.001592,0,0.027513864408236968
945,0.002576,0,0.0698164309359013
946,0.001848,0,0.03851941017153175
947,0.002374,0,0.061132367482051496
948,0.001698,0,0.03207084820085122
949,0.00241,0,0.06268002235501482
950,0.002699,0,0.07510425175185934
951,0.00291,0,0.08417522892394996
952,0.002628,0,0.07205193241907056
953,0.002334,0,0.0594127509565367
954,0.002345,0,0.05988564550105326
955,0.002185,0,0.05300717939899402
956,0.002935,0,0.08524998925239673
957,0.002842,0,0.08125188083057479
958,0.001531,0,0.02489144920682688
959,0.002762,0,0.07781264777954518
960,0.002734,0,0.0766089162116848
961,0.0031,0,0.09234340742014531
962,0.002086,0,0.04875112849834488
963,0.002512,0,0.0670650444950776
964,0.002497,0,0.06642018829800955
965,0.001983,0,0.04432311594514423
966,0.002426,0,0.06336786896522077
967,0.002502,0,0.06663514036369889
968,0.002518,0,0.06732298697390482
969,0.002392,0,0.06190619491853317
970,0.002286,0,0.05734921112591891
971,0.001988,0,0.04453806801083359
972,0.002596,0,0.07067623919865869
973,0.001661,0,0.03048020291475001
974,0.003123,0,0.09333218692231633
975,0.002755,0,0.07751171488758007
976,0.002276,0,0.05691930699454021
977,0.003031,0,0.08937706891363226
978,0.002196,0,0.0534800739435106
979,0.003191,0,0.09625553501569149
980,0.002027,0,0.04621469412321053
981,0.001909,0,0.041141825372941844
982,0.002258,0,0.056145479558058556
983,0.002057,0,0.04750440651734662
984,0.002378,0,0.06130432913460298
985,0.002965,0,0.08653970164653284
986,0.001924,0,0.041786681570009886
987,0.001962,0,0.04342031726924896
988,0.002188,0,0.053136150638407625
989,0.002758,0,0.07764068612699368
990,0.003168,0,0.09526675551352048
991,0.00167,0,0.030867116632990847
992,0.003027,0,0.08920510726108079
993,0.002889,0,0.0832724302480547
994,0.002181,0,0.05283521774644255
995,0.002834,0,0.08090795752547184
996,0.002557,0,0.06899961308628175
997,0.001603,0,0.02798675895275354
998,0.002344,0,0.059842655087915406
999,0.002672,0,0.07394351059713684
1000,0.003201,0,0.0966854391470702
1001,0.002667,0,0.0737285585314475
1002,0.00351,0,0.10996947680667213
1003,0.002618,0,0.07162202828769185
1004,0.002674,0,0.07402949142341259
1005,0.002272,0,0.05674734534198874
1006,0.00202,0,0.04591376123124544
1007,0.002289,0,0.057478182365332524
1008,0.001782,0,0.03568204290443231
1009,0.001812,0,0.03697175529856842
1010,0.001873,0,0.039594170499978515
1011,0.002003,0,0.04518292420790164
1012,0.002252,0,0.05588753707923134
1013,0.002027,0,0.04621469412321053
1014,0.002997,0,0.08791539486694468
1015,0.003484,0,0.1088517260650875
1016,0.001672,0,0.03095309745926659
1017,0.002415,0,0.06289497442070419
1018,0.002161,0,0.05197540948368515
1019,0.002341,0,0.05971368384850179
1020,0.001624,0,0.028889557628648813
1021,0.002291,0,0.05756416319160827
1022,0.002597,0,0.07071922961179657
1023,0.002394,0,0.061992175744808906
1024,0.001575,0,0.02678302738489317
1025,0.002163,0,0.052061390309960875
1026,0.002419,0,0.06306693607325567
1027,0.001855,0,0.03882034306349685
1028,0.002782,0,0.07867245604230258
1029,0.001751,0,0.034349340097158336
1030,0.002053,0,0.04733244486479515
1031,0.002071,0,0.048106272301276815
1032,0.00186,0,0.0390352951291862
1033,0.001989,0,0.04458105842397145
1034,0.002791,0,0.07905936976054341
1035,0.003247,0,0.09866299815141223
1036,0.003465,0,0.10803490821546796
1037,0.002763,0,0.07785563819268303
1038,0.001894,0,0.04049696917587379
1039,0.003188,0,0.09612656377627789
1040,0.002246,0,0.05562959460040412
1041,0.002403,0,0.06237908946304975
1042,0.002799,0,0.07940329306564636
1043,0.002461,0,0.06487253342504622
1044,0.002028,0,0.04625768453634839
1045,0.001898,0,0.040668930828425265
1046,0.002292,0,0.05760715360474615
1047,0.002175,0,0.05257727526761532
1048,0.002168,0,0.05227634237565022
1049,0.002561,0,0.06917157473883324
1050,0.002602,0,0.07093418167748593
1051,0.002749,0,0.07725377240875286
1052,0.00195,0,0.042904432311594506
1053,0.003289,0,0.10046859550320278
1054,0.002171,0,0.05240531361506385
1055,0.001769,0,0.03512316753364
1056,0.002087,0,0.048794118911482734
1057,0.001854,0,0.03877735265035897
1058,0.002191,0,0.05326512187782124
1059,0.003673,0,0.11697691414814497
1060,0.00311,0,0.09277331155152402
1061,0.001854,0,0.03877735265035897
1062,0.0017,0,0.03215682902712695
1063,0.001968,0,0.04367825974807618
1064,0.001971,0,0.043807230987489794
1065,0.00173,0,0.03344654142126306
1066,0.002825,0,0.08052104380723098
1067,0.003295,0,0.10072653798203002
1068,0.002557,0,0.06899961308628175
1069,0.002465,0,0.0650444950775977
1070,0.002269,0,0.056618374102575135
1071,0.001955,0,0.04311938437728387
1072,0.002677,0,0.0741584626628262
1073,0.0027,0,0.07514724216499721
1074,0.001747,0,0.03417737844460686
1075,0.002632,0,0.07222389407162202
1076,0.002272,0,0.05674734534198874
1077,0.00222,0,0.05451184385881949
1078,0.002475,0,0.06547439920897641
1079,0.002091,0,0.04896608056403422
1080,0.001927,0,0.0419156528094235
1081,0.001669,0,0.03082412621985297
1082,0.002629,0,0.07209492283220842
1083,0.002024,0,0.04608572288379692
1084,0.002638,0,0.07248183655044926
1085,0.002263,0,0.056360431623747896
1086,0.001991,0,0.044667039250247204
1087,0.002485,0,0.06590430334035509
1088,0.001748,0,0.034220368857744723
1089,0.002006,0,0.045311895447315245
1090,0.002924,0,0.08477709470788014
1091,0.002425,0,0.0633248785520829
1092,0.001818,0,0.03722969777739564
1093,0.002681,0,0.07433042431537766
1094,0.003276,0,0.09990972013241047
1095,0.001907,0,0.0410558445466661
1096,0.002304,0,0.058123038562400586
1097,0.002884,0,0.08305747818236534
1098,0.001722,0,0.033102618116160096
1099,0.002786,0,0.07884441769485405
1100,0.001862,0,0.039121275955461936
1101,0.001935,0,0.042259576114526465
1102,0.002129,0,0.05059971626327328
1103,0.002174,0,0.05253428485447746
1104,0.002057,0,0.04750440651734662
1105,0.002661,0,0.07347061605262027
1106,0.002527,0,0.06770990069214566
1107,0.002276,0,0.05691930699454021
1108,0.002238,0,0.055285671295301146
1109,0.002046,0,0.047031511972830065
1110,0.001971,0,0.043807230987489794
1111,0.002602,0,0.07093418167748593
1112,0.001876,0,0.03972314173939212
1113,0.001252,0,0.01289712394136108
1114,0.001936,0,0.04230256652766434
1115,0.001992,0,0.04471002966338506
1116,0.002358,0,0.060444520871845576
1117,0.002237,0,0.05524268088216327
1118,0.002524,0,0.06758092945273206
1119,0.002355,0,0.060315549632431964
1120,0.002298,0,0.05786509608357337
1121,0.002348,0,0.06001461674046687
1122,0.001561,0,0.026181161600962993
1123,0.002729,0,0.07639396414599545
1124,0.001798,0,0.03636988951463824
1125,0.002567,0,0.06942951721766046
1126,0.002259,0,0.056188469971196434
1127,0.002286,0,0.05734921112591891
1128,0.002376,0,0.061218348308327245
1129,0.002806,0,0.07970422595761145
1130,0.002201,0,0.05369502600919994
1131,0.001985,0,0.044409096771419965
1132,0.001633,0,0.02927647134688964
1133,0.001942,0,0.04256050900649156
1134,0.00212,0,0.05021280254503246
1135,0.001965,0,0.043549288508662576
1136,0.002714,0,0.07574910794892739
1137,0.002393,0,0.06194918533167105
1138,0.001906,0,0.041012854133528225
1139,0.002314,0,0.058552942693779295
1140,0.002516,0,0.06723700614762908
1141,0.001961,0,0.04337732685611109
1142,0.002282,0,0.05717724947336745
1143,0.001752,0,0.03439233051029621
1144,0.002819,0,0.08026310132840377
1145,0.001937,0,0.0423455569408022
1146,0.002083,0,0.048622157258931265
1147,0.002133,0,0.050771677915824764
1148,0.001904,0,0.04092687330725249
1149,0.001582,0,0.027083960276858266
1150,0.002125,0,0.05042775461072182
1151,0.002246,0,0.05562959460040412
1152,0.002978,0,0.08709857701732515
1153,0.00289,0,0.08331542066119257
1154,0.001762,0,0.0348222346416749
1155,0.002788,0,0.07893039852112979
1156,0.002988,0,0.08752848114870385
1157,0.001969,0,0.04372125016121404
1158,0.002212,0,0.05416792055371652
1159,0.00225,0,0.05580155625295558
1160,0.0035,0,0.10953957267529342
1161,0.001764,0,0.03490821546795065
1162,0.002469,0,0.06521645673014917
1163,0.002507,0,0.06685009242938825
1164,0.002614,0,0.07145006663514036
1165,0.003048,0,0.09010790593697605
1166,0.002914,0,0.08434719057650145
1167,0.002084,0,0.04866514767206912
1168,0.002858,0,0.08193972744078071
1169,0.00286,0,0.08202570826705645
1170,0.002625,0,0.07192296117965695
1171,0.001571,0,0.026611065732341687
1172,0.002772,0,0.07824255191092387
1173,0.002027,0,0.04621469412321053
1174,0.001883,0,0.04002407463135721
1175,0.00291,0,0.08417522892394996
1176,0.003087,0,0.091784532049353
1177,0.001962,0,0.04342031726924896
1178,0.002021,0,0.045956751644383294
1179,0.001606,0,0.02811573019216715
1180,0.002599,0,0.07080521043807232
1181,0.002645,0,0.07278276944241435
1182,0.002128,0,0.050556725850135424
1183,0.002236,0,0.05519969046902541
1184,0.001998,0,0.04496797214221229
1185,0.002073,0,0.04819225312755256
1186,0.002038,0,0.04668758866772709
1187,0.003501,0,0.1095825630884313
1188,0.001998,0,0.04496797214221229
1189,0.002616,0,0.0715360474614161
1190,0.002191,0,0.05326512187782124
1191,0.001718,0,0.03293065646360861
1192,0.00201,0,0.04548385709986673
1193,0.002233,0,0.055070719229611806
1194,0.00221,0,0.05408193972744079
1195,0.00127,0,0.013670951377842744
1196,0.002281,0,0.05713425906022957
1197,0.00181,0,0.03688577447229268
1198,0.00219,0,0.05322213146468338
1199,0.002338,0,0.05958471260908817
1200,0.001931,0,0.04208761446197498
1201,0.002177,0,0.05266325609389107
1202,0.002547,0,0.06856970895490305
1203,0.00236,0,0.060530501698121325
1204,0.001762,0,0.0348222346416749
1205,0.00205,0,0.04720347362538155
1206,0.001885,0,0.04011005545763295
1207,0.001992,0,0.04471002966338506
1208,0.002022,0,0.04599974205752117
1209,0.001548,0,0.02562228623017067
1210,0.002324,0,0.058982846825157996
1211,0.001813,0,0.03701474571170629
1212,0.001961,0,0.04337732685611109
1213,0.002453,0,0.06452861011994325
1214,0.00137,0,0.017969992691629764
1215,0.002152,0,0.051588495765444296
1216,0.001948,0,0.04281845148531878
1217,0.002151,0,0.05154550535230644
1218,0.003419,0,0.10605734921112593
1219,0.001414,0,0.019861570869696053
1220,0.001922,0,0.04170070074373416
1221,0.00258,0,0.06998839258845277
1222,0.002217,0,0.054382872619405866
1223,0.002352,0,0.06018657839301835
1224,0.001422,0,0.020205494174799023
1225,0.001749,0,0.034263359270882594
1226,0.001883,0,0.04002407463135721
1227,0.002101,0,0.049395984695412926
1228,0.0022,0,0.05365203559606208
1229,0.002098,0,0.04926701345599931
1230,0.002822,0,0.08039207256781737
1231,0.002103,0,0.04948196552168865
1232,0.002108,0,0.049696917587378014
1233,0.002164,0,0.05210438072309875
1234,0.002544,0,0.06844073771548945
1235,0.00194,0,0.042474528180215826
1236,0.002979,0,0.087141567430463
1237,0.001775,0,0.03538111001246723
1238,0.002027,0,0.04621469412321053
1239,0.002808,0,0.07979020678388721
1240,0.001978,0,0.04410816387945489
1241,0.00159,0,0.027427883581961226
1242,0.002239,0,0.055328661708439024
1243,0.002265,0,0.05644641245002365
1244,0.002373,0,0.06108937706891364
1245,0.001109,0,0.006749494862645627
1246,0.002809,0,0.07983319719702506
1247,0.004079,0,0.1344310218821203
1248,0.002198,0,0.053566054769786334
1249,0.001697,0,0.03202785778771334
1250,0.003085,0,0.09169855122307727
1251,0.002868,0,0.0823696315721594
1252,0.001694,0,0.03189888654829973
1253,0.002153,0,0.051631486178582174
1254,0.002381,0,0.06143330037401659
1255,0.002291,0,0.05756416319160827
1256,0.001795,0,0.036240918275224625
1257,0.002076,0,0.048321224366966176
1258,0.001914,0,0.041356777438631184
1259,0.002935,0,0.08524998925239673
1260,0.002508,0,0.06689308284252611
1261,0.002733,0,0.07656592579854693
1262,0.002327,0,0.0591118180645716
1263,0.001677,0,0.031168049524955943
1264,0.002713,0,0.07570611753578953
1265,0.003226,0,0.09776019947551697
1266,0.001705,0,0.0323717810928163
1267,0.001977,0,0.04406517346631701
1268,0.002108,0,0.049696917587378014
1269,0.002292,0,0.05760715360474615
1270,0.002114,0,0.04995486006620523
1271,0.0023,0,0.0579510769098491
1272,0.001677,0,0.031168049524955943
1273,0.002543,0,0.06839774730235158
1274,0.001995,0,0.044839000902798666
1275,0.002334,0,0.0594127509565367
1276,0.002263,0,0.056360431623747896
1277,0.002292,0,0.05760715360474615
1278,0.002076,0,0.048321224366966176
1279,0.001713,0,0.032715704397919265
1280,0.002142,0,0.051158591634065595
1281,0.001804,0,0.03662783199346546
1282,0.003018,0,0.08881819354283994
1283,0.002909,0,0.0841322385108121
1284,0.001953,0,0.04303340355100814
1285,0.00242,0,0.06310992648639353
1286,0.002025,0,0.04612871329693478
1287,0.001853,0,0.038734362237221105
1288,0.001765,0,0.03495120588108852
1289,0.001817,0,0.037186707364257776
1290,0.001323,0,0.015949443274149863
1291,0.00209,0,0.048923090150896346
1292,0.002314,0,0.058552942693779295
1293,0.002053,0,0.04733244486479515
1294,0.002177,0,0.05266325609389107
1295,0.002475,0,0.06547439920897641
1296,0.002378,0,0.06130432913460298
1297,0.001828,0,0.03765960190877435
1298,0.001762,0,0.0348222346416749
1299,0.001465,0,0.022054081939727438
1300,0.00218,0,0.05279222733330468
1301,0.002883,0,0.08301448776922747
1302,0.001754,0,0.03447831133657194
1303,0.00124,0,0.012381238983706633
1304,0.001592,0,0.027513864408236968
1305,0.001982,0,0.04428012553200635
1306,0.001599,0,0.027814797300202053
1307,0.001914,0,0.041356777438631184
1308,0.002027,0,0.04621469412321053
1309,0.002208,0,0.053995958901165035
1310,0.001283,0,0.014229826748635058
1311,0.002493,0,0.06624822664545807
1312,0.001582,0,0.027083960276858266
1313,0.002001,0,0.045096943381625905
1314,0.002074,0,0.04823524354069042
1315,0.00153,0,0.024848458793689004
1316,0.002342,0,0.05975667426163965
1317,0.001665,0,0.030652164567301497
1318,0.001927,0,0.0419156528094235
1319,0.001559,0,0.026095180774687247
1320,0.00199,0,0.044624048837109326
1321,0.002352,0,0.06018657839301835
1322,0.001669,0,0.03082412621985297
1323,0.002681,0,0.07433042431537766
1324,0.002276,0,0.05691930699454021
1325,0.002625,0,0.07192296117965695
1326,0.001629,0,0.029104509694338164
1327,0.001886,0,0.04015304587077082
1328,0.002256,0,0.05605949873178282
1329,0.002224,0,0.05468380551137096
1330,0.002212,0,0.05416792055371652
1331,0.00245,0,0.06439963888052964
1332,0.001838,0,0.03808950604015305
1333,0.001956,0,0.04316237479042173
1334,0.00195,0,0.042904432311594506
1335,0.002547,0,0.06856970895490305
1336,0.00236,0,0.060530501698121325
1337,0.002273,0,0.0567903357551266
1338,0.001733,0,0.03357551266067667
1339,0.002303,0,0.058080048149262715
1340,0.002234,0,0.05511370964274966
1341,0.002557,0,0.06899961308628175
1342,0.001878,0,0.039809122565667855
1343,0.002044,0,0.04694553114655431
1344,0.001894,0,0.04049696917587379
1345,0.002093,0,0.04905206139030995
1346,0.001257,0,0.013112076007050432
1347,0.001914,0,0.041356777438631184
1348,0.002208,0,0.053995958901165035
1349,0.001374,0,0.018141954344181248
1350,0.001364,0,0.017712050212802543
1351,0.00288,0,0.08288551652981387
1352,0.001629,0,0.029104509694338164
1353,0.002475,0,0.06547439920897641
1354,0.001507,0,0.023859679291517995
1355,0.002105,0,0.04956794634796441
1356,0.002415,0,0.06289497442070419
1357,0.001862,0,0.039121275955461936
1358,0.002657,0,0.07329865440006879
1359,0.003123,0,0.09333218692231633
1360,0.001777,0,0.03546709083874296
1361,0.002212,0,0.05416792055371652
1362,0.002267,0,0.05653239327629938
1363,0.001673,0,0.030996087872404456
1364,0.001705,0,0.0323717810928163
1365,0.00243,0,0.06353983061777223
1366,0.002301,0,0.05799406732298698
1367,0.001886,0,0.04015304587077082
1368,0.002537,0,0.06813980482352436
1369,0.001769,0,0.03512316753364
1370,0.00249,0,0.06611925540604445
1371,0.002648,0,0.07291174068182796
1372,0.002345,0,0.05988564550105326
1373,0.002145,0,0.05128756287347922
1374,0.003583,0,0.11310777696573664
1375,0.002495,0,0.0663342074717338
1376,0.002863,0,0.08215467950647007
1377,0.001639,0,0.02953441382571687
1378,0.002351,0,0.06014358797988048
1379,0.002779,0,0.07854348480288895
1380,0.002896,0,0.08357336314001979
1381,0.002129,0,0.05059971626327328
1382,0.001996,0,0.044881991315936544
1383,0.001963,0,0.04346330768238682
1384,0.002258,0,0.056145479558058556
1385,0.002302,0,0.05803705773612484
1386,0.002535,0,0.06805382399724862
1387,0.002207,0,0.05395296848802718
1388,0.001321,0,0.01586346244787412
1389,0.002235,0,0.05515670005588754
1390,0.001729,0,0.03340355100812519
1391,0.001767,0,0.035037186707364255
1392,0.001818,0,0.03722969777739564
1393,0.001641,0,0.02962039465199261
1394,0.002058,0,0.0475473969304845
1395,0.001555,0,0.025923219122135764
1396,0.001913,0,0.04131378702549332
1397,0.001803,0,0.036584841580327584
1398,0.002113,0,0.04991186965306736
1399,0.003215,0,0.09728730493100039
1400,0.002153,0,0.051631486178582174
1401,0.002566,0,0.0693865268045226
1402,0.002965,0,0.08653970164653284
1403,0.00206,0,0.04763337775676025
1404,0.002286,0,0.05734921112591891
1405,0.001791,0,0.03606895662267315
1406,0.002487,0,0.06599028416663084
1407,0.001584,0,0.027169941103133997
1408,0.002192,0,0.053308112290959116
1409,0.002273,0,0.0567903357551266
1410,0.001737,0,0.03374747431322815
1411,0.001536,0,0.025106401272516232
1412,0.001728,0,0.03336056059498732
1413,0.001699,0,0.03211383861398908
1414,0.001862,0,0.039121275955461936
1415,0.002447,0,0.06427066764111602
1416,0.002071,0,0.048106272301276815
1417,0.002397,0,0.06212114698422251
1418,0.001793,0,0.03615493744894889
1419,0.002564,0,0.06930054597824685
1420,0.001942,0,0.04256050900649156
1421,0.00257,0,0.06955848845707406
1422,0.00177,0,0.035166157946777875
1423,0.002472,0,0.06534542796956277
1424,0.002208,0,0.053995958901165035
1425,0.001419,0,0.020076522935385404
1426,0.00313,0,0.09363311981428142
1427,0.00135,0,0.017110184428872365
1428,0.001615,0,0.028502643910407976
1429,0.003393,0,0.1049395984695413
1430,0.002025,0,0.04612871329693478
1431,0.001703,0,0.03228580026654057
1432,0.002801,0,0.0794892738919221
1433,0.002358,0,0.060444520871845576
1434,0.002129,0,0.05059971626327328
1435,0.001759,0,0.034693263402261296
1436,0.001998,0,0.04496797214221229
1437,0.002168,0,0.05227634237565022
1438,0.001863,0,0.03916426636859981
1439,0.001626,0,0.028975538454924555
1440,0.0024,0,0.062250118223636124
1441,0.002482,0,0.06577533210094148
1442,0.001949,0,0.04286144189845665
1443,0.002055,0,0.04741842569107089
1444,0.001585,0,0.027212931516271875
1445,0.002507,0,0.06685009242938825
1446,0.001491,0,0.023171832681312066
1447,0.003418,0,0.10601435879798805
1448,0.002363,0,0.06065947293753494
1449,0.002812,0,0.07996216843643868
1450,0.001159,0,0.008899015519539146
1451,0.001937,0,0.0423455569408022
1452,0.001687,0,0.03159795365633464
1453,0.002125,0,0.05042775461072182
1454,0.001129,0,0.007609303125403035
1455,0.002086,0,0.04875112849834488
1456,0.002782,0,0.07867245604230258
1457,0.002017,0,0.045784789991831824
1458,0.001595,0,0.027642835647650577
1459,0.002012,0,0.04556983792614246
1460,0.002321,0,0.058853875585744383
1461,0.001769,0,0.03512316753364
1462,0.002157,0,0.05180344783113366
1463,0.002572,0,0.06964446928334982
1464,0.002079,0,0.04845019560637978
1465,0.002191,0,0.05326512187782124
1466,0.001901,0,0.04079790206783887
1467,0.00124,0,0.012381238983706633
1468,0.001685,0,0.0315119728300589
1469,0.001568,0,0.026482094492928078
1470,0.001563,0,0.026267142427238724
1471,0.002083,0,0.048622157258931265
1472,0.001547,0,0.0255792958170328
1473,0.002099,0,0.04931000386913719
1474,0.001401,0,0.01930269549890374
1475,0.001724,0,0.033188598942435844
1476,0.001691,0,0.03176991530888612
1477,0.001965,0,0.043549288508662576
1478,0.001993,0,0.04475302007652293
1479,0.001437,0,0.020850350371867072
1480,0.002181,0,0.05283521774644255
1481,0.00169,0,0.03172692489574826
1482,0.00169,0,0.03172692489574826
1483,0.002193,0,0.053351102704096987
1484,0.001766,0,0.03499419629422639
1485,0.003048,0,0.09010790593697605
1486,0.002153,0,0.051631486178582174
1487,0.003037,0,0.0896350113924595
1488,0.002497,0,0.06642018829800955
1489,0.001556,0,0.02596620953527364
1490,0.002018,0,0.04582778040496968
1491,0.002429,0,0.06349684020463438
1492,0.001832,0,0.03783156356132583
1493,0.002003,0,0.04518292420790164
1494,0.001433,0,0.020678388719315596
1495,0.001556,0,0.02596620953527364
1496,0.002592,0,0.07050427754610722
1497,0.002534,0,0.06801083358411074
1498,0.002188,0,0.053136150638407625
1499,0.002289,0,0.057478182365332524
1500,0.001654,0,0.030179270022784924
1501,0.001443,0,0.021108292850694297
1502,0.002337,0,0.05954172219595031
1503,0.00177,0,0.035166157946777875
1504,0.002525,0,0.06762391986586991
1505,0.001894,0,0.04049696917587379
1506,0.001777,0,0.03546709083874296
1507,0.002134,0,0.05081466832896264
1508,0.002185,0,0.05300717939899402
1509,0.001556,0,0.02596620953527364
1510,0.001715,0,0.03280168522419501
1511,0.00257,0,0.06955848845707406
1512,0.001465,0,0.022054081939727438
1513,0.001388,0,0.01874382012811143
1514,0.001997,0,0.04492498172907442
1515,0.001533,0,0.024977430033102623
1516,0.002316,0,0.05863892352005502
1517,0.001881,0,0.039938093805081475
1518,0.001456,0,0.02166716822148661
1519,0.001984,0,0.04436610635828211
1520,0.002606,0,0.0711061433300374
1521,0.002377,0,0.06126133872146512
1522,0.001565,0,0.026353123253514465
1523,0.002606,0,0.0711061433300374
1524,0.002552,0,0.06878466102059241
1525,0.002619,0,0.07166501870082971
1526,0.001936,0,0.04230256652766434
1527,0.002188,0,0.053136150638407625
1528,0.001808,0,0.03679979364601694
1529,0.001845,0,0.038390438932118146
1530,0.001783,0,0.03572503331757019
1531,0.002415,0,0.06289497442070419
1532,0.001881,0,0.039938093805081475
1533,0.001561,0,0.026181161600962993
1534,0.002449,0,0.06435664846739177
1535,0.002188,0,0.053136150638407625
1536,0.002318,0,0.05872490434633078
1537,0.002127,0,0.050513735436997546
1538,0.00235,0,0.060100597566742624
1539,0.001489,0,0.02308585185503633
1540,0.002128,0,0.050556725850135424
1541,0.002867,0,0.08232664115902155
1542,0.001627,0,0.029018528868062422
1543,0.002005,0,0.04526890503417737
1544,0.002582,0,0.07007437341472852
1545,0.002194,0,0.053394093117234864
1546,0.00277,0,0.07815657108464812
1547,0.00108,0,0.005502772881647392
1548,0.002181,0,0.05283521774644255
1549,0.001888,0,0.04023902669704656
1550,0.001693,0,0.03185589613516186
1551,0.001548,0,0.02562228623017067
1552,0.002612,0,0.07136408580886464
1553,0.002006,0,0.045311895447315245
1554,0.001711,0,0.03262972357164353
1555,0.001949,0,0.04286144189845665
1556,0.002252,0,0.05588753707923134
1557,0.001833,0,0.037874553974463696
1558,0.001513,0,0.024117621770345214
1559,0.001809,0,0.036842784059154816
1560,0.001935,0,0.042259576114526465
1561,0.001589,0,0.02738489316882335
1562,0.00305,0,0.09019388676325181
1563,0.001527,0,0.024719487554275395
1564,0.002354,0,0.06027255921929411
1565,0.002539,0,0.0682257856498001
1566,0.002822,0,0.08039207256781737
1567,0.002637,0,0.07243884613731139
1568,0.001826,0,0.0375736210824986
1569,0.001501,0,0.02360173681269077
1570,0.002432,0,0.06362581144404798
1571,0.001835,0,0.03796053480073944
1572,0.00256,0,0.06912858432569538
1573,0.002111,0,0.04982588882679163
1574,0.001827,0,0.03761661149563648
1575,0.002183,0,0.052921198572718285
1576,0.001528,0,0.02476247796741327
1577,0.002641,0,0.07261080778986287
1578,0.002661,0,0.07347061605262027
1579,0.002755,0,0.07751171488758007
1580,0.002299,0,0.057908086496711225
1581,0.001625,0,0.02893254804178668
1582,0.001852,0,0.03869137182408323
1583,0.002761,0,0.0777696573664073
1584,0.002345,0,0.05988564550105326
1585,0.001707,0,0.03245776191909204
1586,0.001497,0,0.023429775160139294
1587,0.001219,0,0.01147844030781136
1588,0.001368,0,0.01788401186535403
1589,0.002743,0,0.07699582992992564
1590,0.002195,0,0.05343708353037272
1591,0.001707,0,0.03245776191909204
1592,0.001969,0,0.04372125016121404
1593,0.001734,0,0.033618503073814546
1594,0.001497,0,0.023429775160139294
1595,0.001746,0,0.03413438803146898
1596,0.00244,0,0.06396973474915094
1597,0.001361,0,0.017583078973388934
1598,0.001967,0,0.04363526933493831
1599,0.001442,0,0.021065302437556423
1600,0.001509,0,0.02394566011779373
1601,0.002214,0,0.05425390137999225
1602,0.002002,0,0.04513993379476376
1603,0.002214,0,0.05425390137999225
1604,0.001387,0,0.01870082971497356
1605,0.001568,0,0.026482094492928078
1606,0.001729,0,0.03340355100812519
1607,0.001863,0,0.03916426636859981
1608,0.001818,0,0.03722969777739564
1609,0.001929,0,0.04200163363569925
1610,0.002371,0,0.06100339624263788
1611,0.001858,0,0.03894931430291046
1612,0.00186,0,0.0390352951291862
1613,0.001414,0,0.019861570869696053
1614,0.002632,0,0.07222389407162202
1615,0.002217,0,0.054382872619405866
1616,0.002409,0,0.06263703194187696
1617,0.001718,0,0.03293065646360861
1618,0.001991,0,0.044667039250247204
1619,0.002322,0,0.05889686599888224
1620,0.001966,0,0.04359227892180043
1621,0.002651,0,0.07304071192124158
1622,0.001468,0,0.022183053179141047
1623,0.002452,0,0.06448561970680539
1624,0.002262,0,0.05631744121061004
1625,0.002596,0,0.07067623919865869
1626,0.00276,0,0.07772666695326942
1627,0.002485,0,0.06590430334035509
1628,0.001492,0,0.02321482309444994
1629,0.0021,0,0.04935299428227505
1630,0.001741,0,0.03391943596577963
1631,0.002048,0,0.04711749279910579
1632,0.001202,0,0.01074760328446756
1633,0.001831,0,0.037788573148187954
1634,0.001855,0,0.03882034306349685
1635,0.002326,0,0.05906882765143373
1636,0.00261,0,0.07127810498258888
1637,0.002746,0,0.07712480116933924
1638,0.001938,0,0.04238854735394007
1639,0.001925,0,0.04182967198314776
1640,0.002168,0,0.05227634237565022
1641,0.001988,0,0.04453806801083359
1642,0.00184,0,0.03817548686642879
1643,0.002083,0,0.048622157258931265
1644,0.002348,0,0.06001461674046687
1645,0.001494,0,0.023300803920725685
1646,0.002204,0,0.05382399724861355
1647,0.001917,0,0.041485748678044804
1648,0.001972,0,0.04385022140062765
1649,0.001849,0,0.03856240058466962
1650,0.001951,0,0.042947422724732384
1651,0.001788,0,0.03593998538325954
1652,0.001869,0,0.039422208847427025
1653,0.001677,0,0.031168049524955943
1654,0.002028,0,0.04625768453634839
1655,0.001411,0,0.019732599630282444
1656,0.002526,0,0.06766691027900779
1657,0.001827,0,0.03761661149563648
1658,0.001966,0,0.04359227892180043
1659,0.002169,0,0.0523193327887881
1660,0.002031,0,0.046386655775761995
1661,0.002352,0,0.06018657839301835
1662,0.002012,0,0.04556983792614246
1663,0.001953,0,0.04303340355100814
1664,0.002461,0,0.06487253342504622
1665,0.001912,0,0.04127079661235545
1666,0.002727,0,0.0763079833197197
1667,0.001916,0,0.041442758264906926
1668,0.001846,0,0.03843342934525601
1669,0.001854,0,0.03877735265035897
1670,0.001995,0,0.044839000902798666
1671,0.001561,0,0.026181161600962993
1672,0.001324,0,0.015992433687287737
1673,0.001988,0,0.04453806801083359
1674,0.00124,0,0.012381238983706633
1675,0.002343,0,0.05979966467477753
1676,0.002005,0,0.04526890503417737
1677,0.001717,0,0.03288766605047075
1678,0.00223,0,0.05494174799019819
1679,0.00198,0,0.04419414470573062
1680,0.001554,0,0.025880228708997897
1681,0.001979,0,0.04415115429259275
1682,0.002242,0,0.05545763294785263
1683,0.002811,0,0.07991917802330081
1684,0.002767,0,0.07802759984523451
1685,0.001684,0,0.031468982416921025
1686,0.001692,0,0.031812905722023985
1687,0.00178,0,0.03559606207815657
1688,0.001535,0,0.025063410859378354
1689,0.002811,0,0.07991917802330081
1690,0.001483,0,0.022827909376209102
1691,0.002416,0,0.06293796483384206
1692,0.002099,0,0.04931000386913719
1693,0.001995,0,0.044839000902798666
1694,0.001959,0,0.04329134602983534
1695,0.001559,0,0.026095180774687247
1696,0.002304,0,0.058123038562400586
1697,0.001981,0,0.044237135118868495
1698,0.002485,0,0.06590430334035509
1699,0.001751,0,0.034349340097158336
1700,0.001871,0,0.039508189673702766
1701,0.001821,0,0.03735866901680925
1702,0.001592,0,0.027513864408236968
1703,0.002161,0,0.05197540948368515
1704,0.002405,0,0.062465070289325485
1705,0.001364,0,0.017712050212802543
1706,0.002071,0,0.048106272301276815
1707,0.002083,0,0.048622157258931265
1708,0.00151,0,0.023988650530931604
1709,0.001776,0,0.03542410042560509
1710,0.002703,0,0.07527621340441082
1711,0.001548,0,0.02562228623017067
1712,0.001885,0,0.04011005545763295
1713,0.002159,0,0.05188942865740939
1714,0.002334,0,0.0594127509565367
1715,0.00162,0,0.02871759597609733
1716,0.002031,0,0.046386655775761995
1717,0.002546,0,0.06852671854176519
1718,0.00141,0,0.019689609217144577
1719,0.002047,0,0.047074502385967935
1720,0.002199,0,0.05360904518292421
1721,0.00147,0,0.022269034005416792
1722,0.002205,0,0.05386698766175143
1723,0.001638,0,0.029491423412578995
1724,0.001682,0,0.03138300159064528
1725,0.002169,0,0.0523193327887881
1726,0.00183,0,0.03774558273505009
1727,0.001543,0,0.025407334164481328
1728,0.002347,0,0.05997162632732901
1729,0.002998,0,0.08795838528008254
1730,0.001878,0,0.039809122565667855
1731,0.002758,0,0.07764068612699368
1732,0.002329,0,0.059197798890847336
1733,0.002077,0,0.04836421478010403
1734,0.001489,0,0.02308585185503633
1735,0.001571,0,0.026611065732341687
1736,0.002531,0,0.06788186234469713
1737,0.001828,0,0.03765960190877435
1738,0.00244,0,0.06396973474915094
1739,0.001533,0,0.024977430033102623
1740,0.001844,0,0.03834744851898027
1741,0.002066,0,0.04789132023558747
1742,0.002557,0,0.06899961308628175
1743,0.001818,0,0.03722969777739564
1744,0.001267,0,0.013541980138429126
1745,0.001522,0,0.024504535488586044
1746,0.00131,0,0.01539056790335755
1747,0.001847,0,0.03847641975839388
1748,0.001386,0,0.018657839301835694
1749,0.00153,0,0.024848458793689004
1750,0.002432,0,0.06362581144404798
1751,0.00203,0,0.04634366536262414
1752,0.001821,0,0.03735866901680925
1753,0.001517,0,0.02428958342289669
1754,0.001336,0,0.016508318644942177
1755,0.001154,0,0.008684063453849793
1756,0.002089,0,0.04888009973775848
1757,0.001304,0,0.015132625424530331
1758,0.001814,0,0.037057736124844164
1759,0.001443,0,0.021108292850694297
1760,0.002131,0,0.05068569708954904
1761,0.002203,0,0.053781006835475695
1762,0.001462,0,0.02192511070031383
1763,0.002137,0,0.050943639568376255
1764,0.002537,0,0.06813980482352436
1765,0.001808,0,0.03679979364601694
1766,0.001854,0,0.03877735265035897
1767,0.002138,0,0.050986629981514126
1768,0.00194,0,0.042474528180215826
1769,0.002378,0,0.06130432913460298
1770,0.001881,0,0.039938093805081475
1771,0.002008,0,0.04539787627359098
1772,0.001582,0,0.027083960276858266
1773,0.001545,0,0.02549331499075706
1774,0.003123,0,0.09333218692231633
1775,0.002082,0,0.048579166845793394
1776,0.001667,0,0.030738145393577238
1777,0.001656,0,0.03026525084906066
1778,0.002316,0,0.05863892352005502
1779,0.001639,0,0.02953441382571687
1780,0.002943,0,0.08559391255749968
1781,0.002847,0,0.08146683289626415
1782,0.001884,0,0.04006706504449508
1783,0.001964,0,0.0435062980955247
1784,0.002229,0,0.05489875757706032
1785,0.001764,0,0.03490821546795065
1786,0.00146,0,0.021839129874038087
1787,0.002422,0,0.06319590731266927
1788,0.000952,0,0.0
1789,0.002148,0,0.051416534112892834
1790,0.002024,0,0.04608572288379692
1791,0.001453,0,0.021538196982073002
1792,0.001138,0,0.007996216843643862
1793,0.00168,0,0.03129702076436955
1794,0.002442,0,0.06405571557542669
1795,0.001238,0,0.012295258157430891
1796,0.002038,0,0.04668758866772709
1797,0.002177,0,0.05266325609389107
1798,0.001251,0,0.012854133528223203
1799,0.001411,0,0.019732599630282444
1800,0.001888,0,0.04023902669704656
1801,0.002939,0,0.08542195090494821
1802,0.003391,0,0.10485361764326556
1803,0.0022,0,0.05365203559606208
1804,0.002448,0,0.0643136580542539
1805,0.00147,0,0.022269034005416792
1806,0.002674,0,0.07402949142341259
1807,0.002501,0,0.06659214995056104
1808,0.001937,0,0.0423455569408022
1809,0.002073,0,0.04819225312755256
1810,0.001417,0,0.019990542109109673
1811,0.002567,0,0.06942951721766046
1812,0.002131,0,0.05068569708954904
1813,0.001484,0,0.02287089978934698
1814,0.002505,0,0.0667641116031125
1815,0.003101,0,0.09238639783328319
1816,0.001639,0,0.02953441382571687
1817,0.002034,0,0.04651562701517561
1818,0.002242,0,0.05545763294785263
1819,0.001852,0,0.03869137182408323
1820,0.001543,0,0.025407334164481328
1821,0.001407,0,0.019560637977730968
1822,0.001995,0,0.044839000902798666
1823,0.001907,0,0.0410558445466661
1824,0.001331,0,0.016293366579252823
1825,0.001688,0,0.031640944069472515
1826,0.001915,0,0.04139976785176906
1827,0.001053,0,0.00434203172692489
1828,0.001218,0,0.011435449894673483
1829,0.002635,0,0.07235286531103564
1830,0.001796,0,0.0362839086883625
1831,0.001604,0,0.028029749365891407
1832,0.001995,0,0.044839000902798666
1833,0.001045,0,0.003998108421821929
1834,0.001831,0,0.037788573148187954
1835,0.001978,0,0.04410816387945489
1836,0.002001,0,0.045096943381625905
1837,0.002198,0,0.053566054769786334
1838,0.001942,0,0.04256050900649156
1839,0.001872,0,0.03955118008684064
1840,0.002463,0,0.06495851425132196
1841,0.002671,0,0.07390052018399898
1842,0.001811,0,0.036928764885430544
1843,0.001816,0,0.0371437169511199
1844,0.002426,0,0.06336786896522077
1845,0.00185,0,0.03860539099780749
1846,0.003006,0,0.08830230858518551
1847,0.001533,0,0.024977430033102623
1848,0.00145,0,0.021409225742659382
1849,0.00186,0,0.0390352951291862
1850,0.001841,0,0.038218477279566655
1851,0.001591,0,0.027470873995099093
1852,0.002048,0,0.04711749279910579
1853,0.001298,0,0.014874682945703103
1854,0.001804,0,0.03662783199346546
1855,0.002228,0,0.054855767163922445
1856,0.001988,0,0.04453806801083359
1857,0.00205,0,0.04720347362538155
1858,0.001976,0,0.044022183053179134
1859,0.001468,0,0.022183053179141047
1860,0.001757,0,0.03460728257598556
1861,0.002184,0,0.05296418898585616
1862,0.002345,0,0.05988564550105326
1863,0.001523,0,0.02454752590172392
1864,0.001729,0,0.03340355100812519
1865,0.001739,0,0.0338334551395039
1866,0.001496,0,0.023386784747001416
1867,0.001899,0,0.040711921241563136
1868,0.001774,0,0.03533811959932935
1869,0.001849,0,0.03856240058466962
1870,0.001596,0,0.027685826060788444
1871,0.001982,0,0.04428012553200635
1872,0.002217,0,0.054382872619405866
1873,0.001702,0,0.03224280985340269
1874,0.001997,0,0.04492498172907442
1875,0.002769,0,0.07811358067151027
1876,0.00154,0,0.02527836292506771
1877,0.001746,0,0.03413438803146898
1878,0.001767,0,0.035037186707364255
1879,0.001785,0,0.03581101414384592
1880,0.002103,0,0.04948196552168865
1881,0.002107,0,0.049653927174240144
1882,0.001582,0,0.027083960276858266
1883,0.001868,0,0.03937921843428916
1884,0.001481,0,0.02274192854993336
1885,0.002876,0,0.08271355487726238
1886,0.001992,0,0.04471002966338506
1887,0.001549,0,0.025665276643308546
1888,0.002152,0,0.051588495765444296
1889,0.001323,0,0.015949443274149863
1890,0.002412,0,0.06276600318129058
1891,0.001824,0,0.03748764025622287
1892,0.002047,0,0.047074502385967935
1893,0.002205,0,0.05386698766175143
1894,0.00232,0,0.05881088517260651
1895,0.001891,0,0.040367997936460176
1896,0.002132,0,0.05072868750268691
1897,0.001404,0,0.01943166673831736
1898,0.001808,0,0.03679979364601694
1899,0.003595,0,0.1136236619233911
1900,0.00143,0,0.020549417479901987
1901,0.002835,0,0.08095094793860969
1902,0.001538,0,0.025192382098791974
1903,0.002084,0,0.04866514767206912
1904,0.001881,0,0.039938093805081475
1905,0.001617,0,0.028588624736683717
1906,0.001249,0,0.012768152701947462
1907,0.001118,0,0.007136408580886464
1908,0.001488,0,0.023042861441898457
1909,0.002259,0,0.056188469971196434
1910,0.003293,0,0.10064055715575428
1911,0.002556,0,0.0689566226731439
1912,0.002566,0,0.0693865268045226
1913,0.001707,0,0.03245776191909204
1914,0.002502,0,0.06663514036369889
1915,0.001343,0,0.01680925153690727
1916,0.001313,0,0.015519539142771158
1917,0.001713,0,0.032715704397919265
1918,0.001202,0,0.01074760328446756
1919,0.001975,0,0.04397919264004128
1920,0.002188,0,0.053136150638407625
1921,0.002272,0,0.05674734534198874
1922,0.001682,0,0.03138300159064528
1923,0.002557,0,0.06899961308628175
1924,0.002116,0,0.05004084089248097
1925,0.002023,0,0.04604273247065904
1926,0.001427,0,0.020420446240488378
1927,0.002036,0,0.046601607841451356
1928,0.002419,0,0.06306693607325567
1929,0.001467,0,0.022140062766003183
1930,0.00137,0,0.017969992691629764
1931,0.001747,0,0.03417737844460686
1932,0.001541,0,0.025321353338205583
1933,0.001431,0,0.02059240789303985
1934,0.001411,0,0.019732599630282444
1935,0.001324,0,0.015992433687287737
1936,0.00192,0,0.04161471991745841
1937,0.001881,0,0.039938093805081475
1938,0.002329,0,0.059197798890847336
1939,0.001295,0,0.014745711706289494
1940,0.002194,0,0.053394093117234864
1941,0.001752,0,0.03439233051029621
1942,0.00208,0,0.04849318601951764
1943,0.001432,0,0.020635398306177718
1944,0.001815,0,0.037100726537982034
1945,0.001687,0,0.03159795365633464
1946,0.001904,0,0.04092687330725249
1947,0.002095,0,0.04913804221658571
1948,0.002237,0,0.05524268088216327
1949,0.001422,0,0.020205494174799023
1950,0.00287,0,0.08245561239843516
1951,0.001252,0,0.01289712394136108
1952,0.001455,0,0.021624177808348737
1953,0.00146,0,0.021839129874038087
1954,0.001651,0,0.030050298783371305
1955,0.001988,0,0.04453806801083359
1956,0.001476,0,0.022526976484244017
1957,0.002808,0,0.07979020678388721
1958,0.002799,0,0.07940329306564636
1959,0.001822,0,0.03740165942994713
1960,0.001001,0,0.002106530243755638
1961,0.001504,0,0.02373070805210438
1962,0.001519,0,0.024375564249172435
1963,0.001882,0,0.03998108421821934
1964,0.002453,0,0.06452861011994325
1965,0.002036,0,0.046601607841451356
1966,0.00145,0,0.021409225742659382
1967,0.002552,0,0.06878466102059241
1968,0.002089,0,0.04888009973775848
1969,0.001558,0,0.026052190361549373
1970,0.002381,0,0.06143330037401659
1971,0.002326,0,0.05906882765143373
1972,0.001778,0,0.035510081251880835
1973,0.001398,0,0.01917372425949013
1974,0.001821,0,0.03735866901680925
1975,0.001682,0,0.03138300159064528
1976,0.001627,0,0.029018528868062422
1977,0.001825,0,0.037530630669360736
1978,0.001888,0,0.04023902669704656
1979,0.002661,0,0.07347061605262027
1980,0.001538,0,0.025192382098791974
1981,0.001887,0,0.04019603628390869
1982,0.002011,0,0.045526847513004606
1983,0.001373,0,0.01809896393104338
1984,0.002853,0,0.08172477537509136
1985,0.001826,0,0.0375736210824986
1986,0.002037,0,0.046644598254589234
1987,0.00164,0,0.029577404238854736
1988,0.000994,0,0.0018055973517905528
1989,0.002089,0,0.04888009973775848
1990,0.001592,0,0.027513864408236968
1991,0.001596,0,0.027685826060788444
1992,0.002191,0,0.05326512187782124
1993,0.002721,0,0.07605004084089248
1994,0.002074,0,0.04823524354069042
1995,0.002073,0,0.04819225312755256
1996,0.001589,0,0.02738489316882335
1997,0.002464,0,0.06500150466445984
1998,0.001924,0,0.041786681570009886
1999,0.001613,0,0.028416663084132245
