Node,WiD1,WiD2,WiD3,WiH1,WiH2,WiH3
1,3,17,69,3,10,50
2,6,17,83,2,13,48
3,5,23,125,3,18,83
4,3,12,49,2,9,34
5,4,14,69,2,10,39
6,3,14,52,2,8,35
7,2,15,63,2,7,38
8,2,15,63,2,7,38
9,3,11,43,2,7,28
10,1,4,19,1,3,10
11,3,15,55,2,7,36
12,1,4,11,1,2,7
13,3,7,22,1,5,14
14,1,9,36,1,3,19
15,8,27,137,2,16,67
16,2,9,33,2,6,23
17,5,17,69,2,11,42
18,2,7,26,2,6,21
19,1,4,15,1,2,8
20,3,11,44,1,6,26
21,1,4,15,1,2,8
22,6,25,121,3,16,74
23,2,11,53,2,7,34
24,3,12,53,2,8,35
25,2,11,46,2,7,32
26,7,40,201,4,23,124
27,2,11,52,2,7,32
28,3,17,96,2,11,59
29,2,12,53,2,7,36
30,7,25,137,3,20,86
31,3,16,71,2,9,44
32,1,6,23,1,3,14
33,5,17,66,2,10,40
34,1,6,23,1,3,14
35,3,14,52,3,9,37
36,1,6,23,1,3,13
37,1,6,23,1,3,13
38,3,11,40,2,7,26
39,2,9,32,2,6,22
40,2,7,23,2,6,20
41,3,9,33,2,8,27
42,2,7,29,2,6,21
43,2,9,34,2,7,27
44,2,8,28,2,6,21
45,4,16,71,3,12,51
46,2,7,23,2,6,21
47,3,10,37,2,9,30
48,2,6,19,2,6,18
49,1,4,22,1,3,12
50,3,18,98,2,9,48
51,1,7,31,1,4,20
52,6,24,117,3,16,72
53,2,10,41,2,6,26
54,2,6,23,2,6,18
55,6,25,119,2,14,66
56,2,8,29,2,6,23
57,4,15,61,2,11,43
58,2,6,25,2,6,19
59,4,20,97,3,13,67
60,3,19,92,3,12,63
61,5,28,149,3,18,94
62,1,5,25,1,4,17
63,2,6,18,2,6,18
64,2,6,19,2,6,18
65,2,6,18,2,6,18
66,1,10,42,1,4,25
67,9,32,185,3,21,100
68,1,4,15,1,3,10
69,2,14,67,2,8,43
70,5,22,109,3,15,68
71,7,31,165,3,20,102
72,2,7,29,2,6,20
73,2,11,45,2,6,29
74,3,11,39,2,8,31
75,2,8,33,2,6,23
76,2,11,46,2,6,29
77,4,14,60,2,11,42
78,1,4,15,1,3,11
79,3,11,48,2,8,33
80,5,26,126,3,16,76
81,2,7,24,2,6,20
82,6,23,114,3,14,67
83,7,39,190,4,21,115
84,3,17,84,2,10,53
85,2,10,53,2,7,33
86,1,7,30,1,4,18
87,1,7,30,1,4,18
88,1,7,30,1,4,18
89,5,18,82,2,12,50
90,4,26,115,3,13,68
91,2,6,21,2,6,18
92,2,8,30,2,6,23
93,5,19,87,3,13,57
94,3,19,78,2,10,50
95,2,11,45,2,7,31
96,3,12,49,2,9,34
97,2,11,48,2,7,32
98,2,8,41,2,6,27
99,2,13,50,2,7,36
100,4,12,50,2,9,33
101,1,6,24,1,3,15
102,1,6,24,1,3,15
103,2,14,57,2,7,37
104,7,25,139,3,18,83
105,3,15,69,3,11,48
106,3,10,43,2,9,31
107,3,15,57,3,9,40
108,2,7,28,2,6,22
109,1,8,52,1,4,23
110,7,44,230,3,19,117
111,3,13,52,3,9,39
112,3,13,58,2,10,38
113,4,15,60,3,11,47
114,4,17,75,3,11,52
115,2,13,53,2,6,32
116,2,7,24,2,6,22
117,2,6,21,2,6,18
118,2,6,18,2,6,18
119,2,12,46,2,6,28
120,2,7,35,2,6,20
121,5,21,103,2,14,61
122,2,13,62,2,7,36
123,2,13,62,2,7,36
124,2,11,49,2,7,32
125,6,28,131,3,15,76
126,2,18,82,2,8,46
127,7,32,172,3,17,88
128,2,8,34,2,6,23
129,2,11,46,2,6,29
130,7,27,137,2,17,74
131,2,12,64,2,8,39
132,1,4,16,1,3,11
133,1,7,31,1,4,18
134,6,24,116,3,14,69
135,1,7,31,1,4,18
136,1,7,31,1,4,18
137,1,8,47,1,5,26
138,1,4,19,1,3,13
139,3,15,80,2,10,50
140,3,13,53,2,9,35
141,5,19,88,2,13,52
142,10,36,222,3,23,110
143,5,31,168,3,18,102
144,2,11,60,2,8,36
145,4,22,117,3,16,81
146,2,8,28,2,6,21
147,3,11,42,2,8,31
148,3,9,32,2,7,24
149,3,12,46,3,10,41
150,3,11,46,2,10,36
151,3,12,52,3,11,42
152,3,11,42,2,10,37
153,3,16,67,3,10,48
154,1,10,42,1,4,25
155,4,14,58,2,11,42
156,3,14,56,3,11,45
157,2,9,34,2,6,25
158,2,10,37,2,6,27
159,4,15,66,3,13,51
160,3,13,53,3,10,41
161,2,6,20,2,6,19
162,2,8,34,2,7,27
163,4,20,84,3,14,62
164,3,15,70,3,11,50
165,2,11,56,2,7,31
166,2,13,56,2,7,35
167,3,9,34,2,8,26
168,2,14,63,2,7,37
169,2,11,63,2,7,32
170,2,8,35,2,6,24
171,2,11,41,1,4,22
172,1,3,14,1,2,6
173,1,9,36,1,3,19
174,3,16,60,2,8,37
175,2,12,47,2,6,29
176,4,16,74,2,12,48
177,3,19,80,3,11,57
178,1,8,33,1,4,24
179,3,21,87,3,12,62
180,8,26,150,3,19,87
181,2,7,27,2,6,22
182,2,7,25,2,6,21
183,3,13,52,2,10,38
184,2,13,51,2,7,34
185,2,14,54,2,7,35
186,2,6,41,2,6,21
187,2,22,98,2,8,52
188,4,10,40,1,7,22
189,1,8,39,1,4,24
190,3,15,63,2,9,41
191,3,11,46,2,9,33
192,7,30,146,3,17,86
193,2,7,25,2,6,20
194,3,23,95,3,11,61
195,3,11,53,2,9,35
196,2,11,49,2,7,33
197,5,20,109,3,16,77
198,5,31,149,4,19,101
199,5,29,165,4,20,109
200,3,11,42,2,9,33
201,2,8,35,2,7,24
202,3,17,66,3,11,50
203,3,11,50,2,9,35
204,1,3,13,1,2,8
205,2,10,53,1,6,31
206,1,6,26,1,4,20
207,1,6,26,1,4,20
208,4,24,138,4,18,91
209,1,3,11,1,2,7
210,2,8,33,1,5,22
211,4,18,85,2,12,51
212,2,13,58,2,6,35
213,1,9,35,1,4,23
214,1,9,35,1,4,23
215,1,9,35,1,4,23
216,1,9,35,1,4,23
217,3,19,80,2,10,52
218,1,7,32,1,3,17
219,1,8,40,1,4,21
220,2,7,22,2,6,19
221,3,8,33,2,7,23
222,2,11,47,2,7,30
223,3,11,37,2,8,29
224,2,7,25,2,6,20
225,3,10,37,2,8,29
226,6,34,173,4,20,111
227,4,16,73,2,11,47
228,3,14,69,2,11,47
229,2,10,51,2,8,34
230,2,7,26,1,4,17
231,2,7,24,2,6,21
232,2,11,49,2,7,30
233,1,8,38,1,4,21
234,1,8,35,1,3,20
235,2,8,33,2,6,24
236,2,9,46,2,7,29
237,2,7,22,1,4,15
238,1,3,10,1,2,6
239,1,5,17,1,3,12
240,2,9,34,2,7,28
241,3,13,48,2,9,38
242,4,13,52,2,10,37
243,2,7,27,2,6,21
244,3,10,42,2,7,27
245,3,12,48,2,9,36
246,1,4,14,1,3,10
247,2,10,53,2,8,36
248,1,8,33,1,4,22
249,1,8,33,1,4,22
250,2,15,68,2,8,41
251,5,26,128,3,17,84
252,2,8,27,2,6,22
253,2,8,28,2,6,22
254,1,4,18,1,3,12
255,3,14,62,2,9,39
256,1,5,15,1,2,9
257,1,5,15,1,2,9
258,1,5,15,1,2,9
259,2,7,26,2,6,22
260,2,8,31,2,6,24
261,2,6,21,2,6,18
262,2,7,22,2,6,20
263,1,4,16,1,3,12
264,1,4,13,1,3,10
265,1,4,13,1,3,11
266,2,7,25,2,6,20
267,1,3,10,1,2,6
268,1,4,12,1,3,10
269,3,13,51,2,8,35
270,6,22,104,3,15,66
271,3,12,52,2,9,35
272,1,4,17,1,3,11
273,3,12,55,2,9,36
274,4,21,98,3,13,65
275,2,8,36,2,6,25
276,3,14,54,2,8,35
277,7,34,186,4,22,122
278,3,9,38,1,6,23
279,4,22,108,3,15,71
280,2,12,48,2,6,29
281,6,22,114,2,14,65
282,4,14,58,2,9,33
283,8,39,225,4,25,147
284,1,7,29,1,3,17
285,1,7,29,1,3,17
286,2,11,51,2,6,32
287,2,16,77,2,8,47
288,2,11,48,2,7,32
289,4,15,69,2,11,45
290,5,22,96,3,14,63
291,2,9,36,2,6,25
292,4,16,73,2,11,47
293,3,11,50,2,8,31
294,1,4,16,1,3,11
295,3,12,52,2,8,33
296,5,26,114,3,15,74
297,6,24,121,3,16,76
298,6,26,133,3,17,83
299,2,11,52,2,7,33
300,4,15,74,2,11,46
301,3,10,36,2,7,25
302,1,3,12,1,2,8
303,2,9,47,1,6,32
304,6,35,217,4,24,153
305,6,38,242,4,28,174
306,6,39,232,4,25,162
307,3,23,145,3,16,106
308,8,49,314,5,38,234
309,4,24,133,3,16,92
310,5,22,97,3,14,64
311,2,13,57,2,8,37
312,4,16,73,2,11,47
313,2,10,46,2,7,30
314,3,14,62,2,9,41
315,3,15,68,2,10,47
316,2,12,50,2,7,33
317,1,7,29,1,4,19
318,2,9,47,2,7,34
319,3,16,79,2,11,53
320,3,16,91,3,11,61
321,2,8,34,2,6,24
322,5,30,160,3,20,106
323,5,29,147,3,19,94
324,1,3,12,1,2,7
325,2,9,36,1,5,23
326,3,15,64,2,9,43
327,2,11,50,2,7,32
328,2,12,60,2,8,40
329,3,16,84,3,11,58
330,4,25,144,3,17,95
331,4,14,63,2,11,43
332,5,18,78,2,12,47
333,4,18,71,3,11,50
334,2,11,43,2,6,27
335,4,14,56,2,9,36
336,2,11,43,2,6,27
337,1,6,24,1,3,15
338,3,11,47,2,9,32
339,2,8,34,2,7,24
340,4,16,64,2,11,42
341,2,9,34,2,6,26
342,2,9,34,2,6,26
343,2,8,28,2,6,23
344,3,10,47,2,9,36
345,3,10,52,2,8,36
346,2,8,32,2,6,23
347,2,8,32,2,6,23
348,1,5,18,1,3,11
349,4,13,51,2,8,30
350,2,8,30,2,6,22
351,1,4,15,1,3,11
352,3,11,48,2,8,31
353,2,7,26,2,6,20
354,5,26,110,3,14,69
355,1,8,29,1,3,15
356,7,21,103,2,12,49
357,1,8,29,1,3,15
358,2,10,34,1,4,18
359,1,3,13,1,2,6
360,1,8,29,1,3,15
361,1,8,29,1,3,15
362,3,14,51,2,7,30
363,2,7,24,1,4,15
364,1,3,10,1,2,6
365,2,9,34,2,6,24
366,3,10,40,2,7,27
367,3,17,74,3,10,49
368,5,34,217,5,27,169
369,5,36,218,5,27,166
370,5,31,197,4,25,153
371,5,29,185,4,24,146
372,1,9,48,1,5,30
373,3,18,99,2,12,68
374,3,16,77,3,11,55
375,1,4,17,1,3,12
376,3,13,52,2,9,38
377,4,16,70,3,11,49
378,5,19,86,3,15,64
379,1,4,16,1,3,11
380,3,12,56,2,8,32
381,1,7,33,1,4,21
382,1,3,9,1,2,6
383,2,6,22,1,4,13
384,3,13,47,2,7,28
385,4,15,56,2,9,34
386,2,12,53,2,7,35
387,1,6,35,1,5,29
388,2,10,47,1,6,30
389,1,3,13,1,2,8
390,1,7,46,1,5,30
391,1,5,18,1,3,11
392,3,12,44,2,7,28
393,6,22,100,3,14,61
394,1,4,16,1,3,10
395,2,6,21,1,4,13
396,3,15,69,2,10,46
397,2,6,19,1,4,13
398,2,10,47,2,7,31
399,2,11,45,2,7,33
400,6,22,117,3,17,74
401,2,9,35,2,6,26
402,3,20,146,3,15,102
403,1,4,18,1,3,10
404,1,3,9,1,2,6
405,1,4,13,1,2,8
406,1,4,13,1,2,8
407,2,6,19,1,4,13
408,2,7,25,1,4,15
409,1,3,10,1,2,6
410,3,16,68,2,10,44
411,4,14,54,2,8,34
412,1,5,21,1,3,14
413,2,7,26,1,5,18
414,1,3,10,1,2,7
415,2,8,30,2,6,21
416,1,5,19,1,3,11
417,1,5,19,1,3,11
418,1,5,19,1,3,12
419,1,7,29,1,4,18
420,1,7,29,1,4,18
421,2,6,23,1,4,14
422,1,3,9,1,2,6
423,1,4,15,1,3,11
424,1,5,20,1,3,14
425,6,23,118,3,17,77
426,4,24,121,3,16,87
427,3,13,55,2,9,38
428,2,14,54,2,7,37
429,3,14,60,2,10,43
430,3,15,67,3,10,47
431,2,15,61,2,8,42
432,5,31,167,4,22,115
433,6,25,134,3,19,90
434,3,18,98,3,13,70
435,1,7,24,1,3,16
436,1,7,24,1,3,16
437,2,11,41,2,6,28
438,2,10,36,2,6,25
439,1,6,25,1,4,17
440,5,19,83,3,13,56
441,2,15,65,2,7,40
442,2,8,36,2,6,22
443,11,42,253,3,27,126
444,1,6,24,1,3,16
445,5,18,88,2,13,53
446,5,26,120,3,15,75
447,3,14,55,3,9,39
448,2,12,48,2,6,30
449,2,12,49,2,7,33
450,7,27,133,3,17,78
451,2,12,56,2,7,33
452,4,20,96,3,13,65
453,3,17,80,2,10,48
454,8,29,172,4,21,106
455,6,42,250,5,25,155
456,3,10,40,2,8,28
457,3,13,55,2,9,35
458,3,14,60,3,10,46
459,3,14,66,2,9,44
460,4,26,117,3,14,75
461,1,9,38,1,5,26
462,1,9,38,1,5,26
463,1,9,38,1,5,26
464,1,9,38,1,5,26
465,4,25,120,3,15,79
466,4,21,85,3,13,61
467,4,30,145,3,15,87
468,1,8,35,1,4,21
469,1,8,35,1,4,21
470,3,14,57,2,8,36
471,4,17,71,2,10,44
472,3,16,64,3,10,44
473,1,6,24,1,3,14
474,5,18,77,2,11,47
475,5,18,76,2,11,44
476,2,10,41,2,6,26
477,1,5,18,1,3,12
478,4,13,50,2,9,36
479,3,12,47,2,9,34
480,1,4,18,1,3,11
481,3,12,57,2,8,34
482,2,6,19,2,6,18
483,2,7,24,2,6,21
484,2,6,18,2,6,18
485,7,23,116,3,17,76
486,2,13,56,2,8,38
487,1,8,31,1,4,21
488,2,11,41,2,7,30
489,3,15,60,2,10,43
490,3,16,67,3,12,50
491,3,15,60,2,10,43
492,5,18,79,2,13,52
493,1,6,24,1,3,16
494,2,10,40,2,6,29
495,2,10,43,2,6,29
496,3,16,69,3,11,49
497,1,4,15,1,3,12
498,3,11,54,2,9,37
499,3,10,48,2,8,30
500,3,18,71,2,9,46
501,1,4,14,1,3,11
502,3,12,54,2,10,39
503,3,12,55,3,10,42
504,2,10,42,2,7,32
505,2,12,52,2,7,37
506,2,7,30,2,6,23
507,2,7,33,2,6,23
508,2,8,35,2,6,25
509,3,12,45,2,8,32
510,2,10,45,2,6,27
511,1,6,24,1,3,14
512,3,12,45,2,7,30
513,1,5,22,1,3,13
514,2,7,27,1,4,16
515,3,15,62,3,10,45
516,3,11,46,2,9,32
517,1,4,16,1,3,11
518,1,4,14,1,3,11
519,1,4,12,1,3,10
520,3,8,27,2,7,22
521,2,8,28,2,6,22
522,2,7,21,2,6,19
523,2,7,25,2,6,21
524,2,6,20,2,6,18
525,1,3,10,1,2,6
526,1,4,16,1,3,10
527,2,9,40,2,6,26
528,4,17,72,2,11,47
529,3,14,60,2,9,38
530,2,10,42,2,7,29
531,2,8,31,2,6,22
532,1,4,16,1,3,12
533,3,12,53,2,9,37
534,3,13,59,3,11,44
535,5,24,106,3,14,71
536,3,11,47,2,9,34
537,3,13,54,3,10,41
538,3,12,55,2,9,38
539,2,11,45,2,6,30
540,4,21,94,3,14,64
541,2,7,27,1,4,17
542,6,26,138,3,16,81
543,4,16,69,2,10,43
544,6,23,107,2,15,63
545,2,12,51,2,6,31
546,2,8,34,2,6,22
547,2,10,42,2,6,28
548,2,10,48,2,7,30
549,3,14,64,2,9,42
550,2,10,41,2,6,27
551,2,11,46,2,6,30
552,1,3,10,1,2,6
553,2,8,47,2,7,30
554,2,9,36,2,7,30
555,4,30,167,3,16,105
556,11,65,413,4,32,203
557,3,28,166,3,13,90
558,13,75,527,5,39,263
559,6,37,220,4,22,128
560,9,40,247,3,21,122
561,3,18,97,2,9,51
562,6,31,171,2,14,86
563,3,21,127,2,11,68
564,3,28,172,2,12,86
565,3,28,172,2,12,86
566,3,28,172,2,12,86
567,2,14,82,1,6,40
568,1,5,19,1,3,14
569,4,14,72,2,11,46
570,2,13,58,2,7,37
571,5,26,146,4,18,96
572,2,14,65,2,7,40
573,1,6,25,1,4,17
574,5,19,95,3,13,58
575,1,6,25,1,4,17
576,4,21,95,2,12,59
577,3,19,86,3,11,56
578,5,24,114,3,14,72
579,2,14,72,2,8,44
580,7,31,167,3,19,96
581,5,27,132,3,17,87
582,3,19,79,3,11,59
583,7,27,146,3,21,91
584,6,21,108,3,17,70
585,3,12,60,2,10,40
586,3,19,79,3,11,59
587,3,12,60,2,10,40
588,2,8,32,2,6,26
589,3,8,30,1,6,20
590,3,14,64,3,10,42
591,1,4,12,1,2,8
592,1,4,12,1,2,8
593,1,5,19,1,3,13
594,4,14,66,2,10,42
595,6,23,117,3,17,80
596,1,7,30,1,4,21
597,1,7,30,1,4,21
598,3,16,76,3,12,55
599,3,17,83,3,12,58
600,4,20,99,3,14,68
601,1,19,89,1,5,43
602,18,70,546,4,38,219
603,1,3,11,1,2,6
604,2,8,26,1,4,16
605,1,6,21,1,3,13
606,5,15,69,2,10,41
607,1,6,21,1,3,13
608,2,10,34,2,6,24
609,3,9,33,2,8,26
610,4,24,121,3,15,81
611,5,39,215,3,19,113
612,3,17,104,3,11,58
613,2,21,100,2,8,51
614,2,9,39,2,6,25
615,2,9,39,2,6,25
616,8,37,194,3,22,111
617,3,9,31,2,7,23
618,3,9,31,2,7,23
619,3,14,62,2,8,39
620,1,4,18,1,3,11
621,2,7,27,2,6,20
622,1,4,13,1,3,10
623,1,4,13,1,3,10
624,2,15,78,2,9,49
625,3,19,91,2,9,53
626,3,9,34,2,7,25
627,3,10,35,2,8,27
628,2,11,41,2,7,31
629,1,4,13,1,3,10
630,1,4,14,1,3,11
631,3,12,47,3,9,37
632,2,13,71,2,7,42
633,2,13,71,2,7,42
634,2,13,60,2,8,43
635,4,21,88,3,13,64
636,4,21,88,3,13,64
637,4,31,153,2,14,84
638,2,12,45,2,7,34
639,2,12,45,2,7,34
640,3,14,55,2,10,42
641,2,13,56,2,7,36
642,4,12,62,2,10,38
643,2,13,56,2,7,36
644,3,11,50,2,10,36
645,2,8,33,2,6,26
646,1,5,19,1,3,13
647,1,6,30,1,4,18
648,1,6,30,1,4,18
649,4,22,121,3,15,75
650,1,4,23,1,3,12
651,7,36,199,4,26,136
652,4,13,67,1,8,32
653,6,39,156,4,18,96
654,1,5,18,1,2,10
655,1,5,18,1,2,10
656,1,5,18,1,2,10
657,3,12,49,2,8,32
658,5,22,102,3,14,68
659,1,4,16,1,3,11
660,3,11,43,2,7,29
661,1,4,18,1,3,12
662,3,14,54,2,9,35
663,6,19,89,3,12,52
664,4,17,69,3,11,47
665,2,10,38,2,5,24
666,2,5,18,1,4,11
667,6,23,115,2,15,65
668,2,18,91,2,8,49
669,6,24,132,2,13,67
670,10,49,302,4,28,165
671,2,7,29,2,6,22
672,3,16,74,2,10,51
673,2,6,22,2,6,18
674,1,6,28,1,4,18
675,6,34,187,4,23,124
676,4,16,72,2,11,44
677,3,12,49,2,8,33
678,4,31,188,4,20,121
679,4,30,178,4,19,115
680,4,15,74,2,11,51
681,8,39,250,4,27,156
682,5,17,74,2,12,47
683,1,7,28,1,4,18
684,6,21,102,3,14,62
685,3,15,66,2,9,43
686,5,23,106,3,14,68
687,2,12,49,2,7,31
688,3,17,82,2,10,50
689,1,7,28,1,4,18
690,1,10,35,1,3,18
691,9,25,150,2,15,61
692,4,18,76,2,10,45
693,1,5,23,1,3,13
694,1,5,23,1,3,13
695,6,29,157,3,17,93
696,3,16,55,2,7,32
697,1,4,20,1,3,10
698,3,10,43,2,7,26
699,1,7,26,1,4,16
700,1,7,26,1,4,16
701,3,17,67,2,9,42
702,1,7,26,1,4,16
703,1,10,35,1,3,18
704,1,10,35,1,3,18
705,1,10,35,1,3,18
706,1,10,35,1,3,18
707,1,10,35,1,3,18
708,1,10,35,1,3,18
709,1,6,25,1,4,18
710,5,19,100,3,14,59
711,3,18,77,3,11,52
712,1,6,25,1,4,18
713,3,12,47,2,8,33
714,7,27,149,3,18,81
715,3,13,64,2,9,40
716,1,5,22,1,4,15
717,1,6,26,1,4,18
718,5,20,100,3,14,59
719,1,6,26,1,4,18
720,3,12,48,2,8,33
721,4,13,55,2,9,34
722,2,11,44,2,6,29
723,2,12,51,2,6,32
724,2,9,32,2,6,24
725,3,12,43,2,7,29
726,2,9,36,2,6,24
727,1,4,25,1,3,14
728,3,21,118,2,11,67
729,7,44,251,4,25,147
730,1,4,19,1,3,12
731,5,26,138,3,17,85
732,1,4,17,1,3,12
733,3,13,62,2,9,41
734,6,35,204,4,22,125
735,3,10,40,2,7,26
736,1,6,29,1,4,18
737,4,16,73,2,10,43
738,2,14,77,2,9,46
739,1,4,21,1,3,12
740,1,4,14,1,3,10
741,3,13,66,2,9,37
742,1,7,36,1,4,21
743,6,29,158,3,17,91
744,3,20,102,2,10,58
745,4,17,74,2,9,43
746,3,15,74,2,9,46
747,1,4,24,1,3,13
748,1,4,16,1,3,10
749,3,10,36,2,7,24
750,4,17,67,3,13,50
751,3,15,62,3,11,47
752,3,10,37,2,7,27
753,4,15,63,3,12,48
754,3,10,37,2,7,27
755,1,8,52,1,5,30
756,7,40,216,4,23,134
757,4,25,149,3,16,90
758,1,4,15,1,3,10
759,1,8,35,1,4,22
760,1,4,14,1,3,10
761,3,10,38,2,7,26
762,3,14,68,2,9,42
763,1,4,16,1,3,11
764,3,11,42,2,8,31
765,1,4,14,1,3,10
766,1,3,16,1,2,8
767,2,13,65,1,6,36
768,1,7,42,1,5,27
769,7,49,284,4,29,175
770,1,5,21,1,3,13
771,1,8,35,1,4,22
772,3,15,59,2,8,38
773,3,17,77,2,9,47
774,1,4,16,1,3,11
775,1,3,8,1,2,6
776,1,4,17,1,3,12
777,1,4,15,1,3,11
778,1,5,20,1,3,14
779,1,5,20,1,3,14
780,2,10,42,2,6,27
781,2,18,91,2,8,49
782,1,4,21,1,3,13
783,1,9,48,1,5,32
784,1,9,48,1,5,32
785,1,9,48,1,5,32
786,1,5,30,1,4,20
787,1,4,18,1,3,12
788,1,5,22,1,3,12
789,2,7,27,1,4,15
790,1,4,16,1,3,11
791,3,17,99,2,10,59
792,1,4,21,1,3,13
793,1,4,17,1,3,12
794,2,6,19,1,4,13
795,1,3,9,1,2,6
796,1,7,30,1,3,18
797,3,13,50,2,7,32
798,2,6,19,1,4,13
799,1,3,9,1,2,6
800,1,4,14,1,3,10
801,1,4,19,1,3,11
802,1,5,20,1,4,16
803,1,3,12,1,2,6
804,2,9,36,1,4,19
805,1,4,19,1,3,12
806,1,7,31,1,3,16
807,1,7,31,1,3,16
808,1,5,18,1,3,12
809,1,5,18,1,3,12
810,1,11,60,1,5,33
811,7,40,229,4,25,142
812,1,4,14,1,3,10
813,1,3,10,1,2,6
814,1,4,17,1,3,10
815,1,4,14,1,3,10
816,1,4,21,1,3,12
817,3,15,70,3,12,54
818,5,28,136,4,19,95
819,3,10,42,2,9,33
820,4,17,80,3,14,62
821,5,19,95,2,13,62
822,5,26,127,3,18,86
823,6,28,144,4,19,98
824,4,20,94,3,14,67
825,1,7,31,1,4,20
826,6,24,116,3,16,77
827,4,23,115,3,16,82
828,6,27,131,3,18,89
829,4,20,105,3,16,78
830,6,30,154,4,21,108
831,3,15,74,3,11,53
832,1,7,34,1,4,22
833,3,16,76,3,12,58
834,3,15,66,2,10,48
835,4,19,87,3,13,61
836,1,7,31,1,4,20
837,2,10,41,2,7,29
838,4,21,97,3,14,66
839,1,9,45,1,5,27
840,8,36,186,4,22,118
841,1,6,25,1,3,16
842,1,6,25,1,3,16
843,2,10,39,2,6,28
844,2,7,26,2,6,21
845,2,12,55,2,7,37
846,3,14,63,3,10,47
847,2,9,33,2,6,24
848,5,17,71,2,12,46
849,3,18,85,3,11,56
850,3,11,47,2,9,34
851,4,23,121,3,16,77
852,8,33,173,3,20,99
853,1,7,35,1,5,24
854,2,11,56,2,8,37
855,3,17,86,2,10,53
856,5,19,89,2,14,57
857,4,25,126,3,15,80
858,2,9,36,2,6,26
859,2,9,36,2,6,26
860,2,12,47,2,6,31
861,2,12,47,2,6,31
862,3,16,79,3,13,62
863,3,13,62,3,12,51
864,1,7,37,1,5,26
865,4,22,108,3,15,73
866,3,10,41,2,8,31
867,2,8,28,2,6,23
868,1,3,14,1,2,7
869,2,11,47,1,5,27
870,1,6,24,1,4,15
871,5,18,70,3,11,48
872,1,6,22,1,3,14
873,5,16,70,2,11,40
874,1,6,22,1,3,14
875,3,11,41,2,8,28
876,2,8,32,2,6,24
877,1,4,15,1,3,11
878,1,6,24,1,4,15
879,3,13,53,2,10,37
880,2,13,59,2,8,38
881,2,7,24,2,6,20
882,3,10,40,2,9,30
883,2,7,29,2,6,22
884,4,14,61,2,11,44
885,1,9,45,1,5,27
886,2,11,50,1,6,30
887,2,13,55,2,7,35
888,3,9,36,2,8,27
889,4,19,94,3,13,65
890,1,5,27,1,4,19
891,2,7,33,2,6,21
892,3,19,80,2,9,51
893,1,5,18,1,3,13
894,4,13,52,2,10,36
895,2,10,42,2,7,30
896,4,16,62,3,10,44
897,2,8,28,2,6,22
898,1,5,19,1,3,14
899,2,8,29,2,6,23
900,1,3,14,1,2,8
901,1,5,24,1,4,17
902,6,26,131,3,18,84
903,2,7,31,2,6,22
904,2,11,47,1,5,27
905,1,9,42,1,4,24
906,3,17,83,3,12,57
907,1,3,14,1,2,7
908,2,7,28,2,6,21
909,3,13,51,2,9,36
910,1,5,21,1,4,14
911,4,15,63,2,11,42
912,2,8,33,2,6,23
913,2,8,33,2,6,23
914,1,5,25,1,4,18
915,2,7,23,2,6,20
916,3,9,31,2,8,26
917,2,7,22,2,6,20
918,2,8,37,2,6,23
919,3,13,62,2,8,34
920,3,16,66,2,9,45
921,4,29,133,2,12,71
922,4,12,61,2,8,31
923,4,14,61,2,11,43
924,3,11,53,2,8,32
925,2,10,43,2,7,32
926,2,9,34,2,6,25
927,5,34,166,3,17,97
928,2,12,68,2,7,36
929,2,9,49,2,6,28
930,1,4,30,1,3,12
931,3,26,112,2,9,58
932,14,40,306,3,24,117
933,5,37,175,3,16,93
934,1,15,55,1,4,28
935,1,15,55,1,4,28
936,3,24,102,2,10,56
937,5,30,134,3,16,80
938,2,19,70,2,7,39
939,1,15,55,1,4,28
940,1,15,55,1,4,28
941,1,15,55,1,4,28
942,1,15,55,1,4,28
943,1,15,55,1,4,28
944,1,15,55,1,4,28
945,1,15,55,1,4,28
946,6,27,136,3,17,85
947,9,39,229,4,25,133
948,2,12,51,2,7,34
949,1,7,34,1,4,21
950,4,18,87,2,12,58
951,3,21,102,3,13,67
952,3,11,48,2,10,38
953,3,14,65,3,11,50
954,3,14,69,3,11,48
955,3,15,77,2,10,47
956,3,18,102,3,13,65
957,2,12,72,2,8,42
958,2,7,28,2,6,22
959,2,6,19,2,6,18
960,2,6,20,2,6,19
961,2,8,35,2,7,26
962,1,3,11,1,2,6
963,2,8,32,1,4,19
964,5,21,106,2,13,69
965,4,12,78,2,10,41
966,2,15,66,2,8,43
967,2,15,66,2,8,43
968,2,24,106,2,8,56
969,9,32,183,3,23,100
970,2,10,47,2,7,30
971,3,19,69,2,7,41
972,3,22,119,3,12,70
973,1,10,42,1,4,27
974,2,14,65,2,7,40
975,2,15,65,2,8,44
976,3,18,78,3,12,59
977,3,19,86,2,10,54
978,3,18,66,3,8,43
979,6,14,68,1,8,25
980,1,4,23,1,3,10
981,1,7,21,1,2,10
982,1,7,21,1,2,10
983,1,7,21,1,2,10
984,1,7,21,1,2,10
985,1,7,21,1,2,10
986,4,12,64,1,7,29
987,1,5,17,1,2,9
988,1,5,17,1,2,9
989,1,5,17,1,2,9
990,2,12,54,1,6,33
991,1,3,15,1,2,8
992,1,10,49,1,5,30
993,5,21,104,3,14,68
994,2,10,43,2,7,30
995,6,29,146,3,20,98
996,5,28,147,3,19,97
997,4,25,123,3,16,81
998,2,25,132,2,9,63
999,3,15,69,3,11,53
1000,3,12,56,2,10,41
1001,3,13,64,3,12,50
1002,4,19,96,3,14,67
1003,3,15,82,3,12,59
1004,4,18,98,3,13,66
1005,3,13,54,3,8,36
1006,2,8,44,2,6,25
1007,6,31,161,4,21,111
1008,5,26,137,3,17,92
1009,3,12,56,2,9,40
1010,2,11,59,2,7,35
1011,2,12,61,2,8,41
1012,4,18,87,3,15,69
1013,3,15,81,3,12,55
1014,5,26,127,3,18,91
1015,2,11,52,2,7,37
1016,2,13,68,2,8,45
1017,3,8,34,1,6,18
1018,3,8,34,1,6,18
1019,1,4,12,1,2,8
1020,1,4,12,1,2,8
1021,1,4,12,1,2,8
1022,1,4,12,1,2,8
1023,3,8,29,1,6,18
1024,3,8,29,1,6,18
1025,1,4,12,1,2,8
1026,1,4,12,1,2,8
1027,1,4,12,1,2,8
1028,1,4,12,1,2,8
1029,2,6,29,1,4,16
1030,3,20,86,2,10,50
1031,1,3,9,1,2,6
1032,3,11,46,2,9,36
1033,2,9,37,2,7,29
1034,2,9,35,2,7,26
1035,4,17,72,3,13,55
1036,4,15,65,3,10,42
1037,4,23,117,3,14,80
1038,1,5,28,1,4,18
1039,3,21,108,3,13,71
1040,5,21,105,3,17,74
1041,10,47,278,4,32,176
1042,4,17,81,3,12,54
1043,4,15,68,2,11,45
1044,4,22,104,3,14,72
1045,2,9,37,2,7,28
1046,3,18,86,2,10,57
1047,3,11,43,2,8,32
1048,2,9,37,2,6,26
1049,2,16,78,2,8,51
1050,3,12,48,2,9,34
1051,3,9,32,1,6,20
1052,2,6,21,1,4,15
1053,3,15,75,3,11,52
1054,4,25,113,3,15,76
1055,4,18,90,3,14,65
1056,2,8,45,2,7,28
1057,11,45,268,4,26,147
1058,4,17,86,3,14,63
1059,3,15,77,2,10,51
1060,3,15,67,3,12,53
1061,6,34,166,3,20,105
1062,2,10,56,2,7,35
1063,1,3,9,1,2,6
1064,5,20,91,3,14,62
1065,4,18,83,2,12,54
1066,4,21,89,3,13,63
1067,2,9,41,2,7,27
1068,3,14,58,2,9,40
1069,2,9,37,2,7,27
1070,5,21,115,3,15,68
1071,2,10,45,2,7,32
1072,2,14,66,2,6,38
1073,3,13,63,2,10,41
1074,4,14,63,2,11,43
1075,4,22,107,3,12,66
1076,2,18,84,2,9,50
1077,2,15,70,2,7,42
1078,5,24,137,3,17,88
1079,5,30,145,3,16,90
1080,3,15,68,2,10,50
1081,4,26,132,3,17,95
1082,4,26,132,3,17,95
1083,3,16,71,3,11,54
1084,2,8,41,1,5,23
1085,3,16,78,3,11,53
1086,4,17,80,3,12,55
1087,1,3,11,1,2,7
1088,1,5,27,1,4,18
1089,3,13,56,3,10,40
1090,3,14,70,3,12,51
1091,4,17,80,3,13,58
1092,4,24,110,3,15,73
1093,2,9,35,2,6,26
1094,4,17,74,2,12,51
1095,3,9,37,2,8,28
1096,3,18,73,2,9,47
1097,3,11,53,2,9,35
1098,2,8,37,2,6,25
1099,2,12,55,2,6,33
1100,2,11,54,2,7,36
1101,5,20,88,3,14,63
1102,2,13,61,2,6,36
1103,3,14,78,2,10,47
1104,8,34,176,2,20,92
1105,3,17,91,3,11,58
1106,2,7,26,2,6,22
1107,2,17,84,2,9,47
1108,1,5,22,1,4,16
1109,3,15,84,3,12,61
1110,4,17,87,3,15,68
1111,2,8,34,2,6,25
1112,2,8,31,2,6,24
1113,2,9,38,2,6,26
1114,4,15,65,2,11,45
1115,2,7,26,2,6,21
1116,2,6,19,2,6,18
1117,3,10,38,2,8,30
1118,1,4,14,1,3,11
1119,1,4,22,1,3,13
1120,3,14,58,3,11,48
1121,3,11,45,2,10,37
1122,3,12,47,3,10,40
1123,1,4,13,1,3,11
1124,1,4,13,1,2,8
1125,2,10,39,2,6,28
1126,1,4,13,1,2,8
1127,2,6,28,2,6,20
1128,2,15,66,2,8,40
1129,2,12,54,2,6,33
1130,2,11,48,2,8,36
1131,1,12,57,1,5,31
1132,1,12,57,1,5,31
1133,1,12,57,1,5,31
1134,1,4,15,1,3,11
1135,2,10,58,2,8,41
1136,4,24,118,3,16,88
1137,4,24,121,3,17,91
1138,4,20,105,4,17,82
1139,1,6,26,1,4,18
1140,4,20,116,4,17,85
1141,1,9,43,1,3,23
1142,1,11,47,1,4,27
1143,2,15,63,2,7,39
1144,1,11,47,1,4,27
1145,1,11,47,1,4,27
1146,1,11,47,1,4,27
1147,2,17,72,2,7,43
1148,2,11,59,2,8,41
1149,3,12,58,2,9,35
1150,2,10,48,2,7,33
1151,3,10,42,2,9,33
1152,1,4,14,1,3,12
1153,5,16,72,2,12,44
1154,2,11,45,2,6,29
1155,2,11,45,2,6,29
1156,3,14,50,2,8,35
1157,2,9,31,2,6,24
1158,2,11,39,2,6,27
1159,4,18,90,2,11,51
1160,5,17,80,2,13,51
1161,3,24,119,3,12,75
1162,3,12,43,2,8,32
1163,2,9,32,2,6,24
1164,2,9,32,2,6,25
1165,2,9,32,2,6,25
1166,1,4,16,1,3,11
1167,3,12,53,2,8,36
1168,10,56,347,4,33,194
1169,3,9,33,2,8,27
1170,2,10,40,2,7,29
1171,2,7,22,2,6,20
1172,2,7,23,2,6,20
1173,3,12,57,2,9,35
1174,2,13,56,2,7,37
1175,4,21,86,3,11,57
1176,3,11,40,2,8,30
1177,8,31,165,3,21,95
1178,7,26,131,3,18,81
1179,3,20,85,3,11,57
1180,2,12,52,2,7,34
1181,3,14,60,2,9,40
1182,4,20,89,3,14,62
1183,2,14,64,2,8,41
1184,2,13,61,2,8,39
1185,3,12,46,1,6,28
1186,3,15,82,3,12,54
1187,7,24,128,2,16,68
1188,3,9,31,2,8,25
1189,2,7,21,2,5,17
1190,2,7,22,2,6,20
1191,2,8,28,2,6,22
1192,7,36,176,3,22,109
1193,3,20,102,3,12,70
1194,5,22,104,3,15,71
1195,3,16,79,3,11,53
1196,4,22,109,3,13,69
1197,3,14,68,2,9,43
1198,2,11,53,2,7,35
1199,9,35,191,3,20,101
1200,3,14,70,3,12,51
1201,7,32,188,3,24,117
1202,3,21,128,2,12,70
1203,2,8,38,2,6,26
1204,7,53,297,5,25,178
1205,9,46,273,3,27,149
1206,3,9,35,2,8,26
1207,2,8,27,2,6,23
1208,2,10,41,2,6,30
1209,1,13,49,1,3,24
1210,12,36,243,2,21,84
1211,5,29,148,4,18,106
1212,1,6,35,1,5,23
1213,6,34,195,4,25,128
1214,5,23,117,3,16,81
1215,5,24,138,3,18,85
1216,2,15,70,2,7,41
1217,11,49,294,3,28,147
1218,2,6,31,2,6,19
1219,3,9,31,2,8,26
1220,2,8,31,2,6,23
1221,2,7,23,2,6,20
1222,2,7,22,2,6,20
1223,4,22,81,2,9,46
1224,3,10,44,2,7,25
1225,2,8,36,2,6,21
1226,1,5,27,1,3,12
1227,3,11,50,1,6,28
1228,1,4,15,1,2,8
1229,6,31,145,3,18,90
1230,1,4,15,1,2,8
1231,2,22,84,2,6,45
1232,8,26,154,2,18,71
1233,6,30,152,4,20,102
1234,4,28,158,4,18,103
1235,6,30,165,3,19,100
1236,2,11,55,2,8,36
1237,4,19,90,2,13,60
1238,2,11,51,2,8,36
1239,6,23,112,3,16,72
1240,4,27,156,3,17,98
1241,4,17,91,3,15,64
1242,8,42,227,3,23,131
1243,2,11,51,2,7,34
1244,2,13,60,2,7,39
1245,2,12,61,2,7,39
1246,3,15,78,3,11,52
1247,3,17,84,2,10,49
1248,6,25,123,3,15,73
1249,2,11,54,2,6,30
1250,3,15,78,2,9,45
1251,5,29,151,2,15,87
1252,3,17,83,3,10,49
1253,2,12,60,2,7,36
1254,2,12,60,2,7,36
1255,3,14,71,2,8,42
1256,2,16,87,2,8,51
1257,10,53,343,4,31,185
1258,7,37,191,3,20,115
1259,3,21,106,2,11,67
1260,2,15,83,2,8,49
1261,3,28,154,3,13,90
1262,4,15,71,2,10,45
1263,4,19,91,3,15,65
1264,3,16,69,3,11,53
1265,6,29,137,4,18,91
1266,4,17,76,3,13,58
1267,2,10,46,2,8,36
1268,4,13,60,2,11,43
1269,5,21,113,3,16,73
1270,4,20,92,3,14,63
1271,3,11,48,1,7,29
1272,2,11,50,2,8,34
1273,4,16,75,2,11,49
1274,3,11,42,2,9,36
1275,2,7,24,2,6,21
1276,2,7,27,2,6,21
1277,3,16,65,3,11,52
1278,3,19,92,3,11,60
1279,2,21,96,2,7,53
1280,2,16,60,2,6,37
1281,2,12,46,2,6,30
1282,3,18,77,2,9,46
1283,3,15,64,2,7,35
1284,2,12,48,2,6,30
1285,2,12,44,2,6,30
1286,6,30,164,3,20,100
1287,3,16,89,3,11,59
1288,6,37,196,4,21,129
1289,9,44,266,4,25,151
1290,2,10,49,2,7,33
1291,2,11,59,2,7,37
1292,2,16,90,2,9,57
1293,3,14,74,2,11,49
1294,4,29,158,3,17,101
1295,5,22,105,3,15,67
1296,3,19,87,3,11,57
1297,3,14,55,2,9,39
1298,3,18,87,3,11,60
1299,5,19,85,2,12,53
1300,3,13,53,2,9,39
1301,4,24,119,3,14,71
1302,7,22,120,2,17,66
1303,6,26,120,2,14,68
1304,10,39,218,2,23,105
1305,2,10,43,2,6,26
1306,2,10,44,2,6,26
1307,2,12,50,2,6,30
1308,2,12,57,2,7,35
1309,5,23,105,2,13,61
1310,10,44,249,4,26,144
1311,3,14,57,2,7,33
1312,1,6,29,1,3,16
1313,2,9,38,2,6,25
1314,2,9,40,2,6,25
1315,4,27,139,3,16,87
1316,4,18,82,2,10,49
1317,1,11,55,1,5,31
1318,2,15,76,2,8,42
1319,3,19,87,2,11,55
1320,7,36,192,3,24,119
1321,2,15,77,2,8,43
1322,2,17,81,2,9,51
1323,2,10,55,2,7,33
1324,6,35,188,4,21,130
1325,5,23,132,3,17,89
1326,1,4,19,1,3,12
1327,3,14,51,3,9,39
1328,4,13,65,2,10,40
1329,4,14,68,2,11,44
1330,3,10,44,2,9,30
1331,1,3,11,1,2,7
1332,2,8,35,1,5,25
1333,2,7,29,2,6,19
1334,3,16,62,2,8,40
1335,2,6,18,2,5,15
1336,1,6,25,1,4,17
1337,5,19,91,3,13,60
1338,2,6,18,2,6,18
1339,2,6,18,2,6,18
1340,2,6,21,2,6,18
1341,3,10,35,2,8,28
1342,2,7,25,2,6,20
1343,2,7,24,2,6,20
1344,3,18,77,2,10,50
1345,3,18,77,2,10,50
1346,5,20,100,3,16,67
1347,2,10,48,2,7,29
1348,6,33,177,4,20,116
1349,3,13,64,2,9,40
1350,4,29,151,3,18,99
1351,7,35,173,3,20,103
1352,4,23,119,3,16,80
1353,7,31,164,3,24,114
1354,2,13,67,2,9,45
1355,2,10,38,2,7,30
1356,2,6,22,2,6,19
1357,3,17,71,3,12,56
1358,2,6,19,2,6,18
1359,2,7,25,2,6,20
1360,1,4,14,1,3,12
1361,3,10,41,2,9,32
1362,3,14,55,3,10,43
1363,3,13,51,3,10,40
1364,3,21,106,3,12,75
1365,6,29,159,3,21,102
1366,2,8,32,2,6,23
1367,2,11,45,2,6,31
1368,3,13,60,2,10,43
1369,2,7,28,2,6,22
1370,2,6,22,2,6,18
1371,3,15,74,2,10,47
1372,2,9,29,2,6,23
1373,2,7,27,2,6,21
1374,2,6,24,2,6,19
1375,2,6,19,2,6,18
1376,2,6,20,2,6,18
1377,4,21,102,3,14,74
1378,5,25,120,3,17,85
1379,3,14,66,3,12,51
1380,3,13,68,2,10,45
1381,3,12,49,2,9,34
1382,3,13,56,2,8,40
1383,2,9,33,2,6,25
1384,4,15,63,3,11,47
1385,3,19,91,3,11,64
1386,5,21,105,3,17,72
1387,4,15,76,2,12,50
1388,3,16,86,2,9,53
1389,7,30,172,3,21,103
1390,5,36,206,3,20,126
1391,1,4,20,1,3,12
1392,6,27,135,3,20,94
1393,1,4,17,1,3,11
1394,1,5,23,1,3,13
1395,1,5,23,1,3,13
1396,8,36,194,3,23,113
1397,2,14,70,2,8,45
1398,3,18,83,3,11,53
1399,4,19,87,3,11,55
1400,8,37,200,3,22,113
1401,3,16,68,2,8,43
1402,3,27,151,3,14,96
1403,2,12,55,2,7,36
1404,3,15,65,2,9,44
1405,1,4,14,1,3,10
1406,3,10,37,2,7,26
1407,4,14,51,2,9,34
1408,2,9,38,2,7,28
1409,2,12,55,2,7,35
1410,5,20,96,2,13,58
1411,1,3,8,1,2,6
1412,2,5,15,1,4,11
1413,4,14,55,2,9,35
1414,2,6,23,1,4,13
1415,1,6,28,1,4,20
1416,5,22,117,3,16,78
1417,5,26,132,2,15,80
1418,2,13,57,2,6,33
1419,2,9,46,2,6,28
1420,2,9,46,2,6,28
1421,4,29,158,4,18,106
1422,4,18,83,3,13,60
1423,3,16,77,3,12,57
1424,2,7,24,2,6,21
1425,3,11,42,2,9,34
1426,2,6,19,2,6,18
1427,3,11,42,2,9,34
1428,5,36,204,3,18,118
1429,3,18,110,2,10,61
1430,8,43,252,3,26,145
1431,3,19,108,2,11,60
1432,8,44,286,4,28,167
1433,3,22,133,3,14,85
1434,10,56,370,4,36,212
1435,3,18,112,3,12,69
1436,6,37,207,4,23,140
1437,2,6,20,2,6,19
1438,2,8,31,2,7,25
1439,2,6,18,2,6,18
1440,3,11,39,2,8,29
1441,4,15,57,3,11,43
1442,2,7,26,2,6,20
1443,2,6,20,1,4,14
1444,3,12,45,2,9,34
1445,2,8,33,2,7,25
1446,3,11,42,2,8,31
1447,3,18,72,2,9,46
1448,10,35,205,3,23,102
1449,2,8,37,2,6,23
1450,3,11,48,2,8,32
1451,5,22,123,2,16,71
1452,4,18,77,3,12,57
1453,2,11,47,2,6,31
1454,2,9,37,2,6,28
1455,2,16,99,2,10,56
1456,2,7,24,2,5,17
1457,2,7,28,2,6,21
1458,4,12,47,2,10,35
1459,2,8,27,2,6,22
1460,2,8,26,2,6,22
1461,1,5,17,1,3,13
1462,4,19,85,3,14,62
1463,4,15,68,2,12,50
1464,5,24,131,4,17,91
1465,2,8,33,2,6,24
1466,2,11,50,2,8,37
1467,2,10,47,2,7,34
1468,2,9,44,2,6,27
1469,2,9,48,2,6,27
1470,2,9,44,2,6,27
1471,1,11,64,1,5,36
1472,3,18,98,2,11,59
1473,3,26,136,2,11,76
1474,2,14,79,2,8,46
1475,4,20,113,3,16,75
1476,2,18,100,2,9,61
1477,6,26,135,3,16,85
1478,2,18,100,2,9,61
1479,3,22,127,3,13,81
1480,11,51,333,4,33,192
1481,1,4,13,1,2,8
1482,3,9,36,1,6,21
1483,6,32,197,4,23,125
1484,5,25,135,3,18,92
1485,3,22,127,3,13,78
1486,4,18,89,3,14,67
1487,2,6,21,2,6,19
1488,2,9,41,2,7,31
1489,2,6,20,2,6,18
1490,5,19,120,3,16,73
1491,1,5,18,1,3,14
1492,2,10,43,2,7,32
1493,2,6,18,2,6,18
1494,2,6,18,2,6,18
1495,2,6,18,2,6,18
1496,2,7,24,2,6,20
1497,3,11,44,2,8,32
1498,2,6,23,2,6,19
1499,5,26,139,3,18,95
1500,1,8,30,1,3,20
1501,3,9,37,2,8,27
1502,2,10,36,2,6,27
1503,2,11,43,2,7,31
1504,2,7,22,2,6,20
1505,1,4,17,1,3,12
1506,3,14,66,2,8,40
1507,1,4,15,1,3,11
1508,2,9,39,2,7,28
1509,2,12,52,2,7,34
1510,6,18,84,2,13,47
1511,2,8,33,2,7,26
1512,4,19,83,3,13,61
1513,2,6,22,2,6,20
1514,3,10,40,2,8,30
1515,2,10,51,2,7,32
1516,3,14,59,2,10,44
1517,5,27,129,3,15,82
1518,3,12,46,2,9,34
1519,2,7,25,2,6,21
1520,5,19,82,3,13,56
1521,2,8,31,2,6,24
1522,2,6,20,2,6,18
1523,2,7,26,2,6,21
1524,2,7,26,2,6,20
1525,3,12,47,2,9,35
1526,3,12,44,2,8,32
1527,3,13,51,3,10,41
1528,3,10,41,2,8,30
1529,2,7,23,2,6,20
1530,3,13,52,2,9,36
1531,2,11,44,2,7,31
1532,6,18,81,2,12,44
1533,4,16,57,2,9,37
1534,2,10,37,2,6,24
1535,1,7,25,1,3,15
1536,1,7,25,1,3,15
1537,2,10,33,2,5,21
1538,3,16,65,3,10,48
1539,3,11,53,2,10,37
1540,3,21,100,2,11,67
1541,2,9,45,2,7,31
1542,1,5,18,1,3,13
1543,3,18,86,2,10,52
1544,2,15,72,2,8,43
1545,2,6,22,2,6,18
1546,2,7,25,2,6,21
1547,3,12,56,2,9,35
1548,1,4,16,1,3,11
1549,3,10,42,2,9,33
1550,4,16,69,2,10,42
1551,2,8,31,2,6,22
1552,2,9,34,2,6,24
1553,3,17,81,2,9,47
1554,5,19,81,2,11,46
1555,5,18,78,2,12,49
1556,2,10,38,2,6,26
1557,5,19,77,2,12,50
1558,2,9,33,2,6,24
1559,2,10,42,2,6,27
1560,3,10,46,2,8,32
1561,2,10,44,2,7,32
1562,2,7,28,2,5,18
1563,5,17,94,2,13,54
1564,2,24,95,2,7,51
1565,1,13,49,1,3,24
1566,3,20,71,2,7,39
1567,2,17,64,2,6,36
1568,2,15,54,1,4,27
1569,2,16,57,2,5,30
1570,1,13,49,1,3,24
1571,2,15,54,1,4,27
1572,2,17,68,2,6,34
1573,4,12,47,2,9,33
1574,4,16,68,2,11,47
1575,3,16,63,2,9,43
1576,2,8,31,2,6,24
1577,4,14,58,2,11,43
1578,1,4,18,1,3,11
1579,4,12,45,2,10,34
1580,2,9,39,2,6,25
1581,2,8,29,2,6,23
1582,2,8,27,2,6,22
1583,2,8,26,2,6,22
1584,3,18,91,2,9,51
1585,2,9,37,2,6,27
1586,3,14,61,2,10,43
1587,4,17,74,3,13,57
1588,2,10,41,2,7,31
1589,2,7,29,2,6,22
1590,3,13,56,2,10,43
1591,4,21,90,3,13,68
1592,3,14,56,3,10,45
1593,3,17,72,3,11,56
1594,3,15,68,3,10,51
1595,2,13,61,2,7,40
1596,3,22,122,3,13,81
1597,2,8,32,2,7,25
1598,2,7,24,2,6,20
1599,2,6,18,2,6,18
1600,3,17,73,2,8,43
1601,2,9,35,2,6,24
1602,5,19,92,2,12,53
1603,3,14,57,2,9,39
1604,4,16,74,3,14,55
1605,3,10,39,2,8,29
1606,3,9,35,2,8,26
1607,2,7,22,2,6,20
1608,2,11,38,2,6,27
1609,2,8,26,2,6,22
1610,2,6,26,1,4,14
1611,2,12,53,2,7,35
1612,2,10,47,2,7,32
1613,1,4,15,1,3,11
1614,1,3,9,1,2,6
1615,2,6,29,1,4,13
1616,1,3,18,1,2,6
1617,1,7,42,1,5,26
1618,5,25,118,3,16,76
1619,4,22,103,3,13,67
1620,5,24,115,3,15,78
1621,6,24,112,3,15,72
1622,2,8,36,1,5,23
1623,4,22,108,3,15,80
1624,1,3,8,1,2,6
1625,2,5,14,1,4,11
1626,2,6,20,2,5,15
1627,6,21,103,2,16,63
1628,2,16,74,2,7,45
1629,2,11,49,2,6,31
1630,2,10,39,2,6,28
1631,3,16,66,3,10,47
1632,2,11,44,2,6,31
1633,4,18,75,3,12,54
1634,4,17,73,3,12,52
1635,5,30,182,3,21,113
1636,4,22,112,3,15,73
1637,5,19,99,2,13,61
1638,2,7,27,2,6,23
1639,3,23,127,3,13,83
1640,3,24,141,3,13,88
1641,2,13,67,2,8,45
1642,4,17,72,3,12,50
1643,5,21,94,2,14,60
1644,2,7,24,2,6,20
1645,2,6,18,2,5,15
1646,3,13,52,3,10,41
1647,4,14,58,2,9,36
1648,3,14,55,2,9,37
1649,1,5,19,1,3,12
1650,2,6,19,2,6,18
1651,3,13,61,3,10,43
1652,3,16,66,2,9,44
1653,3,12,48,2,10,38
1654,1,6,25,1,3,15
1655,2,9,34,2,6,24
1656,2,6,21,2,6,18
1657,2,12,45,2,6,29
1658,2,6,19,2,6,18
1659,2,7,28,2,6,22
1660,3,15,62,3,10,48
1661,1,4,16,1,3,11
1662,3,12,49,2,8,35
1663,4,14,62,2,11,42
1664,2,9,35,2,6,25
1665,3,13,50,2,8,35
1666,2,11,44,2,7,31
1667,6,23,107,3,17,76
1668,2,10,39,2,7,30
1669,3,14,59,2,10,43
1670,2,12,54,2,8,39
1671,3,15,66,3,10,47
1672,4,16,68,3,12,52
1673,1,4,14,1,3,11
1674,1,6,29,1,4,20
1675,3,13,65,2,10,43
1676,2,7,27,1,5,19
1677,3,11,42,2,8,30
1678,3,15,74,3,11,52
1679,2,16,82,2,8,51
1680,3,22,103,3,12,70
1681,2,15,77,2,8,48
1682,3,27,141,3,14,91
1683,2,14,68,1,6,41
1684,3,15,75,2,10,47
1685,2,13,59,2,8,39
1686,1,7,32,1,4,19
1687,3,15,66,2,9,40
1688,4,15,65,2,9,39
1689,2,16,70,2,7,48
1690,2,8,30,2,6,22
1691,3,8,27,2,7,21
1692,3,11,53,2,9,36
1693,4,17,76,3,12,52
1694,2,7,32,2,6,23
1695,1,4,14,1,3,11
1696,3,10,48,2,8,30
1697,2,7,25,2,6,21
1698,3,12,46,2,9,34
1699,2,6,20,2,6,18
1700,4,17,73,3,13,56
1701,3,12,51,2,9,37
1702,3,14,63,3,12,50
1703,3,12,49,2,10,40
1704,2,14,73,2,8,49
1705,3,19,98,3,12,68
1706,4,20,96,3,13,67
1707,4,22,106,3,14,76
1708,3,17,67,2,9,44
1709,2,8,36,2,6,23
1710,2,7,30,2,6,21
1711,3,21,93,3,11,62
1712,1,11,46,1,4,27
1713,2,14,60,2,7,36
1714,2,14,61,2,7,37
1715,5,26,124,3,14,74
1716,2,9,43,2,7,27
1717,2,10,46,2,7,30
1718,3,19,88,2,9,52
1719,3,20,101,3,11,61
1720,2,14,66,1,5,35
1721,3,23,110,3,11,65
1722,3,17,84,2,8,46
1723,2,13,74,2,7,43
1724,1,4,12,1,3,10
1725,3,8,26,2,7,22
1726,2,7,21,2,6,19
1727,2,7,21,2,6,19
1728,3,11,49,2,10,37
1729,3,12,51,2,10,40
1730,2,7,30,2,6,23
1731,3,14,78,3,11,55
1732,2,11,53,2,7,33
1733,5,16,69,2,12,46
1734,2,10,39,2,6,27
1735,2,9,31,2,6,24
1736,1,6,22,1,3,15
1737,1,5,24,1,4,15
1738,2,11,43,2,6,30
1739,3,19,88,3,11,58
1740,4,13,60,2,11,40
1741,1,8,45,1,4,24
1742,2,11,58,2,7,34
1743,2,12,60,2,6,36
1744,2,6,18,2,6,18
1745,2,6,20,2,6,18
1746,2,8,30,2,6,21
1747,2,8,30,2,6,21
1748,2,7,26,1,4,15
1749,5,25,117,3,14,72
1750,3,14,61,2,9,40
1751,2,11,54,2,7,32
1752,3,12,52,2,9,35
1753,4,18,80,2,11,48
1754,2,17,78,2,7,45
1755,2,12,63,2,7,37
1756,2,8,32,2,6,24
1757,2,12,55,2,8,41
1758,2,8,34,2,6,22
1759,4,14,55,2,10,38
1760,2,8,36,2,6,26
1761,5,21,93,3,14,66
1762,3,10,43,2,8,29
1763,2,7,23,2,6,20
1764,2,7,25,2,6,20
1765,2,12,46,2,6,31
1766,2,13,55,2,6,33
1767,1,8,32,1,3,19
1768,1,8,32,1,3,19
1769,3,16,84,3,12,59
1770,1,3,11,1,2,6
1771,2,8,30,1,4,18
1772,3,11,46,2,10,36
1773,5,19,88,2,14,57
1774,2,9,36,2,6,26
1775,2,9,35,2,6,26
1776,3,18,98,3,11,58
1777,3,11,50,2,9,34
1778,2,7,24,2,6,21
1779,2,6,18,2,5,15
1780,3,9,32,2,8,25
1781,2,9,38,2,7,27
1782,2,10,41,2,6,28
1783,3,14,63,3,11,44
1784,5,19,79,3,13,56
1785,1,4,17,1,3,11
1786,2,5,14,1,4,11
1787,1,3,8,1,2,6
1788,1,4,21,1,3,11
1789,1,3,17,1,2,7
1790,2,14,77,2,9,48
1791,3,9,32,2,8,26
1792,2,8,27,2,6,21
1793,2,7,22,2,6,20
1794,2,6,18,2,6,18
1795,3,12,52,2,9,36
1796,1,4,16,1,3,12
1797,2,7,31,2,6,23
1798,1,8,38,1,4,25
1799,4,19,85,3,14,65
1800,3,13,58,3,11,47
1801,2,11,56,2,7,36
1802,3,10,37,2,8,28
1803,4,15,64,2,11,41
1804,2,7,31,1,5,18
1805,2,12,57,2,7,35
1806,2,14,62,2,7,39
1807,1,6,25,1,3,15
1808,2,8,37,2,6,24
1809,2,7,35,2,6,23
1810,3,9,41,2,7,23
1811,2,8,30,2,6,23
1812,1,4,13,1,3,10
1813,6,19,92,2,14,53
1814,2,6,21,2,6,18
1815,2,6,18,2,6,18
1816,2,9,29,2,6,23
1817,2,8,46,2,6,26
1818,1,6,25,1,4,17
1819,2,12,44,2,6,31
1820,2,16,58,2,6,38
1821,2,11,47,2,6,30
1822,2,11,57,2,7,34
1823,3,17,77,3,12,62
1824,4,19,90,3,15,71
1825,2,9,42,2,6,27
1826,2,9,42,2,6,27
1827,3,10,36,2,7,27
1828,2,6,25,1,4,14
1829,2,15,65,2,6,37
1830,2,16,68,2,6,39
1831,2,14,61,2,6,35
1832,2,14,61,2,6,35
1833,2,16,67,2,6,39
1834,2,15,65,2,6,37
1835,2,14,59,2,6,35
1836,2,14,59,2,6,35
1837,2,11,55,2,7,33
1838,2,11,55,2,7,33
1839,7,26,133,3,20,89
1840,1,6,25,1,3,16
1841,1,6,25,1,3,16
1842,2,9,38,2,6,26
1843,2,11,47,2,7,34
1844,4,19,89,3,14,68
1845,2,11,50,2,7,36
1846,2,6,18,2,6,18
1847,2,15,73,2,8,44
1848,3,12,52,2,9,36
1849,3,13,59,2,10,42
1850,2,9,39,2,6,26
1851,1,5,19,1,3,12
1852,2,8,28,2,6,21
1853,1,7,30,1,4,20
1854,1,3,9,1,2,6
1855,2,6,25,1,4,15
1856,5,21,110,3,17,78
1857,2,8,31,2,6,21
1858,4,14,52,2,10,37
1859,1,5,19,1,3,12
1860,4,12,45,2,10,34
1861,2,8,26,2,6,22
1862,2,8,26,2,6,22
1863,2,8,26,2,6,22
1864,3,10,43,2,8,29
1865,1,4,14,1,3,11
1866,3,9,36,2,7,24
1867,6,20,99,2,15,58
1868,1,10,56,1,4,31
1869,2,14,77,2,7,42
1870,2,13,65,2,7,40
1871,2,6,21,2,6,18
1872,1,4,14,1,3,10
1873,3,11,53,2,9,33
1874,4,17,69,3,12,53
1875,3,11,50,2,8,32
1876,5,23,108,3,17,76
1877,1,4,15,1,3,11
1878,1,5,19,1,3,13
1879,2,9,31,2,6,23
1880,1,4,14,1,3,11
1881,2,7,23,2,6,20
1882,2,6,19,2,6,18
1883,2,9,36,2,7,27
1884,4,14,55,2,10,38
1885,2,8,30,2,6,22
1886,2,10,34,2,6,25
1887,2,10,40,2,6,25
1888,2,9,30,1,4,19
1889,2,10,34,2,6,25
1890,1,10,54,1,5,30
1891,4,12,51,2,9,32
1892,2,8,34,2,6,23
1893,2,8,29,2,6,22
1894,2,11,41,2,6,27
1895,7,20,106,2,15,54
1896,2,10,40,2,6,26
1897,2,7,27,2,6,21
1898,3,13,50,2,9,36
1899,2,7,26,2,6,21
1900,2,5,15,1,4,11
1901,1,3,8,1,2,6
1902,1,8,28,1,3,18
1903,2,15,54,2,6,35
1904,2,14,49,2,6,33
1905,2,11,37,2,6,27
1906,2,11,39,2,6,27
1907,2,8,27,2,6,22
1908,4,12,46,2,10,34
1909,2,7,27,2,6,21
1910,2,8,31,1,4,19
1911,1,3,11,1,2,6
1912,2,8,28,2,6,24
1913,2,6,21,2,6,18
1914,4,14,62,2,12,45
1915,5,26,111,3,14,70
1916,3,20,86,2,10,51
1917,1,10,45,1,4,24
1918,2,13,58,2,7,34
1919,3,16,64,2,8,38
1920,2,13,54,2,7,33
1921,1,10,45,1,4,24
1922,2,12,50,1,5,27
1923,2,6,19,2,6,18
1924,2,6,19,2,6,18
1925,2,7,22,2,6,19
1926,2,6,19,2,6,18
1927,2,6,20,2,6,18
1928,2,7,25,2,6,22
1929,2,7,23,2,6,20
1930,3,12,48,2,8,32
1931,2,7,25,2,6,20
1932,2,10,41,2,6,26
1933,2,8,36,2,6,23
1934,2,6,21,2,6,18
1935,1,4,16,1,2,8
1936,1,4,16,1,2,8
1937,2,6,21,2,6,18
1938,2,6,21,2,6,18
1939,2,10,46,2,7,29
1940,6,23,107,3,15,69
1941,3,11,48,2,9,36
1942,2,7,30,2,6,21
1943,3,14,58,3,11,45
1944,2,10,42,2,7,31
1945,2,7,27,2,6,21
1946,2,7,21,2,5,17
1947,2,5,15,1,4,11
1948,3,9,32,2,8,25
1949,1,4,20,1,3,11
1950,2,5,14,1,4,11
1951,1,3,8,1,2,6
1952,3,10,36,2,8,28
1953,3,11,41,2,8,31
1954,2,8,29,2,6,22
1955,2,7,24,2,6,20
1956,3,17,80,3,12,61
1957,3,17,84,3,12,62
1958,2,13,63,2,8,46
1959,4,19,97,3,14,70
1960,3,17,80,3,12,61
1961,3,17,84,3,12,62
1962,2,7,26,2,6,20
1963,3,13,48,2,8,35
1964,3,11,49,2,9,34
1965,2,6,20,2,6,18
1966,4,15,70,3,13,53
1967,3,12,46,2,9,37
1968,2,7,23,2,6,20
1969,3,10,34,2,8,28
1970,2,6,20,2,6,18
1971,2,13,52,2,6,33
1972,2,5,14,1,4,11
1973,1,3,8,1,2,6
1974,2,8,30,2,6,23
1975,2,7,24,2,6,20
1976,4,15,67,2,11,43
1977,1,4,14,1,3,10
1978,2,7,24,2,6,19
1979,4,18,88,3,14,63
1980,3,12,50,2,10,40
1981,3,16,73,3,12,59
1982,3,12,49,3,10,41
1983,2,8,30,2,6,24
1984,3,14,56,3,10,47
1985,3,11,50,2,10,37
1986,3,11,44,2,9,33
1987,5,20,98,3,18,75
1988,3,9,33,2,8,27
1989,2,9,34,2,7,27
1990,2,7,22,2,6,20
1991,2,8,29,2,6,22
1992,3,15,62,2,10,42
1993,3,12,49,2,10,39
1994,2,9,36,2,7,28
1995,1,3,8,1,2,6
1996,2,6,20,2,6,18
1997,2,7,25,2,6,22
1998,2,5,15,1,4,11
1999,2,7,23,2,5,17
2000,1,3,8,1,2,6
2001,2,10,45,2,7,32
2002,2,11,47,2,7,36
2003,3,9,31,2,8,26
2004,2,8,26,2,6,21
2005,2,7,23,2,6,20
2006,3,9,31,2,7,24
2007,3,15,67,3,12,54
2008,3,12,54,3,11,45
2009,2,6,19,2,6,18
2010,2,6,21,2,6,18
2011,2,6,19,2,6,18
2012,2,7,29,2,6,21
2013,2,7,29,2,6,21
2014,2,7,29,2,6,21
2015,5,21,91,3,15,66
2016,2,10,44,2,6,28
2017,4,17,72,3,13,55
2018,2,9,37,2,7,28
2019,2,6,22,2,6,18
2020,3,12,52,2,9,36
2021,2,7,25,2,6,21
2022,2,6,22,2,6,18
2023,2,6,25,2,6,19
2024,3,10,36,2,8,28
2025,2,7,25,2,6,20
2026,2,7,23,2,6,20
2027,3,12,47,2,8,33
2028,2,7,22,2,6,19
2029,2,6,22,2,6,18
2030,3,9,29,2,7,23
2031,2,7,20,2,5,16
2032,3,7,22,1,5,14
2033,2,6,25,2,6,17
2034,1,4,11,1,2,7
2035,2,5,15,1,4,11
2036,1,3,8,1,2,6
2037,2,6,18,2,6,18
2038,2,6,21,2,6,18
2039,2,6,21,2,6,18
2040,2,9,34,2,6,24
2041,2,8,35,2,6,25
2042,3,12,47,2,9,36
2043,1,5,17,1,3,12
2044,2,9,31,2,6,23
2045,1,3,18,1,2,6
2046,3,15,66,3,12,54
2047,1,5,23,1,4,18
2048,2,6,21,2,6,18
2049,2,6,24,2,6,19
2050,2,9,32,2,6,24
2051,5,15,66,2,12,42
2052,2,8,29,2,6,21
2053,2,6,22,2,6,18
2054,2,8,26,2,6,22
2055,2,8,28,2,6,24
2056,3,13,56,2,9,36
2057,2,10,45,2,7,29
2058,3,12,52,2,9,35
2059,3,12,50,2,10,41
2060,1,6,24,1,3,13
2061,5,18,79,2,10,44
2062,1,6,24,1,3,13
2063,2,9,37,2,6,26
2064,2,7,25,2,6,20
2065,2,6,18,2,6,18
2066,2,7,26,2,6,22
2067,3,13,57,2,10,44
2068,3,13,55,3,11,46
2069,3,13,62,3,12,50
2070,2,9,39,2,7,28
2071,3,11,41,2,9,33
2072,2,6,23,2,6,19
2073,2,7,25,2,6,21
2074,2,10,39,2,7,28
2075,2,6,26,2,6,19
2076,2,7,29,2,6,20
2077,2,8,37,2,6,24
2078,3,9,34,2,8,27
2079,2,5,15,1,4,11
2080,2,7,20,2,5,16
2081,1,3,8,1,2,6
2082,1,4,12,1,3,10
2083,2,12,49,2,6,27
2084,1,3,8,1,2,6
2085,2,5,20,1,4,12
2086,2,7,30,2,5,18
2087,2,5,15,1,4,11
2088,2,8,27,2,6,22
2089,4,12,48,2,10,34
2090,2,5,18,1,4,11
2091,1,3,8,1,2,6
2092,2,7,25,2,6,21
2093,1,3,8,1,2,6
2094,2,5,24,1,4,11
2095,2,10,39,2,7,28
2096,1,6,25,1,3,14
2097,2,10,40,2,6,26
2098,2,9,34,2,6,24
2099,3,12,52,2,9,37
2100,2,9,43,2,7,30
2101,3,14,57,2,9,37
2102,2,6,21,2,6,18
2103,2,6,18,2,6,18
2104,2,9,36,2,6,26
2105,1,3,12,1,2,6
2106,1,5,19,1,3,13
2107,2,10,40,2,7,28
2108,2,6,24,2,6,19
2109,2,6,18,1,4,13
2110,2,6,24,2,6,18
2111,2,9,30,2,6,24
2112,2,9,30,2,6,24
2113,2,8,31,2,7,25
2114,2,6,21,2,6,19
2115,2,8,31,2,6,21
2116,1,5,17,1,3,12
2117,2,7,23,2,6,20
2118,2,6,20,2,6,18
2119,2,8,25,2,6,21
2120,2,6,24,1,4,13
2121,2,6,21,2,6,18
2122,2,7,23,2,6,20
2123,3,9,33,2,8,26
2124,2,7,25,2,6,21
2125,2,7,23,2,6,20
2126,2,7,29,2,6,22
2127,1,3,9,1,2,6
2128,2,6,23,2,6,18
2129,5,21,105,3,17,73
2130,3,12,52,2,9,37
2131,3,11,44,2,9,34
2132,3,10,41,2,9,31
2133,3,11,42,2,8,32
2134,2,8,28,2,6,22
2135,2,6,23,2,6,18
2136,2,10,34,2,6,26
2137,2,9,32,2,6,26
2138,2,9,31,2,6,25
2139,1,4,11,1,2,7
2140,2,6,19,2,6,18
2141,3,12,43,2,8,29
2142,2,8,33,2,6,23
2143,4,12,45,2,8,29
2144,3,11,39,2,7,26
2145,3,9,33,2,7,25
2146,4,11,43,2,9,31
2147,1,5,16,1,3,12
2148,2,8,25,2,6,21
2149,3,11,44,2,9,34
2150,2,7,23,2,6,20
2151,2,7,25,2,6,21
2152,3,10,35,2,8,27
2153,2,8,30,2,6,22
2154,2,8,30,2,6,22
2155,1,3,9,1,2,6
2156,1,3,9,1,2,6
2157,2,6,25,1,4,14
2158,2,7,23,2,6,20
2159,3,9,33,2,8,26
2160,3,9,32,2,8,26
2161,2,6,22,2,6,19
2162,1,7,31,1,4,19
2163,4,17,76,2,11,47
2164,1,3,9,1,2,6
2165,2,8,27,2,6,22
2166,2,6,19,2,6,18
2167,2,7,23,2,6,20
2168,2,10,40,2,6,28
2169,1,5,17,1,3,11
2170,1,5,17,1,3,11
2171,2,10,36,2,6,28
2172,2,6,18,2,6,18
2173,1,4,13,1,3,10
2174,1,3,10,1,2,7
2175,2,8,28,2,6,22
2176,2,6,20,2,6,18
2177,2,8,31,2,6,24
2178,3,14,64,3,11,49
2179,1,3,10,1,2,7
2180,2,7,23,2,6,20
2181,2,8,29,2,6,24
2182,1,3,9,1,2,6
2183,2,6,18,2,6,18
2184,2,10,36,2,6,27
2185,2,8,35,2,6,23
2186,2,10,36,2,6,27
2187,1,3,9,1,2,6
2188,5,14,59,2,11,38
2189,2,11,45,2,6,29
2190,3,14,56,2,8,38
2191,3,9,35,2,7,25
2192,3,10,38,2,8,29
2193,2,8,31,2,6,24
2194,2,8,30,2,6,23
2195,3,14,62,3,11,48
2196,2,11,43,2,7,33
2197,4,11,47,2,9,32
2198,2,7,28,2,6,21
2199,2,7,21,2,5,17
2200,2,5,15,1,4,11
2201,2,9,33,2,6,25
2202,2,6,23,2,6,18
2203,1,3,8,1,2,6
2204,3,10,37,2,8,28
2205,3,8,29,2,7,22
2206,2,8,30,2,6,24
2207,2,8,32,2,7,25
2208,2,10,36,2,6,26
2209,2,9,29,2,6,23
2210,1,6,20,1,3,14
2211,1,3,8,1,2,6
2212,1,4,12,1,3,10
2213,2,10,37,2,6,27
2214,3,14,63,3,11,50
2215,3,16,68,3,11,56
2216,2,7,23,2,6,20
2217,2,12,49,2,7,35
2218,4,19,87,3,14,62
2219,3,17,72,3,11,54
2220,2,12,49,2,7,36
2221,2,12,48,2,7,36
2222,2,12,48,2,7,36
2223,2,9,35,2,6,25
2224,3,10,38,2,8,29
2225,1,4,14,1,3,11
2226,2,6,23,2,6,18
2227,1,3,9,1,2,6
2228,3,10,36,2,8,27
2229,2,6,18,1,4,13
2230,1,3,9,1,2,6
2231,3,11,39,2,7,28
2232,2,9,33,2,6,25
2233,2,7,23,2,6,20
2234,2,10,36,2,6,27
2235,1,4,13,1,3,10
2236,2,7,26,2,6,21
2237,1,4,18,1,3,11
2238,1,4,15,1,3,10
2239,1,3,10,1,2,6
2240,3,15,68,3,12,56
2241,2,8,34,2,6,22
2242,4,12,57,2,10,34
2243,3,11,45,2,8,33
2244,2,6,20,1,4,14
2245,1,3,9,1,2,6
2246,1,4,13,1,3,10
2247,3,10,51,2,9,34
2248,4,13,60,2,10,36
2249,1,4,15,1,2,9
2250,1,4,15,1,2,9
2251,3,11,54,2,8,30
2252,3,13,54,3,10,42
2253,3,11,44,2,9,33
2254,3,11,47,2,9,34
2255,2,9,32,2,6,25
2256,2,6,26,2,6,18
2257,2,6,26,2,6,18
2258,3,10,42,2,8,32
2259,1,3,15,1,2,7
2260,3,10,35,2,8,27
2261,3,10,34,2,7,26
2262,2,11,43,2,7,33
2263,2,8,27,2,6,21
2264,2,8,31,2,6,24
2265,1,5,16,1,3,12
2266,1,4,14,1,3,10
2267,1,4,13,1,3,10
2268,1,5,21,1,3,14
2269,1,5,21,1,3,14
2270,2,7,23,2,6,19
2271,1,4,14,1,3,11
2272,1,5,20,1,3,12
2273,1,5,20,1,3,12
2274,1,4,15,1,3,10
2275,2,6,22,2,6,19
2276,1,4,13,1,2,8
2277,1,3,11,1,2,7
2278,1,3,17,1,2,8
2279,2,6,18,2,6,18
2280,2,6,18,2,6,18
2281,2,6,25,2,6,19
2282,2,6,19,2,6,18
2283,2,6,22,2,6,18
2284,2,8,36,2,6,23
2285,2,8,36,2,6,23
2286,1,14,58,1,4,34
2287,13,44,312,3,30,140
2288,2,7,28,2,6,22
2289,3,15,66,2,10,47
2290,2,6,30,2,6,19
2291,2,6,25,2,6,20
2292,2,13,55,2,8,38
2293,2,6,23,2,6,19
2294,4,22,94,2,11,59
2295,2,9,38,2,7,28
2296,3,12,48,2,8,33
2297,4,17,68,3,13,55
2298,2,8,31,2,6,23
2299,4,15,63,2,11,44
2300,2,8,32,2,6,23
2301,2,9,43,2,6,27
2302,3,17,74,2,10,49
2303,4,17,70,2,11,47
2304,2,6,19,2,6,18
2305,2,6,19,2,6,18
2306,2,7,22,2,6,20
2307,2,7,24,2,6,21
2308,3,9,30,2,8,26
2309,2,8,36,2,7,26
2310,4,21,93,3,13,64
2311,6,23,130,3,18,78
2312,3,18,78,3,11,54
2313,5,16,87,2,12,49
2314,1,4,20,1,3,14
2315,3,16,101,2,11,59
2316,9,38,229,3,24,124
2317,6,39,200,3,20,119
2318,2,16,79,2,7,45
2319,1,10,48,1,4,28
2320,2,16,79,2,7,45
2321,3,16,75,2,9,46
2322,2,13,58,2,7,37
2323,2,14,68,2,7,40
2324,5,25,127,2,14,72
2325,3,20,99,2,10,56
2326,9,32,189,3,20,99
2327,3,13,88,2,9,43
2328,8,45,276,4,31,168
2329,5,39,220,4,22,137
2330,2,8,38,2,6,24
2331,2,7,29,2,6,21
2332,3,16,62,2,9,41
2333,2,6,21,2,6,18
2334,1,3,8,1,2,6
2335,2,5,14,1,4,11
2336,2,6,20,2,6,18
2337,2,7,24,2,6,20
2338,2,7,29,2,6,21
2339,2,6,17,2,5,15
2340,3,11,40,2,8,31
2341,3,12,57,2,9,38
2342,3,14,57,2,9,41
2343,2,7,29,2,6,22
2344,2,7,30,2,6,21
2345,7,29,147,3,20,94
2346,2,6,21,2,6,17
2347,6,27,141,3,16,89
2348,6,27,145,3,17,92
2349,3,23,131,3,14,85
2350,4,27,150,3,15,93
2351,3,22,116,3,13,76
2352,1,6,23,1,3,14
2353,5,17,72,2,11,46
2354,1,6,23,1,3,14
2355,2,9,32,2,6,23
2356,5,22,105,3,15,68
2357,2,7,25,1,4,16
2358,4,15,64,2,10,41
2359,1,3,10,1,2,6
2360,2,8,26,2,6,22
2361,4,12,47,2,10,34
2362,2,6,27,2,6,19
2363,3,12,55,2,10,40
2364,4,22,94,3,13,65
2365,3,14,62,3,11,45
2366,2,7,27,2,6,22
2367,9,36,201,4,24,123
2368,2,8,37,2,7,26
2369,4,16,72,2,11,47
2370,2,9,32,2,6,24
2371,3,11,40,2,8,30
2372,2,6,17,2,5,15
2373,2,6,21,2,6,17
2374,2,5,14,1,4,11
2375,3,15,66,2,9,42
2376,3,15,61,2,9,42
2377,7,24,142,3,18,79
2378,2,12,51,2,6,32
2379,2,7,24,2,6,20
2380,2,7,23,2,6,20
2381,3,10,36,2,8,28
2382,4,19,83,2,12,56
2383,1,5,24,1,3,15
2384,3,15,65,3,11,47
2385,2,8,34,2,6,24
2386,1,10,46,1,5,29
2387,1,10,46,1,5,29
2388,2,13,56,2,8,38
2389,4,25,118,3,14,78
2390,6,36,191,4,24,123
2391,2,7,29,2,6,22
2392,2,7,34,2,6,21
2393,3,20,82,2,9,51
2394,2,7,25,2,6,20
2395,2,11,43,2,6,29
2396,2,8,35,2,6,23
2397,7,24,136,2,17,73
2398,3,9,31,2,8,26
2399,2,17,72,2,7,44
2400,4,13,59,2,10,37
2401,1,7,34,1,4,20
2402,1,7,34,1,4,20
2403,1,7,34,1,4,20
2404,4,21,97,3,13,63
2405,2,7,25,2,6,20
2406,2,15,65,2,7,40
2407,2,8,38,2,6,23
2408,2,7,24,2,6,20
2409,3,10,38,2,8,30
2410,2,9,32,2,6,24
2411,2,6,21,2,6,18
2412,5,16,86,2,10,41
2413,4,25,98,2,10,59
2414,1,6,22,1,3,13
2415,1,6,22,1,3,13
2416,2,10,49,2,6,25
2417,3,23,93,2,9,55
2418,1,5,30,1,3,13
2419,2,8,40,2,6,22
2420,2,6,20,2,6,18
2421,1,3,9,1,2,6
2422,2,6,22,1,4,14
2423,3,13,54,2,8,33
2424,4,22,94,3,11,59
2425,3,11,48,2,8,33
2426,1,4,15,1,3,11
2427,4,16,68,2,11,47
2428,3,17,73,3,11,52
2429,2,7,30,2,6,21
2430,2,13,52,2,7,33
2431,3,10,37,2,8,28
2432,2,9,33,2,6,24
2433,1,4,23,1,3,12
2434,3,19,95,2,9,54
2435,4,13,58,2,9,35
2436,2,16,70,2,7,43
2437,2,16,70,2,7,42
2438,2,11,49,2,7,31
2439,5,23,113,3,14,68
2440,2,8,31,2,6,23
2441,2,7,25,2,6,21
2442,2,17,78,2,7,44
2443,2,17,78,2,7,44
2444,2,11,49,2,7,33
2445,2,6,21,2,6,18
2446,2,7,22,2,6,20
2447,2,8,27,2,6,21
2448,2,21,88,2,8,56
2449,1,7,34,1,4,21
2450,1,7,34,1,4,21
2451,2,10,48,2,7,32
2452,2,8,29,2,6,22
2453,2,8,29,2,6,22
2454,1,5,27,1,4,15
2455,3,12,69,2,9,36
2456,2,8,27,2,6,22
2457,2,9,44,2,6,26
2458,2,7,30,2,6,21
2459,3,16,75,3,12,57
2460,2,15,62,2,7,42
2461,2,13,51,2,7,33
2462,1,10,42,1,4,24
2463,1,10,42,1,4,24
2464,1,10,42,1,4,24
2465,2,9,31,2,6,24
2466,2,9,31,2,6,24
2467,1,4,19,1,3,11
2468,3,15,70,2,8,43
2469,2,16,64,2,7,42
2470,2,16,64,2,7,42
2471,3,10,38,2,8,28
2472,1,5,18,1,3,12
2473,3,12,52,2,8,32
2474,2,8,29,2,6,23
2475,2,11,52,2,7,32
2476,2,17,72,2,7,44
2477,2,8,28,1,4,18
2478,5,17,75,2,12,47
2479,1,3,11,1,2,6
2480,2,9,33,2,6,24
2481,2,7,25,2,6,20
2482,2,22,90,2,8,56
2483,2,9,34,2,6,24
2484,2,7,36,2,6,22
2485,2,9,32,2,6,24
2486,2,11,40,2,6,27
2487,4,12,46,2,9,31
2488,3,11,40,2,8,30
2489,2,18,75,2,7,46
2490,2,18,75,2,7,46
2491,2,17,67,2,7,43
2492,2,20,80,2,7,49
2493,5,20,83,3,13,57
2494,1,4,17,1,3,12
2495,3,13,66,2,9,40
2496,2,10,40,2,7,30
2497,1,6,22,1,3,15
2498,1,6,22,1,3,15
2499,1,8,37,1,4,24
2500,4,23,116,3,15,79
2501,2,11,46,2,7,33
2502,5,24,116,3,16,77
2503,4,20,83,3,12,58
2504,3,18,83,3,11,57
2505,4,15,58,2,9,38
2506,1,3,8,1,2,6
2507,2,9,30,2,6,23
2508,5,15,61,2,11,41
2509,2,6,23,2,6,18
2510,1,4,21,1,3,12
2511,3,17,85,2,9,49
2512,6,35,204,3,21,114
2513,7,29,149,3,16,82
2514,8,43,257,3,25,139
2515,6,30,185,3,20,114
2516,2,8,30,2,6,22
2517,3,10,41,2,8,30
2518,3,12,53,2,8,34
2519,3,23,127,3,11,71
2520,7,37,215,3,21,116
2521,10,59,374,4,33,197
2522,3,8,39,1,6,21
2523,2,23,117,2,8,65
2524,9,38,288,3,24,123
2525,12,56,390,3,33,180
2526,1,10,56,1,5,31
2527,9,46,297,4,26,161
2528,2,5,15,1,4,11
2529,2,7,21,2,5,16
2530,1,3,8,1,2,6
2531,3,9,37,2,7,24
2532,2,6,25,1,4,14
2533,3,16,85,2,8,48
2534,1,3,9,1,2,6
2535,12,57,402,3,35,188
2536,3,28,156,3,12,89
2537,3,19,92,2,9,57
2538,3,32,182,3,13,103
2539,5,34,166,3,15,97
2540,3,22,108,3,11,67
2541,3,28,142,3,10,80
2542,3,27,140,2,10,80
2543,12,75,490,6,40,287
2544,3,28,164,2,12,90
2545,2,15,75,1,5,42
2546,2,17,84,2,7,49
2547,3,20,97,2,9,57
2548,3,17,85,3,11,56
2549,6,29,135,3,17,86
2550,3,11,48,2,9,33
2551,5,28,159,3,19,103
2552,3,12,73,2,9,41
2553,1,13,58,1,4,31
2554,12,45,317,3,27,142
2555,1,13,58,1,4,31
2556,3,25,117,3,11,68
2557,5,43,260,4,22,142
2558,8,53,325,3,27,172
2559,3,18,76,2,8,44
2560,2,17,78,2,7,44
2561,2,17,78,2,7,43
2562,1,13,58,1,4,31
2563,1,13,58,1,4,31
2564,3,28,133,2,9,72
2565,3,19,78,2,8,45
2566,3,28,125,3,11,67
2567,4,16,86,2,10,44
2568,3,11,56,2,8,31
2569,1,6,28,1,4,19
2570,5,22,112,3,15,67
2571,1,6,28,1,4,19
2572,5,28,140,3,15,83
2573,4,18,77,3,12,53
2574,6,32,150,4,17,93
2575,5,16,75,2,12,47
2576,1,6,22,1,3,15
2577,3,14,56,3,9,39
2578,1,6,22,1,3,15
2579,4,22,107,3,13,67
2580,2,11,49,2,7,32
2581,3,15,73,2,9,45
2582,8,40,219,3,24,127
2583,1,4,19,1,3,12
2584,3,18,79,2,9,48
2585,7,24,136,3,17,76
2586,7,33,178,3,19,96
2587,1,4,22,1,3,12
2588,6,31,179,3,21,110
2589,3,18,94,3,12,66
2590,5,28,140,4,18,97
2591,5,27,147,3,19,96
2592,2,14,74,2,7,41
2593,3,22,116,2,10,63
2594,7,37,211,3,22,120
2595,3,10,58,2,8,30
2596,5,26,131,2,12,67
2597,1,6,32,1,3,15
2598,6,24,120,2,14,63
2599,10,45,292,3,25,144
2600,2,17,88,2,7,44
2601,2,13,63,2,6,32
2602,3,22,124,3,12,72
2603,5,37,208,4,21,128
2604,9,53,335,4,31,194
2605,5,12,58,1,8,28
2606,1,5,30,1,4,18
2607,4,25,136,3,14,84
2608,3,18,103,3,12,63
2609,7,29,154,3,21,103
2610,4,18,92,3,13,65
2611,3,12,63,2,9,39
2612,6,35,193,4,24,133
2613,3,15,72,2,10,50
2614,2,12,65,2,9,46
2615,3,27,151,3,13,84
2616,9,56,335,5,29,186
2617,1,7,38,1,4,25
2618,4,22,114,3,14,77
2619,3,19,105,3,12,71
2620,3,26,144,2,11,77
2621,2,23,135,2,10,72
2622,7,37,198,3,21,110
2623,3,17,91,2,10,51
2624,5,27,145,3,17,89
2625,4,25,131,3,14,79
2626,3,17,91,3,11,57
2627,3,17,85,2,9,49
2628,1,4,21,1,3,12
2629,3,17,89,2,9,52
2630,1,4,14,1,3,10
2631,3,10,48,2,7,27
2632,3,15,82,2,9,44
2633,4,16,86,2,11,54
2634,4,23,127,3,15,80
2635,1,5,21,1,3,14
2636,1,5,21,1,3,14
2637,5,28,128,3,17,87
2638,3,14,70,3,12,53
2639,4,13,59,2,9,38
2640,3,14,70,3,12,53
2641,3,14,70,3,12,53
2642,1,11,56,1,4,29
2643,1,11,56,1,4,29
2644,3,19,106,2,10,60
2645,6,30,160,3,16,93
2646,1,4,23,1,3,13
2647,3,16,103,2,9,52
2648,3,17,105,2,9,55
2649,1,4,23,1,3,12
2650,3,12,62,3,10,38
2651,3,17,88,2,9,48
2652,8,33,188,3,21,99
2653,1,4,21,1,3,12
2654,3,15,72,3,10,46
2655,3,15,69,2,10,44
2656,3,15,69,2,10,44
2657,6,27,123,3,16,72
2658,7,32,169,3,18,98
2659,5,29,153,3,18,89
2660,3,19,91,2,10,52
2661,3,18,78,2,9,47
2662,1,8,40,1,4,22
2663,3,21,102,3,12,65
2664,2,7,29,2,6,22
2665,2,7,29,2,6,22
2666,2,14,70,2,8,43
2667,7,35,202,4,22,128
2668,5,21,101,2,13,61
2669,3,8,26,1,5,16
2670,3,10,39,2,7,26
2671,1,4,12,1,2,7
2672,1,4,12,1,2,7
2673,1,4,14,1,3,10
2674,2,7,31,2,5,19
2675,4,20,92,3,13,61
2676,5,27,135,3,16,80
2677,5,23,110,3,16,75
2678,3,11,44,2,8,30
2679,3,11,44,2,8,30
2680,3,22,120,3,12,75
2681,3,14,74,2,8,45
2682,3,16,86,2,9,52
2683,3,22,131,3,12,78
2684,2,19,102,2,8,54
2685,6,35,195,4,23,128
2686,2,6,35,1,4,17
2687,5,24,116,2,13,66
2688,2,13,61,2,6,33
2689,2,9,42,2,6,25
2690,2,9,42,2,6,25
2691,3,13,62,2,8,38
2692,2,19,105,2,8,58
2693,2,12,66,2,7,37
2694,4,13,57,1,7,30
2695,4,19,88,3,13,58
2696,2,12,58,2,7,36
2697,7,33,203,3,23,118
2698,1,3,8,1,2,6
2699,2,5,18,1,4,12
2700,3,18,78,3,11,53
2701,4,15,73,3,12,49
2702,3,12,57,2,9,36
2703,3,17,73,2,9,46
2704,3,19,80,2,9,50
2705,1,9,42,1,4,25
2706,1,9,42,1,4,25
2707,3,27,166,3,15,106
2708,8,53,364,5,37,239
2709,1,5,18,1,2,9
2710,1,5,18,1,2,9
2711,1,5,18,1,2,9
2712,4,22,133,3,15,85
2713,4,19,89,2,10,51
2714,2,7,29,1,4,16
2715,3,12,54,2,8,34
2716,1,5,24,1,3,13
2717,3,18,92,3,12,64
2718,3,20,107,2,10,63
2719,9,50,336,4,30,176
2720,7,33,203,3,20,114
2721,1,4,24,1,3,13
2722,6,24,133,3,16,85
2723,8,45,262,4,30,168
2724,4,22,117,3,14,77
2725,1,7,31,1,4,20
2726,1,7,31,1,4,20
2727,3,21,112,3,13,73
2728,1,7,31,1,4,20
2729,3,20,86,3,12,57
2730,1,8,32,1,4,21
2731,1,8,32,1,4,21
2732,6,28,158,3,18,91
2733,3,15,75,2,8,43
2734,3,16,77,2,8,44
2735,1,4,19,1,3,11
2736,8,44,255,4,23,138
2737,4,15,70,2,10,44
2738,3,14,65,2,9,41
2739,3,15,90,2,9,48
2740,3,9,33,1,6,20
2741,4,16,67,3,10,43
2742,1,4,13,1,2,8
2743,1,4,13,1,2,8
2744,1,4,16,1,2,8
2745,3,12,49,1,6,26
2746,1,4,16,1,2,8
2747,4,16,76,2,11,46
2748,1,5,21,1,3,14
2749,1,5,21,1,3,14
2750,1,3,10,1,2,7
2751,2,7,26,1,5,18
2752,4,22,135,3,16,94
2753,2,16,88,2,8,49
2754,5,26,143,2,15,82
2755,2,14,75,2,8,45
2756,1,6,32,1,3,18
2757,3,12,49,1,6,26
2758,1,4,16,1,2,8
2759,1,4,16,1,2,8
2760,1,8,37,1,4,20
2761,3,30,186,3,15,103
2762,10,64,419,4,35,223
2763,8,46,288,4,27,167
2764,3,14,65,2,9,40
2765,1,6,34,1,4,19
2766,5,42,236,3,19,121
2767,3,25,131,2,10,70
2768,4,22,112,3,14,70
2769,2,11,58,1,6,31
2770,2,13,68,2,8,39
2771,3,15,74,2,9,43
2772,1,7,35,1,4,22
2773,7,34,214,3,22,118
2774,1,4,15,1,3,11
2775,3,11,42,2,8,30
2776,2,9,42,1,5,23
2777,2,11,55,2,7,32
2778,3,16,85,2,10,52
2779,5,22,124,2,14,76
2780,5,21,129,3,16,82
2781,7,38,233,4,26,141
2782,4,25,135,3,16,90
2783,10,76,480,5,33,244
2784,5,41,234,4,20,141
2785,4,24,161,3,16,92
2786,7,31,195,3,24,122
2787,4,20,97,3,13,68
2788,4,24,136,3,16,90
2789,5,34,207,4,22,136
2790,9,53,353,5,33,211
2791,2,19,117,2,11,74
2792,2,8,40,2,7,27
2793,3,12,52,2,9,37
2794,3,12,52,2,9,37
2795,2,9,47,2,7,33
2796,6,34,193,3,18,109
2797,4,33,224,3,18,119
2798,3,20,122,2,10,66
2799,3,20,122,2,10,66
2800,3,30,202,3,15,107
2801,2,21,131,2,10,71
2802,3,12,56,2,7,32
2803,2,10,49,2,6,28
2804,1,4,14,1,3,10
2805,3,10,48,2,7,29
2806,4,17,86,2,12,57
2807,3,17,87,2,9,46
2808,3,16,85,2,9,50
2809,2,14,71,2,7,37
2810,3,24,133,3,14,86
2811,7,36,230,3,21,129
2812,2,18,101,2,9,59
2813,2,21,127,2,9,69
2814,2,21,127,2,9,69
2815,1,4,12,1,3,9
2816,3,8,26,2,6,19
2817,2,8,29,2,6,20
2818,5,30,187,2,16,99
2819,7,42,259,4,24,147
2820,5,40,234,3,19,128
2821,1,14,89,1,6,45
2822,5,30,171,2,14,91
2823,2,20,125,2,9,64
2824,3,23,133,3,14,84
2825,3,17,88,3,11,56
2826,5,43,281,3,21,152
2827,1,8,41,1,4,24
2828,3,14,68,2,9,43
2829,2,24,118,2,8,62
2830,2,23,117,2,8,65
2831,3,22,112,2,9,64
2832,3,22,112,2,9,64
2833,3,22,112,2,9,64
2834,2,24,118,2,8,62
2835,1,10,50,1,4,25
2836,1,10,50,1,4,25
2837,2,19,98,2,8,54
2838,1,10,50,1,4,25
2839,1,6,27,1,4,20
2840,1,6,27,1,4,20
2841,2,19,106,2,9,64
2842,2,19,106,2,9,64
2843,1,8,44,1,4,25
2844,1,8,44,1,4,25
2845,8,42,270,4,28,163
2846,1,4,22,1,3,12
2847,19,89,744,5,54,344
2848,2,24,130,2,9,72
2849,4,34,224,3,16,114
2850,2,26,158,2,10,85
2851,2,26,152,2,10,81
2852,3,33,202,2,13,103
2853,3,33,202,2,13,103
2854,3,33,202,2,13,103
2855,7,56,361,5,31,210
2856,3,27,154,2,11,84
2857,5,37,199,3,17,111
2858,2,25,148,2,10,80
2859,1,20,109,1,6,60
2860,3,34,222,3,16,122
2861,10,56,372,3,30,190
2862,2,27,165,2,11,88
2863,2,31,176,2,10,94
2864,6,49,308,4,23,164
2865,13,56,419,3,30,176
2866,10,49,347,3,29,160
2867,3,16,113,2,10,53
2868,3,18,104,3,13,69
2869,4,24,132,3,15,87
2870,4,25,137,3,17,94
2871,7,37,203,4,24,127
2872,1,8,41,1,4,23
2873,1,8,41,1,4,23
2874,3,20,114,3,13,74
2875,2,18,104,2,9,63
2876,9,65,438,6,42,285
2877,3,22,144,2,13,89
2878,4,13,61,2,10,38
2879,3,14,57,2,9,38
2880,2,16,78,2,7,46
2881,2,9,30,2,6,23
2882,2,9,30,2,6,23
2883,2,6,21,1,4,13
2884,1,4,16,1,3,10
2885,4,14,59,2,9,36
2886,2,7,24,1,4,15
2887,2,10,35,2,6,24
2888,3,11,43,2,7,27
2889,1,4,18,1,3,11
2890,3,14,66,2,8,39
2891,1,3,9,1,2,6
2892,2,6,23,1,4,13
2893,3,14,63,2,7,36
2894,2,6,23,1,4,13
2895,1,4,13,1,3,9
2896,3,9,33,2,6,21
2897,1,3,9,1,2,6
2898,2,6,23,1,4,13
2899,3,14,63,2,7,36
2900,2,6,23,1,4,13
2901,1,3,9,1,2,6
2902,8,47,264,3,23,140
2903,6,32,190,3,19,105
2904,1,9,56,1,4,27
2905,1,9,56,1,4,27
2906,10,57,358,5,31,197
2907,3,27,163,3,14,87
2908,2,13,74,2,7,38
2909,3,14,78,2,8,41
2910,1,14,70,1,4,34
2911,3,25,138,2,10,68
2912,3,25,138,2,10,68
2913,1,14,70,1,4,34
2914,1,14,70,1,4,34
2915,1,14,70,1,4,34
2916,3,22,124,2,9,61
2917,2,10,44,2,6,26
2918,2,10,44,2,6,26
2919,5,19,99,3,13,56
2920,2,9,33,2,6,23
2921,1,6,25,1,4,17
2922,1,4,20,1,3,11
2923,1,5,27,1,4,18
2924,1,4,17,1,3,11
2925,3,28,186,3,14,101
2926,13,72,488,5,41,263
2927,5,29,171,3,17,101
2928,4,27,172,3,16,98
2929,2,25,142,2,10,76
2930,5,35,218,3,19,123
2931,8,47,292,4,29,172
2932,4,32,197,3,17,114
2933,2,25,156,2,11,85
2934,2,23,142,2,11,81
2935,2,25,142,2,10,76
2936,2,19,118,2,10,67
2937,3,25,153,3,14,88
2938,1,6,40,1,4,19
2939,1,4,15,1,3,11
2940,3,11,42,2,8,30
2941,1,4,13,1,3,10
2942,3,14,64,2,8,38
2943,3,14,70,2,9,44
2944,4,20,106,3,15,73
2945,2,19,111,2,10,63
2946,3,21,131,2,11,74
2947,3,21,131,2,11,74
2948,2,12,73,2,7,41
2949,1,4,21,1,3,12
2950,1,3,12,1,2,7
2951,3,17,85,2,9,51
2952,2,7,31,2,6,21
2953,3,16,80,2,9,51
2954,3,18,92,3,11,57
2955,3,17,94,3,12,62
2956,8,53,301,4,25,169
2957,3,21,112,2,10,68
2958,9,51,326,3,32,184
2959,4,17,91,2,10,48
2960,2,13,65,1,5,36
2961,2,6,25,1,4,14
2962,1,4,13,1,3,11
2963,3,9,32,2,8,26
2964,3,12,52,2,8,35
2965,3,12,52,2,8,35
2966,2,6,34,1,4,16
2967,1,5,23,1,4,16
2968,4,16,63,3,11,44
2969,3,19,89,2,8,52
2970,3,21,116,2,9,64
2971,3,19,96,2,9,57
2972,4,17,91,2,11,54
2973,5,19,99,3,12,57
2974,8,46,273,4,30,167
2975,2,7,34,1,5,22
2976,3,11,41,2,9,31
2977,3,8,44,1,6,20
2978,2,7,41,2,6,22
2979,1,7,39,1,5,22
2980,1,7,39,1,5,22
2981,2,7,21,2,5,16
2982,2,5,15,1,4,11
2983,3,9,30,2,7,22
2984,6,37,232,4,25,155
2985,2,10,41,2,6,27
2986,1,3,8,1,2,6
2987,2,5,15,1,4,11
2988,1,4,22,1,3,11
2989,2,9,44,2,6,24
2990,1,3,9,1,2,6
2991,1,4,15,1,3,12
2992,2,7,21,2,5,17
2993,1,4,18,1,3,12
2994,4,15,63,2,10,41
2995,1,5,20,1,4,16
2996,5,23,102,3,13,61
2997,1,5,20,1,3,13
2998,1,5,20,1,3,13
2999,8,24,124,2,13,56
3000,1,7,34,1,4,20
3001,1,7,34,1,4,20
3002,1,4,16,1,3,12
3003,4,19,76,2,9,41
3004,1,9,33,1,3,16
3005,1,9,33,1,3,16
3006,1,9,33,1,3,16
3007,1,9,33,1,3,16
3008,1,9,33,1,3,16
3009,1,9,33,1,3,16
3010,1,6,29,1,4,17
3011,1,5,24,1,3,12
3012,1,5,24,1,3,12
3013,2,8,32,2,6,22
3014,1,3,16,1,2,7
3015,2,14,89,2,10,63
3016,2,7,27,1,4,16
3017,1,3,10,1,2,6
3018,1,4,19,1,3,12
3019,8,54,344,5,34,224
3020,6,30,183,3,20,111
3021,1,7,37,1,4,24
3022,2,14,74,2,8,48
3023,1,4,12,1,2,8
3024,1,4,12,1,2,8
3025,5,33,213,4,23,136
3026,5,25,153,3,18,99
3027,2,12,70,2,9,50
3028,1,3,9,1,2,6
3029,2,6,22,2,6,18
3030,2,8,27,2,6,21
3031,2,8,27,2,6,21
3032,2,21,130,2,11,73
3033,1,13,88,1,7,47
3034,7,49,328,4,28,191
3035,7,45,299,4,28,177
3036,6,39,266,3,24,154
3037,3,25,170,3,16,100
3038,3,25,170,3,16,100
3039,3,28,191,3,16,108
3040,1,4,32,1,3,15
3041,1,7,38,1,3,17
3042,1,7,38,1,3,17
3043,1,3,9,1,2,6
3044,5,25,138,3,17,90
3045,3,21,120,3,13,76
3046,6,28,147,4,19,98
3047,5,28,146,3,19,94
3048,5,23,120,3,16,82
3049,4,21,101,2,13,64
3050,2,13,64,2,9,44
3051,2,12,61,2,8,40
3052,1,4,16,1,3,12
3053,1,6,35,1,4,21
3054,1,7,38,1,4,23
3055,6,31,188,3,19,112
3056,1,4,21,1,3,13
3057,2,8,30,2,6,22
3058,2,8,30,2,6,22
3059,4,14,58,2,10,39
3060,1,4,22,1,3,12
3061,3,10,41,2,7,26
3062,3,11,46,2,9,32
3063,2,10,34,2,6,24
3064,3,11,43,2,8,31
3065,2,11,59,2,7,36
3066,9,48,292,3,28,158
3067,2,11,59,2,7,36
3068,2,11,59,2,7,36
3069,2,11,59,2,7,36
3070,1,4,15,1,3,11
3071,1,4,15,1,3,11
3072,1,5,23,1,3,14
3073,4,18,92,2,11,58
3074,2,10,42,2,6,27
3075,2,10,52,2,7,33
3076,2,10,52,2,7,33
3077,1,7,39,1,4,23
3078,2,11,52,2,7,36
3079,4,16,81,2,11,55
3080,1,6,18,1,2,10
3081,1,6,18,1,2,10
3082,1,6,18,1,2,10
3083,1,6,18,1,2,10
3084,1,4,12,1,2,8
3085,2,12,59,2,7,37
3086,5,20,99,2,13,61
3087,6,29,148,3,20,102
3088,1,8,37,1,4,25
3089,3,16,77,3,12,57
3090,3,16,77,3,12,57
3091,2,15,73,2,8,49
3092,3,16,77,3,12,57
3093,1,3,18,1,2,7
3094,2,6,21,1,4,15
3095,1,3,9,1,2,6
3096,1,4,24,1,3,12
3097,2,11,57,2,8,40
3098,4,19,103,3,15,70
3099,1,4,18,1,3,11
3100,2,15,90,2,10,59
3101,6,40,261,4,27,174
3102,4,11,42,2,8,29
3103,3,12,50,2,9,34
3104,1,5,16,1,3,11
3105,1,5,16,1,3,11
3106,2,9,32,2,6,23
3107,4,17,89,2,11,50
3108,2,11,65,2,7,35
3109,1,5,22,1,3,14
3110,2,17,80,2,7,44
3111,2,15,74,2,7,40
3112,2,11,78,2,8,44
3113,7,35,200,4,24,135
3114,1,8,43,1,5,29
3115,2,14,75,2,9,51
3116,5,33,181,4,22,124
3117,6,34,187,4,23,128
3118,5,26,149,3,18,101
3119,2,8,32,2,6,24
3120,3,15,68,2,9,42
3121,7,33,170,4,20,109
3122,4,16,74,2,10,45
3123,1,4,19,1,3,12
3124,1,6,36,1,3,19
3125,2,14,86,2,8,48
3126,1,4,14,1,3,11
3127,1,4,16,1,3,11
3128,1,4,29,1,3,13
3129,1,4,17,1,3,12
3130,3,13,58,2,9,41
3131,1,3,9,1,2,6
3132,2,6,17,1,4,12
3133,4,18,92,3,13,64
3134,3,14,68,2,10,47
3135,1,5,23,1,4,17
3136,2,13,81,2,9,51
3137,8,39,254,3,25,146
3138,6,43,286,4,27,185
3139,3,25,161,3,15,101
3140,1,4,18,1,3,11
3141,1,4,20,1,3,12
3142,1,3,9,1,2,6
3143,2,6,18,1,4,13
3144,1,3,9,1,2,6
3145,2,6,18,1,4,12
3146,1,3,9,1,2,6
3147,2,6,19,1,4,12
3148,1,3,9,1,2,6
3149,2,6,19,1,4,12
3150,1,3,9,1,2,6
3151,2,6,19,1,4,12
3152,1,3,10,1,2,6
3153,2,7,23,1,4,15
3154,1,3,9,1,2,6
3155,2,6,18,1,4,12
3156,1,3,9,1,2,6
3157,2,6,20,1,4,13
3158,1,3,9,1,2,6
3159,2,6,20,1,4,14
3160,7,46,302,5,31,203
3161,1,5,27,1,4,19
3162,1,3,10,1,2,6
3163,1,4,16,1,3,11
3164,3,16,81,2,10,52
3165,1,4,20,1,3,13
3166,1,3,10,1,2,6
3167,2,7,31,1,4,19
3168,2,8,32,2,6,22
3169,3,13,45,2,8,31
3170,5,13,54,2,9,32
3171,2,14,74,2,9,48
3172,2,9,38,2,6,25
3173,1,5,20,1,3,13
3174,1,6,26,1,3,16
3175,5,22,106,3,14,69
3176,2,12,54,2,7,34
3177,1,4,29,1,3,13
3178,1,6,29,1,4,20
3179,3,16,84,2,11,58
3180,3,22,113,2,10,66
3181,8,40,274,3,25,143
3182,10,47,316,4,28,162
3183,1,4,26,1,3,13
3184,5,39,219,4,21,132
3185,2,20,107,2,9,62
3186,3,26,153,3,13,85
3187,2,20,107,2,9,62
3188,2,20,107,2,9,62
3189,1,7,38,1,3,17
3190,1,7,38,1,3,17
3191,1,11,58,1,5,33
3192,1,3,8,1,2,6
3193,1,4,20,1,3,13
3194,2,9,45,2,7,31
3195,1,3,14,1,2,8
3196,1,6,19,1,3,12
3197,2,13,64,2,7,40
3198,2,11,56,2,7,36
3199,2,11,56,2,7,36
3200,4,18,84,2,13,57
3201,1,6,28,1,3,17
3202,1,6,28,1,3,17
3203,2,14,82,2,9,54
3204,1,3,10,1,2,6
3205,2,18,118,2,9,69
3206,3,23,156,3,14,94
3207,3,21,132,3,14,79
3208,1,4,24,1,3,13
3209,1,4,24,1,3,13
3210,1,7,37,1,4,24
3211,1,4,32,1,3,15
3212,1,4,32,1,3,15
3213,1,4,32,1,3,15
3214,1,4,25,1,3,14
3215,2,11,61,2,8,42
3216,1,7,47,1,5,32
3217,2,13,68,2,7,41
3218,1,6,19,1,3,12
3219,1,6,19,1,3,12
3220,3,19,115,3,12,69
3221,4,29,172,3,17,100
3222,3,19,115,3,12,69
3223,10,51,328,4,34,193
3224,4,26,136,3,15,85
3225,3,24,140,3,13,85
3226,3,24,141,3,14,90
3227,3,24,141,3,14,90
3228,5,34,190,4,19,120
3229,5,34,197,3,19,122
3230,2,15,91,2,9,56
3231,1,9,51,1,5,33
3232,1,6,32,1,4,22
3233,1,4,26,1,3,12
3234,1,4,26,1,3,12
3235,1,4,26,1,3,12
3236,2,11,46,2,6,28
3237,1,6,27,1,3,16
3238,4,14,61,2,9,37
3239,1,5,22,1,3,14
3240,1,3,9,1,2,6
3241,2,6,20,1,4,14
3242,1,3,9,1,2,6
3243,2,6,21,1,4,13
3244,1,4,37,1,3,16
3245,1,4,37,1,3,16
3246,1,4,37,1,3,16
3247,1,6,47,1,5,25
3248,3,25,173,3,18,116
3249,3,17,84,3,12,60
3250,3,17,84,3,12,60
3251,5,21,102,3,16,74
3252,3,20,110,3,13,71
3253,6,23,131,3,16,83
3254,3,20,110,3,13,71
3255,3,8,30,2,7,22
3256,1,4,12,1,3,10
3257,1,4,32,1,3,12
3258,1,4,23,1,3,11
3259,4,11,42,2,9,30
3260,2,8,27,2,6,21
3261,1,5,16,1,3,12
3262,2,8,27,2,6,21
3263,2,6,18,1,4,12
3264,1,3,9,1,2,6
3265,1,4,26,1,3,16
3266,1,4,18,1,3,12
3267,1,4,18,1,3,12
3268,1,7,38,1,4,23
3269,2,5,15,1,4,11
3270,1,3,8,1,2,6
3271,3,18,109,2,12,70
3272,1,3,9,1,2,6
3273,2,6,19,1,4,12
3274,1,4,31,1,3,14
3275,3,12,55,2,8,35
3276,1,4,16,1,3,11
3277,4,13,61,2,9,38
3278,1,4,22,1,3,15
3279,1,4,25,1,3,14
3280,1,4,25,1,3,14
3281,1,4,19,1,3,12
3282,2,15,84,2,7,46
3283,2,14,85,2,9,49
3284,2,14,85,2,9,49
3285,1,11,68,1,6,37
3286,1,5,18,1,3,12
3287,1,5,18,1,3,12
3288,1,5,18,1,3,12
3289,1,5,18,1,3,12
3290,2,8,29,2,6,21
3291,1,4,15,1,3,10
3292,1,7,46,1,4,28
3293,1,3,17,1,2,8
3294,1,6,46,1,4,23
3295,1,8,50,1,5,29
3296,1,4,20,1,3,12
3297,3,18,105,3,12,68
3298,3,18,105,3,12,68
3299,2,13,77,2,7,46
3300,3,18,105,3,12,68
3301,2,13,77,2,7,46
3302,1,4,25,1,3,13
3303,1,3,9,1,2,6
3304,1,4,26,1,3,12
3305,1,3,9,1,2,6
3306,1,4,25,1,3,12
3307,1,4,23,1,3,12
3308,1,6,28,1,4,18
3309,1,6,25,1,4,16
3310,1,6,25,1,4,16
3311,1,4,12,1,2,8
3312,2,8,34,2,6,25
3313,2,8,34,2,6,25
3314,1,4,14,1,3,10
3315,1,7,44,1,5,30
3316,1,4,13,1,3,10
3317,1,4,23,1,3,11
3318,1,7,30,1,4,20
3319,2,7,25,2,6,21
3320,2,7,25,2,6,21
3321,1,5,27,1,4,18
3322,1,9,55,1,5,32
3323,1,3,8,1,2,6
3324,2,5,17,1,4,12
3325,2,9,43,2,7,31
3326,2,9,43,2,7,31
3327,1,5,21,1,3,13
3328,1,5,21,1,3,13
3329,1,4,21,1,3,12
3330,1,4,23,1,3,12
3331,4,13,48,2,9,32
3332,2,6,24,1,4,15
3333,1,3,9,1,2,6
3334,3,24,158,3,13,83
3335,5,29,195,3,17,101
3336,1,4,13,1,3,9
3337,3,9,30,2,6,21
3338,1,4,13,1,3,9
3339,3,9,30,2,6,21
3340,1,7,50,1,5,32
3341,1,4,19,1,3,13
3342,3,11,47,2,8,30
3343,3,11,38,2,7,25
3344,3,12,42,2,7,28
3345,3,11,44,2,8,30
3346,3,12,43,3,9,32
3347,1,7,30,1,4,20
3348,2,17,102,2,8,55
3349,3,16,79,3,12,60
3350,3,16,79,3,12,60
3351,3,16,79,3,12,60
3352,3,10,33,2,6,22
3353,3,11,39,2,8,27
3354,3,9,31,2,7,23
3355,1,4,13,1,3,10
3356,3,10,33,2,6,21
3357,2,15,91,2,7,47
3358,3,20,120,2,10,64
3359,2,9,39,2,7,30
3360,2,9,39,2,7,30
3361,1,5,19,1,3,12
3362,1,6,40,1,5,24
3363,1,6,36,1,3,17
3364,1,7,30,1,4,20
3365,1,6,36,1,3,17
3366,1,4,14,1,3,11
3367,1,5,22,1,3,13
3368,1,4,20,1,3,13
3369,1,8,39,1,4,28
3370,1,4,18,1,3,11
3371,1,5,21,1,3,14
3372,1,4,16,1,3,11
3373,1,4,16,1,3,11
3374,3,14,62,2,9,37
3375,7,24,108,3,14,62
3376,2,9,43,2,6,26
3377,2,15,80,2,8,46
3378,4,13,52,2,10,37
3379,3,14,61,3,10,43
3380,3,11,38,2,8,30
3381,1,5,18,1,3,13
3382,2,9,34,2,6,25
3383,4,17,76,2,11,47
3384,3,17,77,3,12,54
3385,5,19,85,3,14,61
3386,4,24,119,3,16,79
3387,2,10,38,2,7,28
3388,2,9,35,2,7,27
3389,3,11,42,2,8,31
3390,3,12,51,2,9,35
3391,8,30,179,4,22,111
3392,2,11,48,2,7,33
3393,5,35,181,4,20,113
3394,2,11,45,2,6,26
3395,6,25,118,2,13,64
3396,3,9,33,2,7,23
3397,9,34,191,3,21,97
3398,1,7,32,1,3,16
3399,1,7,32,1,3,16
3400,2,17,76,2,7,41
3401,1,4,15,1,3,10
3402,3,11,40,2,7,26
3403,3,11,41,2,8,30
3404,2,9,36,2,7,28
3405,3,10,36,2,8,27
3406,3,9,37,2,7,24
3407,1,4,13,1,3,10
3408,3,14,56,2,8,36
3409,2,10,36,2,6,26
3410,1,15,58,1,3,29
3411,14,43,306,2,26,104
3412,1,15,58,1,3,29
3413,1,15,58,1,3,29
3414,1,7,36,1,3,16
3415,6,29,123,2,13,66
3416,7,24,140,2,16,64
3417,4,17,84,2,10,45
3418,2,11,41,2,6,28
3419,2,23,90,2,6,48
3420,2,23,90,2,6,48
3421,2,11,46,2,6,29
3422,3,15,63,2,7,37
3423,2,16,70,2,7,43
3424,5,17,68,3,12,49
3425,1,6,23,1,4,16
3426,3,13,52,2,9,36
3427,2,9,32,2,7,25
3428,3,11,41,2,8,30
3429,3,12,45,2,9,32
3430,4,20,84,3,13,59
3431,2,8,35,2,7,26
3432,3,11,44,2,8,31
3433,3,15,68,2,9,43
3434,2,15,68,2,9,44
3435,1,9,39,1,5,27
3436,1,9,39,1,5,27
3437,1,9,39,1,5,27
3438,4,28,135,3,16,86
3439,2,14,72,2,8,43
3440,10,51,304,4,29,167
3441,2,7,32,2,6,22
3442,5,25,127,2,14,73
3443,5,37,183,4,16,107
3444,9,38,225,2,24,111
3445,4,23,119,2,13,68
3446,2,17,93,2,8,51
3447,3,21,101,2,11,63
3448,2,8,31,2,6,23
3449,2,6,20,2,6,18
3450,2,12,51,2,7,35
3451,4,23,90,3,12,57
3452,10,31,183,3,21,89
3453,2,13,56,2,7,32
3454,3,11,53,2,8,30
3455,4,12,59,2,9,33
3456,6,23,106,2,13,57
3457,7,31,159,3,18,89
3458,1,7,30,1,3,16
3459,2,10,39,2,6,25
3460,3,12,46,2,7,28
3461,2,9,35,1,4,19
3462,2,14,66,2,6,32
3463,7,30,160,3,20,94
3464,1,8,39,1,4,22
3465,1,8,39,1,4,22
3466,2,11,55,2,7,31
3467,2,11,53,2,7,31
3468,2,7,25,2,6,22
3469,2,6,19,2,6,18
3470,3,12,54,2,10,40
3471,5,21,104,2,13,58
3472,3,13,59,2,8,37
3473,7,27,129,3,19,81
3474,2,15,61,2,6,37
3475,2,15,61,2,6,37
3476,2,13,55,2,6,31
3477,5,18,75,3,12,49
3478,5,20,88,3,14,61
3479,3,13,45,2,7,28
3480,1,6,24,1,4,16
3481,1,6,24,1,4,16
3482,3,12,43,2,8,30
3483,4,16,76,2,10,43
3484,2,9,47,2,6,26
3485,2,9,47,2,6,26
3486,4,15,63,3,12,49
3487,3,17,70,3,12,54
3488,3,11,40,2,8,30
3489,2,8,29,2,7,25
3490,3,12,50,2,10,39
3491,6,22,112,3,17,74
3492,4,16,70,3,13,56
3493,2,12,48,2,6,31
3494,5,18,82,2,12,50
3495,5,18,85,2,13,51
3496,3,9,32,2,7,24
3497,5,13,56,2,10,35
3498,3,12,43,2,7,28
3499,2,7,25,2,6,19
3500,3,8,28,1,5,16
3501,2,15,69,2,6,40
3502,2,8,32,2,6,22
3503,3,21,100,2,10,58
3504,2,15,72,2,7,41
3505,2,15,66,2,7,38
3506,4,20,86,2,11,51
3507,2,14,61,2,7,36
3508,4,18,72,3,12,53
3509,2,9,38,2,7,27
3510,3,10,40,2,8,29
3511,1,7,29,1,4,21
3512,3,15,61,3,11,48
3513,3,17,89,2,11,55
3514,2,8,36,2,6,25
3515,7,29,142,3,18,85
3516,5,24,118,3,15,75
3517,2,7,25,2,6,20
3518,2,7,27,2,6,20
3519,1,6,43,1,5,21
3520,5,20,105,2,15,61
3521,5,17,74,2,13,48
3522,3,17,68,3,10,48
3523,3,11,40,2,7,29
3524,2,9,33,2,6,24
3525,2,10,36,2,6,26
3526,1,3,8,1,2,6
3527,2,5,14,1,4,11
3528,1,3,10,1,2,6
3529,2,7,28,1,4,17
3530,1,6,24,1,3,15
3531,3,13,51,2,8,35
3532,2,7,29,2,6,20
3533,3,13,58,2,9,38
3534,2,9,35,2,6,25
3535,8,25,144,2,18,68
3536,2,20,76,2,7,46
3537,2,14,51,2,6,33
3538,2,14,56,2,6,34
3539,2,14,56,2,6,34
3540,2,12,55,2,6,30
3541,3,11,41,2,9,34
3542,4,17,79,3,15,63
3543,2,10,39,2,7,28
3544,3,9,35,2,7,25
3545,6,21,97,2,15,56
3546,2,11,47,2,6,31
3547,2,12,46,2,6,31
3548,4,16,62,2,9,41
3549,2,10,36,2,5,24
3550,2,10,36,2,5,24
3551,3,15,68,2,10,45
3552,3,13,51,3,10,37
3553,5,14,74,2,11,38
3554,2,16,68,2,6,41
3555,2,16,68,2,6,41
3556,1,6,20,1,3,14
3557,2,11,37,2,6,27
3558,2,11,37,2,6,27
3559,2,13,60,2,6,36
3560,2,13,62,2,6,37
3561,2,13,60,2,6,36
3562,2,13,57,2,6,36
3563,3,18,84,3,12,57
3564,2,15,71,2,8,48
3565,3,13,61,2,8,38
3566,3,16,71,3,11,50
3567,4,17,76,3,12,51
3568,3,12,45,2,8,32
3569,5,19,86,2,14,55
3570,3,17,69,3,10,46
3571,2,11,46,2,7,32
3572,1,11,42,1,4,25
3573,3,17,67,2,8,39
3574,2,14,51,2,7,34
3575,2,14,51,2,7,34
3576,3,16,58,2,8,38
3577,1,11,42,1,4,25
3578,1,11,42,1,4,25
3579,2,15,67,2,7,38
3580,5,23,106,3,13,65
3581,3,10,41,1,6,23
3582,4,20,93,2,12,56
3583,2,9,40,2,7,26
3584,5,19,84,3,12,53
3585,1,6,25,1,4,16
3586,2,11,53,2,7,32
3587,4,13,50,2,9,33
3588,3,12,47,2,8,31
3589,1,6,26,1,4,18
3590,4,16,69,2,12,49
3591,3,16,76,3,11,55
3592,6,26,140,3,20,90
3593,2,6,19,1,4,13
3594,1,3,9,1,2,6
3595,3,10,32,2,7,24
3596,2,9,31,2,5,20
3597,2,5,17,1,4,11
3598,5,17,69,2,11,41
3599,1,4,12,1,3,10
3600,3,8,27,2,7,22
3601,2,8,29,2,6,22
3602,2,7,21,2,6,19
3603,2,6,19,2,6,18
3604,4,13,50,2,9,35
3605,1,5,18,1,3,12
3606,3,13,53,2,9,37
3607,2,8,27,2,6,21
3608,3,11,38,2,8,29
3609,1,10,38,1,4,24
3610,9,28,154,3,20,84
3611,1,8,28,1,3,16
3612,7,20,97,2,13,49
3613,1,8,28,1,3,16
3614,1,8,28,1,3,16
3615,1,4,21,1,3,11
3616,1,4,11,1,2,7
3617,3,7,25,1,5,15
3618,3,8,31,1,5,16
3619,1,4,12,1,2,7
3620,1,4,12,1,2,7
3621,3,15,55,2,7,34
3622,1,6,20,1,3,13
3623,5,14,57,2,10,35
3624,1,4,12,1,2,7
3625,1,4,12,1,2,7
3626,3,8,29,1,5,16
3627,1,4,24,1,3,9
3628,3,20,73,2,6,39
3629,1,6,20,1,3,13
3630,1,5,16,1,2,8
3631,4,11,40,1,6,20
3632,1,10,38,1,4,24
3633,1,4,17,1,3,12
3634,1,3,8,1,2,6
3635,2,5,15,1,4,11
3636,1,3,9,1,2,6
3637,2,6,24,1,4,13
3638,1,4,13,1,3,10
3639,1,5,17,1,3,12
3640,1,5,17,1,3,12
3641,1,4,15,1,3,11
3642,2,10,41,2,7,29
3643,3,13,54,2,9,37
3644,5,18,77,3,13,51
3645,3,11,40,2,7,28
3646,4,13,53,2,10,34
3647,1,4,15,1,3,10
3648,3,12,47,2,8,30
3649,2,9,32,2,6,24
3650,2,8,26,2,5,19
3651,2,7,25,2,6,21
3652,2,7,25,2,6,21
3653,2,8,27,2,6,21
3654,4,11,42,2,9,31
3655,2,8,32,2,6,21
3656,1,3,8,1,2,6
3657,2,5,16,1,4,11
3658,1,7,28,1,3,15
3659,6,21,91,2,12,48
3660,1,7,28,1,3,15
3661,1,8,32,1,4,18
3662,1,8,32,1,4,18
3663,2,9,33,1,4,18
3664,2,10,37,2,6,24
3665,3,13,48,2,8,31
3666,1,8,32,1,4,18
3667,2,12,49,2,7,29
3668,2,18,72,2,6,39
3669,2,11,56,2,7,32
3670,2,8,45,2,7,29
3671,2,6,24,2,6,18
3672,2,10,45,2,6,25
3673,2,8,26,2,6,22
3674,2,18,73,2,6,38
3675,3,13,49,2,7,29
3676,2,12,45,2,6,26
3677,1,4,17,1,3,10
3678,1,4,19,1,3,10
3679,2,6,23,2,6,18
3680,2,6,23,1,4,14
3681,1,3,9,1,2,6
3682,1,4,16,1,3,11
3683,4,12,48,2,9,32
3684,1,5,17,1,3,12
3685,2,8,29,2,6,21
3686,2,11,42,2,6,29
3687,2,6,20,2,6,18
3688,2,6,18,2,6,18
3689,1,4,15,1,3,10
3690,2,8,29,2,6,21
3691,3,15,58,2,7,32
3692,2,7,25,2,6,20
3693,2,9,34,2,6,25
3694,2,9,40,2,7,28
3695,4,18,87,3,12,58
3696,2,6,38,2,6,19
3697,2,6,22,2,6,18
3698,2,10,45,2,6,25
3699,2,6,26,2,6,19
3700,1,4,14,1,2,8
3701,2,5,26,1,4,11
3702,1,3,8,1,2,6
3703,2,18,66,2,5,35
3704,1,4,12,1,2,7
3705,1,5,16,1,2,8
3706,1,5,16,1,2,8
3707,4,14,51,2,8,30
3708,2,8,24,2,5,18
3709,4,11,43,2,9,29
3710,2,5,16,1,4,11
3711,1,3,9,1,2,6
3712,2,6,29,1,4,12
3713,1,8,35,1,4,23
3714,2,6,20,1,4,14
3715,1,3,9,1,2,6
3716,2,8,31,2,6,24
3717,1,5,16,1,3,12
3718,1,5,16,1,3,12
3719,1,4,15,1,3,11
3720,1,4,13,1,3,10
3721,3,9,31,2,7,24
3722,2,7,24,2,6,20
3723,2,10,47,2,6,25
3724,1,15,58,1,3,29
3725,2,18,67,2,6,38
3726,2,18,67,2,6,38
3727,2,18,67,2,6,38
3728,2,6,19,2,6,18
3729,1,3,8,1,2,6
3730,1,4,11,1,2,7
3731,2,10,35,2,6,24
3732,1,4,16,1,3,10
3733,2,6,22,2,6,18
3734,2,10,36,2,5,24
3735,2,11,48,2,6,29
3736,3,7,25,1,5,14
3737,2,10,35,2,6,23
3738,1,4,16,1,3,11
3739,3,12,46,2,8,32
3740,1,3,9,1,2,6
3741,2,6,19,1,4,14
3742,3,10,46,2,9,32
3743,1,4,14,1,3,12
3744,3,16,63,3,10,47
3745,3,16,63,3,10,47
3746,3,10,46,2,9,32
3747,3,16,63,3,10,47
3748,1,4,14,1,3,12
3749,3,10,46,2,9,32
3750,1,4,14,1,3,12
3751,3,14,56,2,8,37
3752,2,8,36,2,6,23
3753,2,8,30,2,6,22
3754,2,6,20,2,6,18
3755,2,7,34,2,6,23
3756,2,7,24,2,6,20
3757,1,4,15,1,3,11
3758,1,3,10,1,2,6
3759,2,7,28,1,4,15
3760,1,3,11,1,2,6
3761,2,8,28,1,4,17
3762,1,6,23,1,3,14
3763,5,17,75,2,11,43
3764,4,18,71,2,9,43
3765,2,9,34,2,6,23
3766,4,12,50,2,10,34
3767,1,4,17,1,3,11
3768,2,7,28,2,6,20
3769,1,3,12,1,2,6
3770,1,3,12,1,2,6
3771,2,6,19,2,6,18
3772,2,7,29,2,6,20
3773,1,4,18,1,3,11
3774,2,5,15,1,4,11
3775,1,3,8,1,2,6
3776,2,7,24,2,5,16
3777,2,6,25,2,6,18
3778,1,4,11,1,2,7
3779,3,7,23,1,5,14
3780,1,3,9,1,2,6
3781,2,6,22,1,4,13
3782,2,6,18,1,4,13
3783,1,3,9,1,2,6
3784,2,7,23,2,6,19
3785,1,4,15,1,3,11
3786,3,8,26,2,7,22
3787,2,7,21,2,6,19
3788,1,4,12,1,3,10
3789,2,7,21,2,6,19
3790,1,4,19,1,3,11
3791,3,15,54,2,8,37
3792,2,7,23,2,6,20
3793,1,5,16,1,3,12
3794,2,9,32,2,6,24
3795,1,4,17,1,3,11
3796,1,4,11,1,2,7
3797,3,10,38,2,8,28
3798,2,8,28,2,6,20
3799,3,8,26,2,6,19
3800,1,3,8,1,2,6
3801,1,4,12,1,2,7
3802,1,4,11,1,2,7
3803,3,7,22,1,5,14
3804,2,10,35,2,6,25
3805,2,10,35,2,6,25
3806,1,4,20,1,3,11
3807,2,6,18,1,4,13
3808,1,3,9,1,2,6
3809,1,6,19,1,3,13
3810,1,6,19,1,3,13
3811,2,8,28,2,6,21
3812,1,4,14,1,2,8
3813,2,6,42,2,6,18
3814,1,5,18,1,3,12
3815,1,4,16,1,3,11
3816,2,6,21,2,6,19
3817,2,7,23,2,5,16
3818,1,4,11,1,2,7
3819,2,6,17,1,4,12
3820,1,3,9,1,2,6
3821,2,6,20,2,6,18
3822,1,4,12,1,3,9
3823,1,4,16,1,3,11
3824,2,7,25,2,6,21
3825,3,12,45,2,9,34
3826,1,4,18,1,3,11
3827,2,13,62,2,7,37
3828,2,6,22,2,5,16
3829,2,11,46,2,7,30
3830,1,4,15,1,3,10
3831,1,3,8,1,2,6
3832,2,5,18,1,4,11
3833,1,6,23,1,4,17
3834,5,17,73,3,13,55
3835,4,18,81,2,11,53
3836,1,4,19,1,3,12
3837,1,5,21,1,3,12
3838,1,5,18,1,3,12
3839,2,6,21,2,6,19
3840,1,4,11,1,2,7
3841,1,4,11,1,2,7
3842,2,8,37,2,6,25
3843,1,3,8,1,2,6
3844,2,5,18,1,4,11
3845,2,7,24,2,5,18
3846,1,4,14,1,3,11
3847,2,8,25,2,5,18
3848,2,6,23,2,6,18
3849,1,5,19,1,3,11
3850,2,7,28,2,6,20
3851,3,10,34,2,8,27
3852,2,11,40,2,6,27
3853,3,16,72,2,8,40
3854,7,22,120,2,15,60
3855,2,15,64,2,6,38
3856,4,19,86,2,11,51
3857,2,13,54,2,6,32
3858,3,10,43,2,8,30
3859,2,8,31,2,6,23
3860,3,14,56,2,9,40
3861,2,11,42,2,7,31
3862,3,10,48,2,9,33
3863,2,10,52,2,7,34
3864,2,8,28,2,6,23
3865,3,20,88,3,11,58
3866,5,32,166,3,18,103
3867,1,5,21,1,3,13
3868,4,16,70,2,10,43
3869,6,26,120,3,16,74
3870,3,14,58,2,8,36
3871,2,9,39,2,6,24
3872,3,12,49,2,8,33
3873,1,4,16,1,3,11
3874,2,7,26,2,6,20
3875,1,4,17,1,3,12
3876,3,13,78,2,9,42
3877,4,29,128,3,12,77
3878,1,8,30,1,3,18
3879,1,8,30,1,3,18
3880,2,13,64,2,7,34
3881,5,23,124,3,15,76
3882,1,6,29,1,4,19
3883,4,25,113,3,13,75
3884,3,24,116,3,12,74
3885,1,6,29,1,4,19
3886,9,40,243,4,28,149
3887,3,20,107,3,13,69
3888,10,33,197,2,24,94
3889,3,12,66,2,10,41
3890,2,15,57,2,6,37
3891,3,9,38,2,7,24
3892,2,8,32,2,6,24
3893,4,19,83,3,11,56
3894,1,5,24,1,4,15
3895,8,34,200,3,23,114
3896,3,14,59,2,10,42
3897,3,11,43,2,8,29
3898,3,13,51,2,9,37
3899,7,30,163,3,19,95
3900,7,28,144,3,19,86
3901,6,26,131,3,16,77
3902,2,15,71,2,8,43
3903,2,15,71,2,8,43
3904,5,19,90,2,12,52
3905,2,13,58,2,7,35
3906,3,17,78,2,10,48
3907,6,27,143,3,17,87
3908,2,11,47,2,7,31
3909,3,18,83,2,10,52
3910,3,16,72,2,9,44
3911,3,16,76,2,10,47
3912,3,15,64,2,9,43
3913,2,11,57,2,8,39
3914,2,6,28,2,6,21
3915,7,47,260,5,27,163
3916,5,22,127,2,14,75
3917,3,13,65,2,9,43
3918,3,19,87,2,10,58
3919,1,9,43,1,4,27
3920,2,12,53,2,7,36
3921,2,13,56,2,7,37
3922,2,15,69,2,7,42
3923,3,18,104,3,13,63
3924,3,27,143,3,15,90
3925,5,15,69,2,11,43
3926,2,12,46,2,6,29
3927,1,6,21,1,3,14
3928,2,10,37,2,6,26
3929,2,8,26,1,4,17
3930,13,51,337,3,34,161
3931,2,11,47,2,7,32
3932,1,7,33,1,4,20
3933,3,16,69,3,10,47
3934,2,9,41,2,6,26
3935,8,29,156,3,20,92
3936,6,21,102,3,16,67
3937,8,32,166,3,20,95
3938,1,9,41,1,4,24
3939,2,13,55,2,7,36
3940,2,13,63,2,7,37
3941,3,18,88,2,10,51
3942,3,17,70,3,10,48
3943,5,25,116,3,14,73
3944,1,9,41,1,4,24
3945,1,8,38,1,4,23
3946,1,6,28,1,3,17
3947,1,6,28,1,3,17
3948,1,6,28,1,3,17
3949,6,22,118,3,18,76
3950,3,21,94,3,12,66
3951,2,11,46,2,7,32
3952,2,11,40,2,7,30
3953,2,12,55,2,7,35
3954,3,15,66,2,9,43
3955,2,15,59,2,6,39
3956,3,11,56,2,9,32
3957,3,19,74,3,9,51
3958,3,11,48,2,8,30
3959,2,7,28,2,6,21
3960,3,9,37,2,8,27
3961,2,12,48,2,7,33
3962,1,6,25,1,3,15
3963,2,7,25,2,6,20
3964,3,11,43,2,8,31
3965,2,7,22,2,6,19
3966,3,10,37,2,8,28
3967,3,11,52,2,9,34
3968,2,15,59,2,6,39
3969,3,11,56,2,9,33
3970,3,15,59,3,10,46
3971,2,8,29,2,6,23
3972,3,11,49,2,9,33
3973,3,8,27,2,7,22
3974,1,4,12,1,3,10
3975,2,8,26,2,6,21
3976,3,9,35,2,7,26
3977,1,4,13,1,3,10
3978,3,11,45,2,9,32
3979,1,3,9,1,2,6
3980,2,6,20,1,4,13
3981,1,3,11,1,2,6
3982,4,14,63,2,11,42
3983,3,13,62,2,10,40
3984,2,9,39,2,6,26
3985,2,9,40,2,6,27
3986,2,7,33,2,6,23
3987,5,19,103,3,15,63
3988,3,19,80,3,11,57
3989,3,8,31,2,7,23
3990,1,4,12,1,3,10
3991,2,8,24,2,6,20
3992,4,25,138,3,12,73
3993,3,22,105,2,10,62
3994,2,19,95,2,8,54
3995,3,21,101,2,9,58
3996,2,7,35,2,6,22
3997,2,6,30,2,6,19
3998,2,17,74,2,7,47
3999,5,20,95,2,12,56
4000,1,6,26,1,3,15
4001,2,10,48,2,6,28
4002,2,12,59,2,7,36
4003,2,15,57,2,6,37
4004,2,15,59,2,6,39
4005,2,15,59,2,6,38
4006,2,15,63,2,6,39
4007,3,9,39,2,7,25
4008,2,9,41,2,6,25
4009,4,23,114,2,11,65
4010,3,9,46,2,8,28
4011,1,4,15,1,3,11
4012,3,9,37,2,7,25
4013,3,21,114,2,10,62
4014,2,18,90,2,7,51
4015,3,24,115,3,11,70
4016,1,4,12,1,3,10
4017,3,8,27,2,7,22
4018,2,7,22,2,6,19
4019,3,10,48,2,9,32
4020,1,4,13,1,3,10
4021,2,10,41,2,7,31
4022,3,12,51,2,9,37
4023,2,7,29,2,6,21
4024,2,13,57,2,7,36
4025,3,15,72,2,9,42
4026,2,19,93,2,7,52
4027,1,4,17,1,3,12
4028,2,8,39,2,6,25
4029,2,12,57,2,7,36
4030,3,24,103,3,11,68
4031,1,4,13,1,3,11
4032,2,13,51,2,7,35
4033,2,8,29,2,6,24
4034,3,11,39,2,7,28
4035,2,8,33,2,6,25
4036,3,12,52,2,9,35
4037,2,7,26,2,6,21
4038,2,13,57,2,7,36
4039,3,15,64,2,9,42
4040,2,8,29,2,6,24
4041,3,11,46,2,9,33
4042,2,11,44,2,7,34
4043,1,4,25,1,3,12
4044,1,4,13,1,3,10
4045,1,4,13,1,3,10
4046,1,4,13,1,3,11
4047,3,9,35,2,8,26
4048,3,11,51,2,9,34
4049,3,14,58,2,9,40
4050,2,13,54,2,7,34
4051,3,13,51,3,9,37
4052,2,6,19,2,6,18
4053,2,7,22,2,6,20
4054,2,6,18,2,6,18
4055,3,9,30,2,8,26
4056,2,7,28,2,6,21
4057,2,12,49,2,7,31
4058,1,4,17,1,3,11
4059,3,13,50,2,8,33
4060,2,10,45,2,7,31
4061,3,12,55,2,9,38
4062,5,23,107,3,15,71
4063,4,16,71,2,12,48
4064,5,23,98,3,14,65
4065,3,13,50,3,9,38
4066,2,8,30,2,6,24
4067,2,11,50,2,7,33
4068,3,11,38,2,7,25
4069,4,13,53,2,8,32
4070,2,6,20,1,4,13
4071,2,8,29,2,6,21
4072,6,26,123,3,16,74
4073,2,7,28,2,6,21
4074,3,13,57,2,9,39
4075,8,30,151,3,18,85
4076,1,7,33,1,4,20
4077,2,13,61,2,7,35
4078,3,20,93,3,11,59
4079,3,12,48,2,8,32
4080,5,22,94,2,12,55
4081,2,7,26,2,6,20
4082,2,7,25,2,6,20
4083,2,9,37,2,6,24
4084,2,8,33,1,4,18
4085,3,14,62,2,8,38
4086,4,15,67,2,11,45
4087,5,18,82,2,12,48
4088,2,9,32,2,6,24
4089,3,8,30,2,7,22
4090,2,11,47,2,6,32
4091,4,18,86,3,14,60
4092,1,4,17,1,3,12
4093,3,14,66,3,11,47
4094,4,15,68,2,11,43
4095,6,22,100,3,14,63
4096,2,11,46,2,7,30
4097,1,5,18,1,3,11
4098,1,5,18,1,3,11
4099,4,19,81,2,11,50
4100,2,9,39,2,6,25
4101,3,11,40,2,8,29
4102,7,30,157,3,20,96
4103,2,10,38,2,5,22
4104,4,12,46,2,9,32
4105,2,8,34,2,6,24
4106,2,9,33,2,6,25
4107,1,4,11,1,2,7
4108,3,7,24,1,5,14
4109,2,7,22,2,6,20
4110,1,9,39,1,4,22
4111,1,9,39,1,4,22
4112,4,21,93,3,13,61
4113,1,9,39,1,4,22
4114,2,10,44,2,7,31
4115,5,22,109,3,15,71
4116,2,7,22,2,6,20
4117,2,9,31,2,5,21
4118,2,6,20,2,6,18
4119,2,7,23,2,6,20
4120,2,7,24,2,6,20
4121,2,6,19,2,6,18
4122,2,6,21,2,6,18
4123,2,7,24,2,6,20
4124,2,9,33,2,6,24
4125,1,5,17,1,3,12
4126,1,5,17,1,3,12
4127,1,5,20,1,3,12
4128,4,15,57,2,9,38
4129,2,6,20,2,6,18
4130,3,12,48,2,9,34
4131,2,6,22,2,6,18
4132,2,6,18,2,6,18
4133,2,11,51,2,7,34
4134,4,17,81,2,12,50
4135,5,21,104,2,15,66
4136,3,15,66,2,10,45
4137,3,10,36,2,8,28
4138,3,11,41,2,8,30
4139,4,13,56,2,10,39
4140,2,9,36,2,6,25
4141,3,14,58,2,9,40
4142,2,9,30,2,6,23
4143,2,11,52,2,8,35
4144,2,11,50,2,7,36
4145,1,3,11,1,2,6
4146,2,14,66,2,8,43
4147,3,11,40,2,8,29
4148,2,7,27,2,6,20
4149,1,5,26,1,4,17
4150,2,8,31,2,6,21
4151,1,8,38,1,4,24
4152,5,28,130,4,17,89
4153,2,11,49,2,6,33
4154,2,9,34,2,6,24
4155,1,7,29,1,4,18
4156,1,7,29,1,4,18
4157,2,11,45,2,7,30
4158,1,4,12,1,3,10
4159,2,6,19,2,6,18
4160,2,7,22,2,6,20
4161,3,9,34,2,8,26
4162,2,9,33,2,6,23
4163,2,9,33,2,6,23
4164,1,3,9,1,2,6
4165,2,8,26,2,6,21
4166,4,12,48,2,9,34
4167,2,6,22,2,6,18
4168,1,5,17,1,3,12
4169,4,15,60,2,9,38
4170,4,9,34,1,6,17
4171,1,5,14,1,2,8
4172,1,5,14,1,2,8
4173,1,5,14,1,2,8
4174,1,4,11,1,2,7
4175,1,6,29,1,4,21
4176,5,23,122,3,17,82
4177,1,6,27,1,4,19
4178,5,21,108,3,15,77
4179,1,6,27,1,4,19
4180,5,27,131,4,20,98
4181,1,6,29,1,4,21
4182,6,39,202,5,22,130
4183,4,25,137,3,14,85
4184,5,24,116,3,15,67
4185,7,37,218,3,22,128
4186,1,5,30,1,4,18
4187,2,8,32,2,5,21
4188,3,17,92,2,11,54
4189,3,7,23,1,5,14
4190,8,44,232,4,25,135
4191,4,23,117,3,13,70
4192,5,25,123,4,17,85
4193,4,18,96,3,15,73
4194,3,17,91,3,14,69
4195,1,5,15,1,3,11
4196,4,10,40,2,8,27
4197,1,5,15,1,3,11
4198,2,9,32,2,6,22
4199,2,11,45,2,7,30
4200,2,8,33,2,6,24
4201,4,17,73,2,11,47
4202,2,8,49,2,7,29
4203,2,12,50,2,7,29
4204,5,24,111,3,14,68
4205,5,14,56,2,8,30
4206,1,5,20,1,3,12
4207,1,7,29,1,3,17
4208,6,22,102,2,14,56
4209,5,15,63,2,9,35
4210,2,10,41,2,6,24
4211,1,6,21,1,3,12
4212,3,16,74,2,9,43
4213,1,6,21,1,3,12
4214,3,10,33,1,5,18
4215,4,12,56,1,8,29
4216,5,29,123,4,15,76
4217,1,5,17,1,2,10
4218,1,5,17,1,2,10
4219,1,5,17,1,2,10
4220,5,27,147,4,19,98
4221,4,11,48,1,7,27
4222,4,22,114,3,14,74
4223,1,5,16,1,2,9
4224,1,5,16,1,2,9
4225,1,5,16,1,2,9
4226,5,29,147,4,20,107
4227,2,15,77,2,9,51
4228,7,33,156,4,20,93
4229,3,10,43,2,7,29
4230,1,5,22,1,3,14
4231,3,10,42,1,6,24
4232,1,4,14,1,2,8
4233,1,4,14,1,2,8
4234,2,10,37,2,5,23
4235,2,9,34,1,4,20
4236,2,10,38,2,6,26
4237,2,5,18,1,4,11
4238,1,3,12,1,2,6
4239,6,37,186,4,22,112
4240,5,25,128,3,17,83
4241,2,8,38,1,6,27
4242,3,22,111,3,12,65
4243,6,33,171,3,19,102
4244,1,7,33,1,4,20
4245,2,9,49,2,7,33
4246,4,13,48,2,9,33
4247,3,11,42,2,7,28
4248,1,5,18,1,3,12
4249,3,23,135,3,14,84
4250,3,9,35,1,6,21
4251,4,18,80,3,11,52
4252,1,4,13,1,2,8
4253,1,4,13,1,2,8
4254,3,9,35,1,6,21
4255,6,32,164,4,20,105
4256,2,12,62,2,9,40
4257,4,33,162,3,16,96
4258,4,22,123,3,15,78
4259,4,12,52,1,8,31
4260,2,11,57,2,8,38
4261,4,21,102,2,13,69
4262,1,4,13,1,2,8
4263,1,4,13,1,2,8
4264,1,8,38,1,4,22
4265,7,30,166,3,18,96
4266,1,8,38,1,4,22
4267,2,10,43,1,5,25
4268,1,3,13,1,2,7
4269,3,18,89,2,10,55
4270,1,5,21,1,3,13
4271,1,5,21,1,3,13
4272,1,3,11,1,2,7
4273,2,8,37,1,5,20
4274,5,26,121,3,13,68
4275,2,9,42,2,7,31
4276,2,8,39,2,7,29
4277,3,15,73,2,9,46
4278,1,4,19,1,3,12
4279,5,17,89,2,12,52
4280,4,17,77,2,9,44
4281,5,13,54,1,7,24
4282,1,5,22,1,3,12
4283,1,5,22,1,3,12
4284,7,19,104,1,11,45
4285,2,12,52,2,7,32
4286,3,7,27,1,5,16
4287,1,5,17,1,2,10
4288,1,5,17,1,2,10
4289,1,5,17,1,2,10
4290,2,6,23,2,6,18
4291,3,13,60,2,9,37
4292,4,14,66,2,10,40
4293,1,4,15,1,3,11
4294,1,4,15,1,3,10
4295,6,18,86,1,10,40
4296,2,12,55,2,8,35
4297,2,11,52,2,8,35
4298,3,10,42,1,6,24
4299,2,9,44,1,6,28
4300,1,3,12,1,2,8
4301,7,31,180,3,20,108
4302,4,12,52,1,7,30
4303,1,5,17,1,2,9
4304,1,5,17,1,2,9
4305,1,5,17,1,2,9
4306,3,23,131,3,13,82
4307,1,6,19,1,2,9
4308,1,6,19,1,2,9
4309,1,6,19,1,2,9
4310,1,6,19,1,2,9
4311,1,6,23,1,3,15
4312,1,6,23,1,3,15
4313,1,6,23,1,3,15
4314,1,5,23,1,4,19
4315,2,9,51,1,7,31
4316,1,3,12,1,2,9
4317,2,8,41,2,7,30
4318,3,21,115,3,14,80
4319,4,21,116,3,16,83
4320,1,4,14,1,2,8
4321,1,4,14,1,2,8
4322,6,20,87,2,10,44
4323,3,13,54,2,8,34
4324,3,10,44,1,6,23
4325,1,4,14,1,2,8
4326,1,4,14,1,2,8
4327,1,4,17,1,3,12
4328,1,4,11,1,2,7
4329,1,4,11,1,2,7
4330,1,6,27,1,3,16
4331,1,6,27,1,3,16
4332,4,21,105,3,12,60
4333,3,9,38,1,6,22
4334,1,5,26,1,4,16
4335,5,15,59,1,7,25
4336,1,7,27,1,3,13
4337,1,7,27,1,3,13
4338,1,7,27,1,3,13
4339,1,7,27,1,3,13
4340,1,4,13,1,2,8
4341,1,4,13,1,2,8
4342,1,3,8,1,2,6
4343,1,4,22,1,3,13
4344,6,19,98,1,10,45
4345,3,9,40,1,6,23
4346,1,8,39,1,4,24
4347,1,8,39,1,4,24
4348,1,8,39,1,4,24
4349,1,8,39,1,4,24
4350,4,12,53,1,7,26
4351,1,5,17,1,2,9
4352,1,5,17,1,2,9
4353,1,5,17,1,2,9
4354,1,10,50,1,5,33
4355,1,10,50,1,5,33
4356,1,5,26,1,3,16
4357,1,7,26,1,2,12
4358,1,7,26,1,2,12
4359,1,7,26,1,2,12
4360,1,7,26,1,2,12
4361,1,7,26,1,2,12
4362,1,5,19,1,3,13
4363,1,5,19,1,3,13
4364,1,8,45,1,4,26
4365,1,7,25,1,2,12
4366,1,7,25,1,2,12
4367,1,7,25,1,2,12
4368,1,7,25,1,2,12
4369,1,7,25,1,2,12
4370,1,6,21,1,2,9
4371,1,6,21,1,2,9
4372,1,6,21,1,2,9
4373,1,6,21,1,2,9
4374,3,8,29,1,5,17
4375,3,12,57,1,6,32
4376,1,7,40,1,4,23
4377,1,8,27,1,2,13
4378,1,8,27,1,2,13
4379,1,8,27,1,2,13
4380,1,8,27,1,2,13
4381,1,8,27,1,2,13
4382,1,8,27,1,2,13
4383,1,3,11,1,2,8
4384,1,4,14,1,2,7
4385,1,4,14,1,2,7
4386,1,3,10,1,2,7
4387,1,4,12,1,2,7
4388,1,4,12,1,2,7
4389,1,6,20,1,3,11
4390,1,6,20,1,3,11
4391,1,6,20,1,3,11
4392,4,12,41,1,6,20
4393,1,4,13,1,2,8
4394,1,4,13,1,2,8
4395,1,5,17,1,2,8
4396,1,5,17,1,2,8
4397,1,5,17,1,2,8
4398,1,4,11,1,2,7
4399,1,4,11,1,2,7
4400,1,4,16,1,2,8
4401,1,4,16,1,2,8
4402,1,4,14,1,3,10
4403,5,33,240,4,23,169
4404,9,63,525,5,45,344
4405,4,36,291,4,25,201
4406,1,6,39,1,5,28
4407,10,75,600,6,52,416
4408,4,27,182,3,19,128
4409,2,15,92,2,8,61
4410,3,10,57,2,9,37
4411,10,67,552,4,44,343
4412,2,9,45,2,7,31
4413,4,26,157,3,15,103
4414,1,9,79,1,7,55
4415,8,70,593,6,48,418
4416,3,23,141,3,13,93
4417,11,88,790,6,65,537
4418,6,52,465,5,37,326
4419,9,103,875,8,61,583
4420,6,45,356,4,30,240
4421,7,74,676,6,51,455
4422,11,105,933,7,71,633
4423,4,39,335,4,27,240
4424,9,62,515,5,42,342
4425,6,62,552,6,42,387
4426,2,19,152,2,12,107
4427,10,77,676,6,54,469
4428,7,64,559,6,45,397
4429,7,59,435,6,38,293
4430,3,21,153,2,15,104
4431,7,41,290,4,27,183
4432,10,59,448,5,43,295
4433,6,51,389,5,35,264
4434,11,97,824,7,63,532
4435,1,7,59,1,6,43
4436,14,115,1011,7,74,653
4437,10,75,694,5,50,430
4438,11,88,784,6,59,495
4439,2,16,123,2,11,84
4440,4,30,224,3,19,156
4441,1,10,73,1,6,51
4442,1,7,52,1,5,35
4443,8,61,490,5,42,341
4444,6,55,440,5,36,307
4445,6,58,470,5,36,311
4446,7,54,423,5,37,285
4447,6,35,242,4,25,171
4448,2,18,135,2,12,94
4449,4,42,335,3,23,218
4450,3,15,122,2,12,77
4451,6,53,471,5,39,332
4452,11,94,813,6,67,565
4453,11,91,769,6,64,535
4454,6,60,537,6,42,376
4455,2,26,216,2,14,138
4456,2,18,147,2,11,93
4457,2,26,216,2,14,138
4458,2,14,99,2,8,63
4459,3,21,133,2,11,85
4460,2,22,164,2,11,105
4461,1,4,25,1,3,14
4462,1,11,88,1,7,61
4463,1,4,23,1,3,14
4464,3,19,113,2,11,77
4465,5,31,200,3,20,134
4466,4,23,176,3,17,125
4467,3,14,96,2,10,59
4468,5,40,307,3,24,202
4469,2,16,118,2,10,79
4470,2,12,74,2,9,53
4471,2,11,83,2,9,59
4472,1,8,49,1,5,32
4473,3,24,164,3,16,113
4474,6,50,390,5,34,263
4475,6,41,294,4,28,197
4476,8,77,607,6,48,403
4477,4,26,162,3,16,111
4478,1,11,70,1,6,49
4479,2,23,186,2,13,122
4480,3,25,184,3,17,128
4481,3,25,184,3,17,128
4482,1,7,51,1,6,37
4483,6,44,331,5,31,229
4484,2,10,58,2,8,42
4485,1,4,14,1,3,11
4486,1,5,31,1,4,20
4487,2,7,32,2,6,26
4488,1,10,72,1,6,48
4489,1,10,72,1,6,48
4490,1,12,109,1,8,71
4491,1,6,46,1,4,28
4492,1,7,42,1,5,30
4493,1,5,23,1,4,18
4494,4,18,81,3,14,64
4495,4,21,92,4,16,74
4496,4,18,81,3,15,64
4497,2,5,17,1,4,12
4498,1,3,8,1,2,6
4499,2,9,33,2,6,25
4500,1,3,9,1,2,6
4501,2,5,16,1,4,12
4502,1,3,8,1,2,6
4503,2,8,31,2,6,25
4504,1,3,9,1,2,6
4505,1,6,25,1,4,19
4506,4,16,75,3,14,59
4507,4,16,72,3,13,58
4508,1,5,21,1,4,18
4509,1,5,21,1,4,17
4510,1,8,52,1,4,23
4511,1,5,17,1,3,11
4512,1,5,17,1,3,11
4513,1,4,27,1,2,9
4514,3,23,101,1,7,49
4515,1,4,27,1,2,9
4516,1,4,27,1,2,9
4517,3,23,101,1,7,49
4518,1,4,27,1,2,9
4519,1,19,89,1,5,43
4520,1,19,89,1,5,43
4521,1,19,89,1,5,43
4522,1,19,89,1,5,43
4523,1,7,32,1,3,17
4524,2,12,43,2,6,30
4525,7,22,107,2,16,59
4526,3,9,36,2,8,26
4527,2,11,41,2,6,28
4528,2,8,33,2,6,21
4529,5,21,92,3,13,59
4530,3,10,39,1,6,23
4531,6,29,125,3,17,76
4532,3,12,48,2,8,31
4533,1,6,27,1,4,17
4534,3,9,33,2,7,24
4535,2,9,32,2,6,23
4536,3,11,36,2,8,28
4537,1,4,13,1,3,10
4538,2,7,22,2,5,17
4539,2,5,15,1,4,11
4540,3,10,34,2,8,26
4541,1,3,9,1,2,6
4542,2,6,17,1,4,12
4543,5,20,97,3,15,66
4544,4,28,137,4,17,95
4545,4,17,71,2,12,50
4546,3,12,46,2,8,33
4547,2,10,39,2,7,29
4548,2,10,41,2,7,31
4549,7,27,139,3,19,89
4550,1,3,8,1,2,6
4551,3,18,77,3,11,58
4552,4,19,83,3,12,59
4553,5,16,83,2,12,49
4554,4,17,83,3,15,62
4555,2,10,45,2,6,28
4556,2,11,42,2,6,28
4557,2,9,40,2,6,27
4558,3,10,37,2,7,27
4559,3,13,57,2,9,37
4560,1,4,14,1,3,10
4561,2,10,36,2,6,25
4562,2,7,26,2,6,21
4563,3,10,36,2,8,29
4564,2,9,36,2,7,26
4565,2,12,43,2,6,29
4566,2,11,39,2,6,28
4567,2,13,47,2,6,31
4568,3,10,38,2,9,32
4569,3,13,50,3,11,43
4570,2,8,29,2,6,24
4571,2,7,23,2,6,21
4572,4,15,59,3,12,46
4573,3,12,48,3,11,40
4574,2,8,27,2,6,21
4575,2,7,24,2,6,19
4576,4,12,44,2,9,31
4577,2,7,23,2,6,19
4578,2,6,21,2,6,18
4579,2,10,33,2,6,24
4580,5,13,54,2,10,34
4581,3,10,37,2,8,26
4582,3,13,53,2,9,38
4583,1,6,21,1,3,14
4584,2,9,30,2,6,23
4585,2,9,31,2,6,23
4586,2,9,41,2,7,28
4587,4,15,61,2,10,39
4588,2,9,36,2,6,24
4589,3,12,42,2,7,28
4590,1,5,20,1,3,13
4591,2,6,19,2,6,18
4592,2,7,27,2,6,21
4593,2,6,20,2,6,18
4594,2,8,27,2,6,23
4595,3,10,39,2,9,31
4596,3,9,34,2,7,23
4597,3,11,40,2,8,31
4598,3,11,42,2,9,33
4599,3,12,46,3,10,38
4600,2,6,20,1,4,14
4601,2,9,29,2,6,22
4602,2,7,24,2,6,18
4603,3,8,25,2,6,19
4604,1,6,19,1,3,13
4605,1,6,19,1,3,13
4606,1,4,13,1,3,10
4607,3,9,32,2,7,24
4608,3,9,31,2,7,23
4609,2,9,34,2,6,23
4610,4,15,60,2,9,35
4611,3,10,35,2,8,27
4612,2,7,25,2,6,21
4613,3,12,47,2,9,34
4614,2,6,19,2,6,18
4615,2,8,28,2,6,22
4616,4,16,64,3,11,47
4617,2,10,41,2,6,27
4618,2,8,31,2,6,24
4619,3,9,31,2,7,23
4620,2,8,27,2,6,23
4621,4,13,57,2,11,41
4622,4,14,54,2,9,36
4623,4,14,53,2,9,34
4624,3,13,51,2,9,36
4625,1,5,19,1,3,12
4626,3,9,34,2,8,27
4627,1,4,13,1,3,11
4628,3,12,47,3,10,38
4629,2,9,29,2,6,23
4630,2,7,25,2,6,19
4631,3,9,30,2,7,24
4632,3,11,42,2,8,28
4633,2,8,30,2,6,23
4634,4,13,49,2,8,31
4635,2,10,38,2,6,25
4636,3,11,46,2,9,33
4637,3,12,44,2,7,29
4638,1,5,19,1,3,12
4639,2,8,29,2,6,21
4640,2,12,44,2,7,28
4641,8,23,115,3,15,61
4642,2,9,34,2,6,22
4643,1,9,32,1,4,19
4644,3,14,50,2,8,32
4645,3,16,58,2,8,35
4646,3,14,47,2,7,29
4647,1,9,32,1,4,19
4648,1,9,32,1,4,19
4649,1,9,32,1,4,19
4650,2,7,25,1,4,15
4651,2,8,27,2,6,21
4652,2,7,24,2,6,19
4653,4,12,50,2,9,31
4654,2,9,30,2,6,24
4655,4,11,43,2,9,30
4656,2,9,34,2,6,24
4657,5,18,77,2,12,49
4658,1,4,14,1,2,8
4659,1,4,14,1,2,8
4660,1,4,13,1,3,10
4661,3,9,31,2,7,24
4662,2,6,24,2,6,18
4663,3,11,44,2,8,30
4664,3,13,57,2,8,36
4665,1,4,15,1,3,11
4666,3,14,60,2,9,40
4667,6,26,130,3,17,82
4668,3,13,57,2,8,37
4669,5,17,75,3,13,51
4670,3,16,65,2,9,43
4671,1,6,23,1,4,17
4672,2,9,31,2,6,23
4673,3,12,47,2,8,32
4674,4,19,86,3,13,60
4675,3,12,51,2,9,36
4676,4,20,89,3,14,65
4677,5,13,52,2,9,31
4678,3,12,41,2,7,26
4679,1,6,19,1,3,12
4680,1,6,19,1,3,12
4681,1,6,19,1,3,12
4682,3,7,22,1,5,14
4683,2,7,21,2,5,16
4684,1,4,11,1,2,7
4685,1,4,11,1,2,7
4686,1,4,14,1,3,11
4687,2,6,25,1,4,15
4688,3,11,46,2,9,34
4689,2,9,36,2,7,27
4690,1,5,16,1,3,12
4691,3,8,30,2,7,23
4692,2,6,18,1,4,12
4693,3,9,29,2,6,21
4694,1,3,9,1,2,6
4695,1,4,13,1,3,9
4696,2,6,19,2,6,18
4697,2,6,22,2,6,18
4698,2,7,23,2,6,20
4699,3,17,82,3,11,54
4700,3,11,48,2,9,36
4701,2,7,24,2,6,20
4702,1,5,18,1,3,11
4703,1,5,18,1,3,11
4704,2,9,34,2,6,23
4705,2,8,29,2,6,22
4706,3,11,40,2,8,30
4707,2,9,31,2,6,24
4708,1,4,12,1,3,10
4709,2,9,36,2,6,25
4710,3,11,38,2,7,26
4711,1,4,13,1,3,10
4712,1,5,17,1,3,12
4713,2,8,27,2,6,21
4714,2,8,30,2,6,24
4715,5,17,81,2,11,47
4716,3,17,73,3,10,46
4717,1,6,23,1,3,14
4718,1,6,23,1,3,14
4719,1,6,23,1,3,14
4720,3,10,45,2,8,29
4721,2,7,26,2,6,20
4722,3,13,50,2,8,34
4723,2,11,46,2,7,31
4724,3,9,34,2,7,24
4725,2,11,46,2,6,28
4726,3,12,45,2,8,31
4727,3,10,35,1,5,20
4728,1,5,30,1,4,18
4729,1,6,22,1,3,15
4730,1,6,22,1,3,15
4731,2,12,48,2,6,33
4732,4,14,63,2,9,38
4733,2,8,31,2,6,23
4734,1,4,16,1,3,11
4735,2,6,20,1,4,13
4736,1,3,9,1,2,6
4737,1,4,13,1,3,10
4738,3,12,46,2,8,32
4739,2,9,33,2,7,26
4740,2,7,23,2,6,20
4741,2,6,23,1,4,14
4742,1,3,9,1,2,6
4743,3,14,58,2,8,37
4744,1,4,18,1,3,11
4745,1,4,17,1,3,11
4746,1,5,19,1,3,12
4747,3,14,59,2,8,37
4748,1,4,16,1,3,11
4749,3,10,35,2,7,25
4750,4,17,77,3,12,55
4751,2,7,27,2,6,21
4752,3,17,83,3,12,59
4753,2,10,41,2,7,29
4754,2,8,29,1,4,18
4755,1,3,11,1,2,6
4756,2,10,35,2,6,26
4757,3,9,34,2,7,23
4758,2,6,21,1,4,13
4759,1,4,14,1,3,10
4760,1,4,20,1,3,11
4761,2,8,29,2,6,21
4762,2,6,21,1,4,14
4763,5,18,79,2,12,49
4764,1,3,10,1,2,6
4765,2,7,22,1,4,15
4766,2,7,25,2,6,20
4767,1,4,13,1,3,10
4768,4,14,56,2,10,38
4769,1,4,14,1,3,11
4770,2,6,23,1,4,14
4771,1,3,9,1,2,6
4772,1,4,12,1,3,9
4773,4,16,71,2,12,48
4774,2,12,52,2,7,36
4775,2,10,38,2,7,27
4776,1,4,13,1,3,10
4777,2,7,25,2,5,17
4778,2,7,26,2,6,20
4779,2,5,17,1,4,12
4780,1,4,17,1,3,11
4781,2,6,21,1,4,13
4782,1,3,9,1,2,6
4783,1,4,13,1,3,10
4784,2,10,40,2,6,25
4785,1,4,16,1,3,10
4786,1,4,16,1,3,11
4787,1,5,20,1,3,12
4788,2,9,34,2,6,24
4789,2,6,23,1,4,13
4790,1,3,9,1,2,6
4791,1,4,18,1,3,10
4792,3,11,38,2,8,30
4793,2,6,21,2,6,18
4794,2,6,18,2,6,18
4795,2,9,35,2,6,23
4796,2,6,21,2,6,18
4797,2,6,18,2,6,18
4798,2,9,33,2,6,24
4799,2,7,24,2,6,21
4800,2,6,19,2,6,18
4801,2,6,18,2,6,18
4802,2,6,19,2,6,18
4803,5,20,80,2,11,50
4804,5,18,78,2,12,47
4805,2,9,38,2,6,23
4806,1,6,26,1,3,14
4807,2,9,36,2,6,24
4808,2,6,18,2,6,18
4809,2,6,18,2,6,18
4810,2,6,18,2,6,18
4811,2,13,47,2,6,30
4812,6,16,77,2,12,42
4813,2,7,24,2,6,21
4814,2,13,45,2,6,31
4815,5,16,74,2,13,46
4816,2,9,33,2,6,24
4817,2,6,25,2,6,18
4818,2,6,20,2,6,18
4819,2,6,18,2,6,18
4820,2,8,30,2,6,24
4821,2,10,32,2,6,24
4822,3,15,55,3,8,39
4823,3,8,31,1,6,18
4824,2,11,39,2,6,28
4825,3,12,61,2,10,39
4826,3,11,46,2,8,31
4827,1,4,15,1,3,11
4828,3,11,46,2,8,31
4829,1,7,23,1,3,15
4830,1,7,23,1,3,15
4831,2,9,36,2,6,24
4832,2,9,34,2,6,25
4833,2,6,18,2,6,18
4834,2,9,33,2,6,24
4835,1,6,24,1,3,15
4836,2,6,21,2,6,18
4837,2,9,31,2,6,25
4838,2,8,30,2,6,24
4839,2,6,21,2,6,18
4840,2,6,20,2,6,18
4841,1,4,12,1,2,8
4842,1,4,12,1,2,8
4843,1,4,14,1,2,7
4844,1,4,14,1,2,7
4845,1,3,10,1,2,6
4846,2,6,18,1,4,13
4847,1,3,9,1,2,6
4848,2,5,15,1,4,11
4849,1,3,8,1,2,6
4850,1,4,15,1,3,11
4851,1,3,9,1,2,6
4852,1,3,9,1,2,6
4853,2,6,20,1,4,14
4854,3,9,33,2,7,25
4855,1,3,9,1,2,6
4856,1,4,13,1,3,10
4857,1,3,9,1,2,6
4858,1,3,8,1,2,6
4859,1,3,9,1,2,6
4860,1,5,19,1,3,12
4861,3,14,65,3,12,50
4862,3,14,59,3,11,48
4863,2,9,42,2,7,31
4864,3,13,53,2,10,41
4865,3,12,51,3,10,39
4866,4,17,73,3,12,55
4867,3,15,66,3,12,56
4868,2,7,23,2,6,21
4869,2,6,20,2,6,18
4870,3,10,36,2,9,31
4871,3,10,43,2,8,29
4872,3,20,76,3,11,53
4873,1,4,14,1,3,11
4874,3,9,33,2,7,24
4875,1,6,24,1,4,19
4876,5,18,81,3,15,62
4877,3,9,39,2,8,27
4878,2,14,51,2,7,35
4879,2,9,31,2,6,24
4880,2,7,22,2,6,20
4881,2,6,19,2,6,18
4882,2,6,20,2,6,18
4883,4,17,71,2,10,47
4884,1,5,22,1,3,13
4885,1,5,22,1,3,13
4886,1,5,22,1,4,16
4887,4,17,77,3,14,60
4888,1,6,24,1,4,18
4889,5,18,88,3,14,59
4890,3,14,55,2,9,39
4891,3,15,59,3,11,48
4892,3,11,36,2,7,26
4893,2,11,38,2,6,25
4894,2,9,31,2,6,22
4895,2,6,21,2,6,18
4896,2,9,34,2,6,25
4897,2,7,27,2,6,21
4898,3,10,33,2,7,25
4899,1,4,14,1,3,11
4900,2,8,29,2,6,21
4901,2,9,36,2,6,25
4902,1,5,17,1,3,12
4903,1,4,14,1,3,10
4904,2,7,31,2,6,21
4905,2,9,33,2,7,26
4906,3,18,70,3,10,49
4907,1,8,35,1,4,23
4908,1,8,35,1,4,23
4909,3,14,57,2,9,41
4910,2,7,22,2,6,20
4911,3,9,35,2,8,28
4912,2,6,20,2,6,18
4913,4,13,52,2,10,37
4914,2,8,27,2,6,22
4915,2,8,30,2,6,22
4916,2,10,43,2,6,28
4917,2,13,48,2,7,33
4918,1,10,38,1,4,24
4919,3,16,58,2,9,41
4920,1,4,13,1,3,11
4921,3,16,67,3,12,54
4922,1,4,18,1,3,12
4923,2,7,23,2,6,21
4924,4,13,51,2,9,34
4925,2,8,28,2,6,21
4926,2,7,23,1,4,15
4927,2,7,26,2,6,19
4928,1,4,15,1,3,10
4929,2,7,36,2,6,22
4930,1,3,10,1,2,6
4931,1,4,13,1,3,10
4932,2,7,29,2,6,21
4933,2,7,22,2,5,18
4934,2,5,15,1,4,11
4935,1,4,11,1,2,7
4936,2,7,20,2,5,16
4937,2,7,22,2,6,20
4938,2,6,20,2,6,17
4939,2,7,22,2,6,20
4940,2,6,20,2,6,18
4941,1,3,8,1,2,6
